ISO-10303-21;
HEADER;
FILE_DESCRIPTION(('STEP AP242'),'1');
FILE_NAME('0022284144.stp','2026-05-17T17:34:57',('TraceParts'),('TraceParts S.A.S.'),'Spatial InterOp 3D',' ',' ');
FILE_SCHEMA(('AP242_MANAGED_MODEL_BASED_3D_ENGINEERING_MIM_LF  {1 0 10303 442 1 1 4}'));
ENDSEC;
DATA;
#1=PRODUCT_DEFINITION_CONTEXT('',#10,'design');
#2=APPLICATION_PROTOCOL_DEFINITION('INTERNATIONAL STANDARD','ap242_managed_model_based_3d_engineering',2014,#10);
#3=PRODUCT_CATEGORY_RELATIONSHIP('NONE','NONE',#11,#12);
#4=SHAPE_DEFINITION_REPRESENTATION(#13,#14);
#5=SHAPE_DEFINITION_REPRESENTATION(#13,#15);
#6= (GEOMETRIC_REPRESENTATION_CONTEXT(3)GLOBAL_UNCERTAINTY_ASSIGNED_CONTEXT((#18))GLOBAL_UNIT_ASSIGNED_CONTEXT((#20,#21,#22))REPRESENTATION_CONTEXT('NONE','WORKSPACE'));
#10=APPLICATION_CONTEXT('managed model based 3d engineering');
#11=PRODUCT_CATEGORY('part','NONE');
#12=PRODUCT_RELATED_PRODUCT_CATEGORY('detail',' ',(#24));
#13=PRODUCT_DEFINITION_SHAPE('NONE','NONE',#25);
#14=ADVANCED_BREP_SHAPE_REPRESENTATION('1',(#26,#27),#6);
#15=GEOMETRICALLY_BOUNDED_SURFACE_SHAPE_REPRESENTATION('2',(#28,#29),#6);
#18=UNCERTAINTY_MEASURE_WITH_UNIT(LENGTH_MEASURE(1.0E-06),#20,'','');
#20= (CONVERSION_BASED_UNIT('MILLIMETRE',#32)LENGTH_UNIT()NAMED_UNIT(#35));
#21= (NAMED_UNIT(#37)PLANE_ANGLE_UNIT()SI_UNIT($,.RADIAN.));
#22= (NAMED_UNIT(#37)SOLID_ANGLE_UNIT()SI_UNIT($,.STERADIAN.));
#24=PRODUCT('1','','PART--DESC',(#43));
#25=PRODUCT_DEFINITION('','NONE',#44,#1);
#26=MANIFOLD_SOLID_BREP('1',#45);
#27=AXIS2_PLACEMENT_3D('',#46,#47,#48);
#28=GEOMETRIC_SET('2',(#49,#50,#51,#52,#53,#54,#55,#56,#57,#58,#59,#60,#61,#62));
#29=AXIS2_PLACEMENT_3D('',#63,#64,#65);
#32=LENGTH_MEASURE_WITH_UNIT(LENGTH_MEASURE(1.0),#66);
#35=DIMENSIONAL_EXPONENTS(1.0,0.0,0.0,0.0,0.0,0.0,0.0);
#37=DIMENSIONAL_EXPONENTS(0.0,0.0,0.0,0.0,0.0,0.0,0.0);
#43=PRODUCT_CONTEXT('',#10,'mechanical');
#44=PRODUCT_DEFINITION_FORMATION_WITH_SPECIFIED_SOURCE(' ','NONE',#24,.NOT_KNOWN.);
#45=CLOSED_SHELL('',(#67,#68,#69,#70,#71,#72,#73,#74,#75,#76,#77,#78,#79,#80,#81,#82,#83,#84,#85,#86,#87,#88,#89,#90,#91,#92,#93,#94,#95,#96,#97,#98,#99,#100,#101,#102,#103,#104,#105,#106,#107,#108,#109,#110,#111,#112,#113,#114,#115,#116,#117,#118,#119,#120,#121,#122,#123,#124,#125,#126,#127,#128,#129,#130,#131,#132,#133,#134,#135,#136,#137,#138,#139,#140,#141,#142,#143,#144,#145,#146,#147,#148,#149,#150,#151,#152,#153,#154,#155,#156,#157,#158,#159,#160,#161,#162,#163,#164,#165,#166,#167,#168,#169,#170,#171,#172,#173,#174,#175,#176,#177,#178,#179,#180,#181,#182,#183,#184,#185,#186,#187,#188,#189,#190,#191,#192,#193,#194,#195,#196,#197,#198,#199,#200,#201,#202,#203,#204,#205,#206,#207,#208,#209,#210,#211,#212,#213,#214,#215,#216,#217,#218,#219,#220,#221,#222,#223,#224,#225,#226,#227,#228,#229,#230,#231,#232,#233,#234,#235,#236,#237,#238,#239,#240,#241,#242,#243,#244,#245,#246,#247,#248,#249,#250,#251,#252,#253,#254,#255,#256,#257,#258,#259,#260,#261,#262,#263,#264,#265,#266,#267,#268,#269,#270,#271,#272,#273,#274,#275,#276,#277,#278,#279,#280,#281,#282,#283,#284,#285,#286,#287,#288,#289,#290,#291,#292,#293,#294,#295,#296,#297,#298,#299,#300,#301,#302,#303,#304,#305,#306,#307,#308,#309,#310,#311,#312,#313,#314,#315,#316,#317,#318,#319,#320,#321,#322,#323,#324,#325,#326,#327,#328,#329,#330,#331,#332,#333,#334,#335,#336,#337,#338,#339,#340,#341,#342,#343,#344,#345,#346,#347,#348,#349,#350,#351,#352,#353,#354,#355,#356,#357,#358,#359,#360,#361,#362,#363,#364,#365,#366,#367,#368,#369,#370,#371,#372,#373,#374,#375,#376,#377,#378,#379,#380,#381,#382,#383,#384,#385,#386,#387,#388,#389,#390,#391,#392,#393,#394,#395,#396,#397,#398,#399,#400,#401,#402,#403,#404,#405,#406,#407,#408,#409,#410,#411,#412,#413,#414,#415,#416,#417,#418,#419,#420,#421,#422,#423,#424,#425,#426,#427,#428,#429,#430,#431,#432,#433,#434,#435,#436,#437,#438,#439,#440,#441,#442,#443,#444,#445,#446,#447,#448,#449,#450,#451,#452,#453,#454,#455,#456,#457,#458,#459,#460,#461,#462,#463,#464,#465,#466,#467,#468,#469,#470,#471,#472,#473,#474,#475,#476,#477,#478,#479,#480,#481,#482,#483,#484,#485,#486,#487,#488,#489,#490,#491,#492,#493,#494,#495,#496,#497,#498,#499,#500,#501,#502,#503,#504,#505,#506,#507,#508,#509,#510,#511,#512,#513,#514,#515,#516,#517,#518,#519,#520,#521,#522,#523,#524,#525,#526,#527,#528,#529,#530,#531,#532,#533,#534,#535,#536,#537,#538,#539,#540,#541,#542,#543,#544,#545,#546,#547,#548,#549,#550,#551,#552,#553,#554,#555,#556,#557,#558,#559,#560,#561,#562,#563,#564,#565,#566,#567,#568,#569,#570,#571,#572,#573,#574,#575,#576,#577,#578,#579,#580,#581,#582,#583,#584,#585,#586,#587,#588,#589,#590,#591,#592,#593,#594,#595,#596,#597,#598,#599,#600,#601,#602,#603,#604,#605,#606,#607,#608,#609,#610,#611,#612,#613,#614,#615,#616,#617,#618,#619,#620,#621,#622,#623,#624,#625,#626,#627,#628,#629,#630,#631,#632,#633,#634,#635,#636,#637,#638,#639,#640,#641,#642,#643,#644,#645,#646,#647,#648,#649,#650,#651,#652,#653,#654,#655,#656,#657,#658,#659,#660,#661,#662,#663,#664,#665,#666,#667,#668,#669,#670,#671,#672,#673,#674,#675,#676,#677,#678,#679,#680,#681,#682,#683,#684,#685,#686,#687,#688,#689,#690,#691,#692,#693,#694,#695,#696,#697,#698,#699,#700,#701,#702,#703,#704,#705,#706,#707,#708,#709,#710,#711,#712,#713,#714,#715,#716,#717,#718,#719,#720,#721,#722,#723,#724,#725,#726,#727,#728,#729,#730,#731,#732,#733,#734,#735,#736,#737,#738,#739,#740,#741,#742,#743,#744,#745,#746,#747,#748,#749,#750,#751,#752,#753,#754,#755,#756,#757,#758,#759,#760,#761,#762,#763,#764,#765,#766,#767,#768,#769,#770,#771,#772,#773,#774,#775,#776,#777,#778,#779,#780,#781,#782,#783,#784,#785,#786,#787,#788,#789,#790,#791,#792,#793,#794,#795,#796,#797,#798,#799,#800,#801,#802,#803,#804,#805,#806,#807,#808,#809,#810,#811,#812,#813,#814,#815,#816,#817,#818,#819,#820,#821,#822,#823,#824,#825,#826,#827,#828,#829,#830,#831,#832,#833,#834));
#46=CARTESIAN_POINT('',(0.0,0.0,0.0));
#47=DIRECTION('',(0.0,0.0,1.0));
#48=DIRECTION('',(1.0,0.0,0.0));
#49=COMPOSITE_CURVE('',(#835,#836),.U.);
#50=COMPOSITE_CURVE('',(#837,#838),.U.);
#51=COMPOSITE_CURVE('',(#839,#840),.U.);
#52=COMPOSITE_CURVE('',(#841,#842),.U.);
#53=COMPOSITE_CURVE('',(#843,#844),.U.);
#54=COMPOSITE_CURVE('',(#845,#846),.U.);
#55=COMPOSITE_CURVE('',(#847,#848),.U.);
#56=COMPOSITE_CURVE('',(#849,#850),.U.);
#57=COMPOSITE_CURVE('',(#851,#852),.U.);
#58=COMPOSITE_CURVE('',(#853,#854),.U.);
#59=COMPOSITE_CURVE('',(#855,#856),.U.);
#60=COMPOSITE_CURVE('',(#857,#858),.U.);
#61=COMPOSITE_CURVE('',(#859,#860),.U.);
#62=COMPOSITE_CURVE('',(#861,#862),.U.);
#63=CARTESIAN_POINT('',(0.0,0.0,0.0));
#64=DIRECTION('',(0.0,0.0,1.0));
#65=DIRECTION('',(1.0,0.0,0.0));
#66= (NAMED_UNIT(#35)LENGTH_UNIT()SI_UNIT(.MILLI.,.METRE.));
#67=ADVANCED_FACE('',(#864),#865,.F.);
#68=ADVANCED_FACE('',(#866),#867,.F.);
#69=ADVANCED_FACE('',(#868),#869,.F.);
#70=ADVANCED_FACE('',(#870),#871,.F.);
#71=ADVANCED_FACE('',(#872),#873,.F.);
#72=ADVANCED_FACE('',(#874),#875,.F.);
#73=ADVANCED_FACE('',(#876),#877,.F.);
#74=ADVANCED_FACE('',(#878),#879,.F.);
#75=ADVANCED_FACE('',(#880),#881,.F.);
#76=ADVANCED_FACE('',(#882),#883,.F.);
#77=ADVANCED_FACE('',(#884),#885,.F.);
#78=ADVANCED_FACE('',(#886),#887,.F.);
#79=ADVANCED_FACE('',(#888),#889,.F.);
#80=ADVANCED_FACE('',(#890),#891,.F.);
#81=ADVANCED_FACE('',(#892),#893,.F.);
#82=ADVANCED_FACE('',(#894),#895,.F.);
#83=ADVANCED_FACE('',(#896),#897,.F.);
#84=ADVANCED_FACE('',(#898),#899,.F.);
#85=ADVANCED_FACE('',(#900),#901,.F.);
#86=ADVANCED_FACE('',(#902),#903,.F.);
#87=ADVANCED_FACE('',(#904),#905,.F.);
#88=ADVANCED_FACE('',(#906),#907,.F.);
#89=ADVANCED_FACE('',(#908),#909,.F.);
#90=ADVANCED_FACE('',(#910),#911,.F.);
#91=ADVANCED_FACE('',(#912),#913,.F.);
#92=ADVANCED_FACE('',(#914),#915,.F.);
#93=ADVANCED_FACE('',(#916),#917,.F.);
#94=ADVANCED_FACE('',(#918),#919,.F.);
#95=ADVANCED_FACE('',(#920),#921,.F.);
#96=ADVANCED_FACE('',(#922),#923,.F.);
#97=ADVANCED_FACE('',(#924,#925,#926,#927,#928,#929,#930,#931,#932,#933,#934,#935,#936,#937,#938,#939,#940,#941,#942,#943,#944,#945,#946,#947,#948,#949,#950,#951,#952,#953,#954,#955,#956,#957,#958,#959,#960,#961,#962,#963,#964),#965,.T.);
#98=ADVANCED_FACE('',(#966),#967,.T.);
#99=ADVANCED_FACE('',(#968),#969,.T.);
#100=ADVANCED_FACE('',(#970),#971,.T.);
#101=ADVANCED_FACE('',(#972),#973,.T.);
#102=ADVANCED_FACE('',(#974),#975,.T.);
#103=ADVANCED_FACE('',(#976),#977,.T.);
#104=ADVANCED_FACE('',(#978),#979,.T.);
#105=ADVANCED_FACE('',(#980),#981,.T.);
#106=ADVANCED_FACE('',(#982),#983,.T.);
#107=ADVANCED_FACE('',(#984),#985,.T.);
#108=ADVANCED_FACE('',(#986),#987,.T.);
#109=ADVANCED_FACE('',(#988),#989,.T.);
#110=ADVANCED_FACE('',(#990),#991,.T.);
#111=ADVANCED_FACE('',(#992),#993,.T.);
#112=ADVANCED_FACE('',(#994),#995,.T.);
#113=ADVANCED_FACE('',(#996),#997,.T.);
#114=ADVANCED_FACE('',(#998),#999,.T.);
#115=ADVANCED_FACE('',(#1000),#1001,.T.);
#116=ADVANCED_FACE('',(#1002),#1003,.T.);
#117=ADVANCED_FACE('',(#1004),#1005,.T.);
#118=ADVANCED_FACE('',(#1006),#1007,.T.);
#119=ADVANCED_FACE('',(#1008),#1009,.T.);
#120=ADVANCED_FACE('',(#1010),#1011,.T.);
#121=ADVANCED_FACE('',(#1012),#1013,.T.);
#122=ADVANCED_FACE('',(#1014),#1015,.T.);
#123=ADVANCED_FACE('',(#1016),#1017,.T.);
#124=ADVANCED_FACE('',(#1018),#1019,.T.);
#125=ADVANCED_FACE('',(#1020),#1021,.T.);
#126=ADVANCED_FACE('',(#1022),#1023,.F.);
#127=ADVANCED_FACE('',(#1024),#1025,.T.);
#128=ADVANCED_FACE('',(#1026),#1027,.T.);
#129=ADVANCED_FACE('',(#1028),#1029,.T.);
#130=ADVANCED_FACE('',(#1030),#1031,.T.);
#131=ADVANCED_FACE('',(#1032),#1033,.T.);
#132=ADVANCED_FACE('',(#1034),#1035,.T.);
#133=ADVANCED_FACE('',(#1036),#1037,.T.);
#134=ADVANCED_FACE('',(#1038),#1039,.T.);
#135=ADVANCED_FACE('',(#1040),#1041,.T.);
#136=ADVANCED_FACE('',(#1042),#1043,.T.);
#137=ADVANCED_FACE('',(#1044),#1045,.T.);
#138=ADVANCED_FACE('',(#1046),#1047,.T.);
#139=ADVANCED_FACE('',(#1048),#1049,.T.);
#140=ADVANCED_FACE('',(#1050),#1051,.T.);
#141=ADVANCED_FACE('',(#1052),#1053,.T.);
#142=ADVANCED_FACE('',(#1054),#1055,.T.);
#143=ADVANCED_FACE('',(#1056),#1057,.T.);
#144=ADVANCED_FACE('',(#1058),#1059,.T.);
#145=ADVANCED_FACE('',(#1060),#1061,.T.);
#146=ADVANCED_FACE('',(#1062),#1063,.T.);
#147=ADVANCED_FACE('',(#1064),#1065,.T.);
#148=ADVANCED_FACE('',(#1066),#1067,.T.);
#149=ADVANCED_FACE('',(#1068),#1069,.T.);
#150=ADVANCED_FACE('',(#1070),#1071,.T.);
#151=ADVANCED_FACE('',(#1072),#1073,.T.);
#152=ADVANCED_FACE('',(#1074),#1075,.T.);
#153=ADVANCED_FACE('',(#1076),#1077,.T.);
#154=ADVANCED_FACE('',(#1078),#1079,.T.);
#155=ADVANCED_FACE('',(#1080),#1081,.F.);
#156=ADVANCED_FACE('',(#1082),#1083,.F.);
#157=ADVANCED_FACE('',(#1084),#1085,.F.);
#158=ADVANCED_FACE('',(#1086),#1087,.T.);
#159=ADVANCED_FACE('',(#1088),#1089,.T.);
#160=ADVANCED_FACE('',(#1090),#1091,.T.);
#161=ADVANCED_FACE('',(#1092),#1093,.T.);
#162=ADVANCED_FACE('',(#1094),#1095,.T.);
#163=ADVANCED_FACE('',(#1096),#1097,.T.);
#164=ADVANCED_FACE('',(#1098),#1099,.T.);
#165=ADVANCED_FACE('',(#1100),#1101,.T.);
#166=ADVANCED_FACE('',(#1102),#1103,.T.);
#167=ADVANCED_FACE('',(#1104),#1105,.T.);
#168=ADVANCED_FACE('',(#1106),#1107,.T.);
#169=ADVANCED_FACE('',(#1108),#1109,.T.);
#170=ADVANCED_FACE('',(#1110),#1111,.T.);
#171=ADVANCED_FACE('',(#1112),#1113,.T.);
#172=ADVANCED_FACE('',(#1114),#1115,.T.);
#173=ADVANCED_FACE('',(#1116),#1117,.T.);
#174=ADVANCED_FACE('',(#1118),#1119,.T.);
#175=ADVANCED_FACE('',(#1120),#1121,.T.);
#176=ADVANCED_FACE('',(#1122),#1123,.T.);
#177=ADVANCED_FACE('',(#1124),#1125,.T.);
#178=ADVANCED_FACE('',(#1126),#1127,.T.);
#179=ADVANCED_FACE('',(#1128),#1129,.T.);
#180=ADVANCED_FACE('',(#1130),#1131,.T.);
#181=ADVANCED_FACE('',(#1132),#1133,.T.);
#182=ADVANCED_FACE('',(#1134),#1135,.T.);
#183=ADVANCED_FACE('',(#1136),#1137,.T.);
#184=ADVANCED_FACE('',(#1138),#1139,.T.);
#185=ADVANCED_FACE('',(#1140),#1141,.T.);
#186=ADVANCED_FACE('',(#1142),#1143,.F.);
#187=ADVANCED_FACE('',(#1144),#1145,.F.);
#188=ADVANCED_FACE('',(#1146),#1147,.F.);
#189=ADVANCED_FACE('',(#1148),#1149,.F.);
#190=ADVANCED_FACE('',(#1150),#1151,.F.);
#191=ADVANCED_FACE('',(#1152),#1153,.F.);
#192=ADVANCED_FACE('',(#1154),#1155,.F.);
#193=ADVANCED_FACE('',(#1156),#1157,.F.);
#194=ADVANCED_FACE('',(#1158),#1159,.F.);
#195=ADVANCED_FACE('',(#1160),#1161,.F.);
#196=ADVANCED_FACE('',(#1162),#1163,.F.);
#197=ADVANCED_FACE('',(#1164),#1165,.F.);
#198=ADVANCED_FACE('',(#1166),#1167,.F.);
#199=ADVANCED_FACE('',(#1168),#1169,.F.);
#200=ADVANCED_FACE('',(#1170),#1171,.F.);
#201=ADVANCED_FACE('',(#1172),#1173,.F.);
#202=ADVANCED_FACE('',(#1174),#1175,.F.);
#203=ADVANCED_FACE('',(#1176),#1177,.F.);
#204=ADVANCED_FACE('',(#1178),#1179,.F.);
#205=ADVANCED_FACE('',(#1180),#1181,.F.);
#206=ADVANCED_FACE('',(#1182),#1183,.F.);
#207=ADVANCED_FACE('',(#1184),#1185,.F.);
#208=ADVANCED_FACE('',(#1186),#1187,.F.);
#209=ADVANCED_FACE('',(#1188),#1189,.F.);
#210=ADVANCED_FACE('',(#1190),#1191,.F.);
#211=ADVANCED_FACE('',(#1192),#1193,.F.);
#212=ADVANCED_FACE('',(#1194),#1195,.F.);
#213=ADVANCED_FACE('',(#1196),#1197,.F.);
#214=ADVANCED_FACE('',(#1198),#1199,.F.);
#215=ADVANCED_FACE('',(#1200),#1201,.F.);
#216=ADVANCED_FACE('',(#1202),#1203,.F.);
#217=ADVANCED_FACE('',(#1204),#1205,.F.);
#218=ADVANCED_FACE('',(#1206),#1207,.F.);
#219=ADVANCED_FACE('',(#1208),#1209,.F.);
#220=ADVANCED_FACE('',(#1210),#1211,.F.);
#221=ADVANCED_FACE('',(#1212),#1213,.F.);
#222=ADVANCED_FACE('',(#1214),#1215,.F.);
#223=ADVANCED_FACE('',(#1216),#1217,.F.);
#224=ADVANCED_FACE('',(#1218),#1219,.F.);
#225=ADVANCED_FACE('',(#1220),#1221,.F.);
#226=ADVANCED_FACE('',(#1222),#1223,.F.);
#227=ADVANCED_FACE('',(#1224),#1225,.F.);
#228=ADVANCED_FACE('',(#1226),#1227,.F.);
#229=ADVANCED_FACE('',(#1228),#1229,.F.);
#230=ADVANCED_FACE('',(#1230),#1231,.F.);
#231=ADVANCED_FACE('',(#1232),#1233,.F.);
#232=ADVANCED_FACE('',(#1234),#1235,.F.);
#233=ADVANCED_FACE('',(#1236),#1237,.F.);
#234=ADVANCED_FACE('',(#1238),#1239,.F.);
#235=ADVANCED_FACE('',(#1240),#1241,.F.);
#236=ADVANCED_FACE('',(#1242),#1243,.F.);
#237=ADVANCED_FACE('',(#1244),#1245,.F.);
#238=ADVANCED_FACE('',(#1246),#1247,.F.);
#239=ADVANCED_FACE('',(#1248),#1249,.F.);
#240=ADVANCED_FACE('',(#1250),#1251,.F.);
#241=ADVANCED_FACE('',(#1252),#1253,.F.);
#242=ADVANCED_FACE('',(#1254),#1255,.F.);
#243=ADVANCED_FACE('',(#1256),#1257,.F.);
#244=ADVANCED_FACE('',(#1258),#1259,.F.);
#245=ADVANCED_FACE('',(#1260),#1261,.F.);
#246=ADVANCED_FACE('',(#1262),#1263,.F.);
#247=ADVANCED_FACE('',(#1264),#1265,.F.);
#248=ADVANCED_FACE('',(#1266),#1267,.F.);
#249=ADVANCED_FACE('',(#1268),#1269,.F.);
#250=ADVANCED_FACE('',(#1270),#1271,.F.);
#251=ADVANCED_FACE('',(#1272),#1273,.F.);
#252=ADVANCED_FACE('',(#1274),#1275,.F.);
#253=ADVANCED_FACE('',(#1276),#1277,.F.);
#254=ADVANCED_FACE('',(#1278),#1279,.F.);
#255=ADVANCED_FACE('',(#1280),#1281,.F.);
#256=ADVANCED_FACE('',(#1282),#1283,.F.);
#257=ADVANCED_FACE('',(#1284),#1285,.F.);
#258=ADVANCED_FACE('',(#1286),#1287,.F.);
#259=ADVANCED_FACE('',(#1288),#1289,.F.);
#260=ADVANCED_FACE('',(#1290),#1291,.F.);
#261=ADVANCED_FACE('',(#1292),#1293,.F.);
#262=ADVANCED_FACE('',(#1294),#1295,.F.);
#263=ADVANCED_FACE('',(#1296),#1297,.F.);
#264=ADVANCED_FACE('',(#1298),#1299,.F.);
#265=ADVANCED_FACE('',(#1300),#1301,.F.);
#266=ADVANCED_FACE('',(#1302),#1303,.F.);
#267=ADVANCED_FACE('',(#1304),#1305,.F.);
#268=ADVANCED_FACE('',(#1306),#1307,.F.);
#269=ADVANCED_FACE('',(#1308),#1309,.F.);
#270=ADVANCED_FACE('',(#1310),#1311,.F.);
#271=ADVANCED_FACE('',(#1312),#1313,.F.);
#272=ADVANCED_FACE('',(#1314),#1315,.F.);
#273=ADVANCED_FACE('',(#1316),#1317,.F.);
#274=ADVANCED_FACE('',(#1318),#1319,.F.);
#275=ADVANCED_FACE('',(#1320),#1321,.F.);
#276=ADVANCED_FACE('',(#1322),#1323,.F.);
#277=ADVANCED_FACE('',(#1324),#1325,.F.);
#278=ADVANCED_FACE('',(#1326),#1327,.F.);
#279=ADVANCED_FACE('',(#1328),#1329,.F.);
#280=ADVANCED_FACE('',(#1330),#1331,.F.);
#281=ADVANCED_FACE('',(#1332),#1333,.F.);
#282=ADVANCED_FACE('',(#1334),#1335,.F.);
#283=ADVANCED_FACE('',(#1336),#1337,.F.);
#284=ADVANCED_FACE('',(#1338),#1339,.F.);
#285=ADVANCED_FACE('',(#1340),#1341,.F.);
#286=ADVANCED_FACE('',(#1342),#1343,.F.);
#287=ADVANCED_FACE('',(#1344),#1345,.F.);
#288=ADVANCED_FACE('',(#1346),#1347,.F.);
#289=ADVANCED_FACE('',(#1348),#1349,.F.);
#290=ADVANCED_FACE('',(#1350),#1351,.F.);
#291=ADVANCED_FACE('',(#1352),#1353,.F.);
#292=ADVANCED_FACE('',(#1354),#1355,.T.);
#293=ADVANCED_FACE('',(#1356),#1357,.T.);
#294=ADVANCED_FACE('',(#1358),#1359,.T.);
#295=ADVANCED_FACE('',(#1360),#1361,.T.);
#296=ADVANCED_FACE('',(#1362),#1363,.T.);
#297=ADVANCED_FACE('',(#1364),#1365,.T.);
#298=ADVANCED_FACE('',(#1366),#1367,.T.);
#299=ADVANCED_FACE('',(#1368),#1369,.T.);
#300=ADVANCED_FACE('',(#1370),#1371,.T.);
#301=ADVANCED_FACE('',(#1372),#1373,.T.);
#302=ADVANCED_FACE('',(#1374),#1375,.T.);
#303=ADVANCED_FACE('',(#1376),#1377,.T.);
#304=ADVANCED_FACE('',(#1378),#1379,.T.);
#305=ADVANCED_FACE('',(#1380),#1381,.T.);
#306=ADVANCED_FACE('',(#1382),#1383,.T.);
#307=ADVANCED_FACE('',(#1384),#1385,.T.);
#308=ADVANCED_FACE('',(#1386),#1387,.T.);
#309=ADVANCED_FACE('',(#1388),#1389,.T.);
#310=ADVANCED_FACE('',(#1390,#1391,#1392,#1393,#1394,#1395,#1396,#1397,#1398,#1399,#1400,#1401,#1402,#1403,#1404,#1405,#1406,#1407,#1408,#1409,#1410,#1411,#1412,#1413,#1414,#1415,#1416,#1417,#1418,#1419,#1420,#1421,#1422,#1423,#1424,#1425,#1426,#1427,#1428,#1429,#1430),#1431,.T.);
#311=ADVANCED_FACE('',(#1432),#1433,.T.);
#312=ADVANCED_FACE('',(#1434),#1435,.T.);
#313=ADVANCED_FACE('',(#1436),#1437,.T.);
#314=ADVANCED_FACE('',(#1438),#1439,.T.);
#315=ADVANCED_FACE('',(#1440),#1441,.T.);
#316=ADVANCED_FACE('',(#1442),#1443,.T.);
#317=ADVANCED_FACE('',(#1444),#1445,.T.);
#318=ADVANCED_FACE('',(#1446),#1447,.T.);
#319=ADVANCED_FACE('',(#1448),#1449,.T.);
#320=ADVANCED_FACE('',(#1450),#1451,.T.);
#321=ADVANCED_FACE('',(#1452),#1453,.T.);
#322=ADVANCED_FACE('',(#1454),#1455,.T.);
#323=ADVANCED_FACE('',(#1456),#1457,.T.);
#324=ADVANCED_FACE('',(#1458),#1459,.T.);
#325=ADVANCED_FACE('',(#1460),#1461,.T.);
#326=ADVANCED_FACE('',(#1462),#1463,.T.);
#327=ADVANCED_FACE('',(#1464),#1465,.T.);
#328=ADVANCED_FACE('',(#1466),#1467,.T.);
#329=ADVANCED_FACE('',(#1468),#1469,.T.);
#330=ADVANCED_FACE('',(#1470),#1471,.T.);
#331=ADVANCED_FACE('',(#1472),#1473,.T.);
#332=ADVANCED_FACE('',(#1474),#1475,.T.);
#333=ADVANCED_FACE('',(#1476),#1477,.T.);
#334=ADVANCED_FACE('',(#1478),#1479,.T.);
#335=ADVANCED_FACE('',(#1480),#1481,.T.);
#336=ADVANCED_FACE('',(#1482),#1483,.T.);
#337=ADVANCED_FACE('',(#1484),#1485,.T.);
#338=ADVANCED_FACE('',(#1486),#1487,.T.);
#339=ADVANCED_FACE('',(#1488),#1489,.T.);
#340=ADVANCED_FACE('',(#1490),#1491,.T.);
#341=ADVANCED_FACE('',(#1492),#1493,.T.);
#342=ADVANCED_FACE('',(#1494),#1495,.T.);
#343=ADVANCED_FACE('',(#1496),#1497,.T.);
#344=ADVANCED_FACE('',(#1498),#1499,.T.);
#345=ADVANCED_FACE('',(#1500),#1501,.T.);
#346=ADVANCED_FACE('',(#1502),#1503,.T.);
#347=ADVANCED_FACE('',(#1504),#1505,.T.);
#348=ADVANCED_FACE('',(#1506),#1507,.T.);
#349=ADVANCED_FACE('',(#1508),#1509,.T.);
#350=ADVANCED_FACE('',(#1510),#1511,.T.);
#351=ADVANCED_FACE('',(#1512),#1513,.T.);
#352=ADVANCED_FACE('',(#1514),#1515,.T.);
#353=ADVANCED_FACE('',(#1516),#1517,.T.);
#354=ADVANCED_FACE('',(#1518),#1519,.T.);
#355=ADVANCED_FACE('',(#1520),#1521,.T.);
#356=ADVANCED_FACE('',(#1522),#1523,.T.);
#357=ADVANCED_FACE('',(#1524),#1525,.T.);
#358=ADVANCED_FACE('',(#1526),#1527,.T.);
#359=ADVANCED_FACE('',(#1528),#1529,.T.);
#360=ADVANCED_FACE('',(#1530),#1531,.T.);
#361=ADVANCED_FACE('',(#1532),#1533,.T.);
#362=ADVANCED_FACE('',(#1534),#1535,.T.);
#363=ADVANCED_FACE('',(#1536),#1537,.T.);
#364=ADVANCED_FACE('',(#1538),#1539,.T.);
#365=ADVANCED_FACE('',(#1540),#1541,.T.);
#366=ADVANCED_FACE('',(#1542),#1543,.T.);
#367=ADVANCED_FACE('',(#1544),#1545,.T.);
#368=ADVANCED_FACE('',(#1546),#1547,.T.);
#369=ADVANCED_FACE('',(#1548),#1549,.T.);
#370=ADVANCED_FACE('',(#1550),#1551,.T.);
#371=ADVANCED_FACE('',(#1552),#1553,.T.);
#372=ADVANCED_FACE('',(#1554),#1555,.T.);
#373=ADVANCED_FACE('',(#1556),#1557,.T.);
#374=ADVANCED_FACE('',(#1558),#1559,.T.);
#375=ADVANCED_FACE('',(#1560),#1561,.T.);
#376=ADVANCED_FACE('',(#1562),#1563,.T.);
#377=ADVANCED_FACE('',(#1564),#1565,.T.);
#378=ADVANCED_FACE('',(#1566),#1567,.T.);
#379=ADVANCED_FACE('',(#1568),#1569,.T.);
#380=ADVANCED_FACE('',(#1570),#1571,.T.);
#381=ADVANCED_FACE('',(#1572),#1573,.T.);
#382=ADVANCED_FACE('',(#1574),#1575,.T.);
#383=ADVANCED_FACE('',(#1576),#1577,.T.);
#384=ADVANCED_FACE('',(#1578),#1579,.T.);
#385=ADVANCED_FACE('',(#1580),#1581,.T.);
#386=ADVANCED_FACE('',(#1582),#1583,.T.);
#387=ADVANCED_FACE('',(#1584),#1585,.T.);
#388=ADVANCED_FACE('',(#1586),#1587,.T.);
#389=ADVANCED_FACE('',(#1588),#1589,.T.);
#390=ADVANCED_FACE('',(#1590),#1591,.T.);
#391=ADVANCED_FACE('',(#1592),#1593,.T.);
#392=ADVANCED_FACE('',(#1594),#1595,.T.);
#393=ADVANCED_FACE('',(#1596),#1597,.T.);
#394=ADVANCED_FACE('',(#1598),#1599,.T.);
#395=ADVANCED_FACE('',(#1600),#1601,.F.);
#396=ADVANCED_FACE('',(#1602),#1603,.F.);
#397=ADVANCED_FACE('',(#1604),#1605,.F.);
#398=ADVANCED_FACE('',(#1606),#1607,.F.);
#399=ADVANCED_FACE('',(#1608),#1609,.F.);
#400=ADVANCED_FACE('',(#1610),#1611,.F.);
#401=ADVANCED_FACE('',(#1612),#1613,.F.);
#402=ADVANCED_FACE('',(#1614),#1615,.F.);
#403=ADVANCED_FACE('',(#1616),#1617,.F.);
#404=ADVANCED_FACE('',(#1618),#1619,.F.);
#405=ADVANCED_FACE('',(#1620),#1621,.F.);
#406=ADVANCED_FACE('',(#1622),#1623,.F.);
#407=ADVANCED_FACE('',(#1624),#1625,.F.);
#408=ADVANCED_FACE('',(#1626),#1627,.F.);
#409=ADVANCED_FACE('',(#1628),#1629,.F.);
#410=ADVANCED_FACE('',(#1630),#1631,.F.);
#411=ADVANCED_FACE('',(#1632),#1633,.F.);
#412=ADVANCED_FACE('',(#1634),#1635,.F.);
#413=ADVANCED_FACE('',(#1636),#1637,.F.);
#414=ADVANCED_FACE('',(#1638),#1639,.F.);
#415=ADVANCED_FACE('',(#1640),#1641,.F.);
#416=ADVANCED_FACE('',(#1642),#1643,.F.);
#417=ADVANCED_FACE('',(#1644),#1645,.F.);
#418=ADVANCED_FACE('',(#1646),#1647,.F.);
#419=ADVANCED_FACE('',(#1648),#1649,.F.);
#420=ADVANCED_FACE('',(#1650),#1651,.F.);
#421=ADVANCED_FACE('',(#1652),#1653,.F.);
#422=ADVANCED_FACE('',(#1654),#1655,.F.);
#423=ADVANCED_FACE('',(#1656),#1657,.F.);
#424=ADVANCED_FACE('',(#1658),#1659,.F.);
#425=ADVANCED_FACE('',(#1660),#1661,.F.);
#426=ADVANCED_FACE('',(#1662),#1663,.F.);
#427=ADVANCED_FACE('',(#1664),#1665,.F.);
#428=ADVANCED_FACE('',(#1666),#1667,.F.);
#429=ADVANCED_FACE('',(#1668),#1669,.F.);
#430=ADVANCED_FACE('',(#1670),#1671,.F.);
#431=ADVANCED_FACE('',(#1672),#1673,.F.);
#432=ADVANCED_FACE('',(#1674),#1675,.F.);
#433=ADVANCED_FACE('',(#1676),#1677,.F.);
#434=ADVANCED_FACE('',(#1678),#1679,.F.);
#435=ADVANCED_FACE('',(#1680),#1681,.F.);
#436=ADVANCED_FACE('',(#1682),#1683,.F.);
#437=ADVANCED_FACE('',(#1684),#1685,.F.);
#438=ADVANCED_FACE('',(#1686),#1687,.F.);
#439=ADVANCED_FACE('',(#1688),#1689,.F.);
#440=ADVANCED_FACE('',(#1690),#1691,.F.);
#441=ADVANCED_FACE('',(#1692),#1693,.F.);
#442=ADVANCED_FACE('',(#1694),#1695,.F.);
#443=ADVANCED_FACE('',(#1696),#1697,.F.);
#444=ADVANCED_FACE('',(#1698),#1699,.F.);
#445=ADVANCED_FACE('',(#1700),#1701,.F.);
#446=ADVANCED_FACE('',(#1702),#1703,.F.);
#447=ADVANCED_FACE('',(#1704),#1705,.F.);
#448=ADVANCED_FACE('',(#1706),#1707,.F.);
#449=ADVANCED_FACE('',(#1708),#1709,.F.);
#450=ADVANCED_FACE('',(#1710),#1711,.F.);
#451=ADVANCED_FACE('',(#1712),#1713,.F.);
#452=ADVANCED_FACE('',(#1714),#1715,.F.);
#453=ADVANCED_FACE('',(#1716),#1717,.F.);
#454=ADVANCED_FACE('',(#1718),#1719,.F.);
#455=ADVANCED_FACE('',(#1720),#1721,.F.);
#456=ADVANCED_FACE('',(#1722),#1723,.F.);
#457=ADVANCED_FACE('',(#1724),#1725,.F.);
#458=ADVANCED_FACE('',(#1726),#1727,.F.);
#459=ADVANCED_FACE('',(#1728),#1729,.F.);
#460=ADVANCED_FACE('',(#1730),#1731,.F.);
#461=ADVANCED_FACE('',(#1732),#1733,.F.);
#462=ADVANCED_FACE('',(#1734),#1735,.F.);
#463=ADVANCED_FACE('',(#1736),#1737,.F.);
#464=ADVANCED_FACE('',(#1738),#1739,.F.);
#465=ADVANCED_FACE('',(#1740),#1741,.F.);
#466=ADVANCED_FACE('',(#1742),#1743,.F.);
#467=ADVANCED_FACE('',(#1744),#1745,.F.);
#468=ADVANCED_FACE('',(#1746),#1747,.F.);
#469=ADVANCED_FACE('',(#1748),#1749,.F.);
#470=ADVANCED_FACE('',(#1750),#1751,.F.);
#471=ADVANCED_FACE('',(#1752),#1753,.F.);
#472=ADVANCED_FACE('',(#1754),#1755,.F.);
#473=ADVANCED_FACE('',(#1756),#1757,.F.);
#474=ADVANCED_FACE('',(#1758),#1759,.F.);
#475=ADVANCED_FACE('',(#1760),#1761,.F.);
#476=ADVANCED_FACE('',(#1762),#1763,.F.);
#477=ADVANCED_FACE('',(#1764),#1765,.F.);
#478=ADVANCED_FACE('',(#1766),#1767,.F.);
#479=ADVANCED_FACE('',(#1768),#1769,.F.);
#480=ADVANCED_FACE('',(#1770),#1771,.F.);
#481=ADVANCED_FACE('',(#1772),#1773,.F.);
#482=ADVANCED_FACE('',(#1774),#1775,.F.);
#483=ADVANCED_FACE('',(#1776),#1777,.F.);
#484=ADVANCED_FACE('',(#1778),#1779,.F.);
#485=ADVANCED_FACE('',(#1780),#1781,.F.);
#486=ADVANCED_FACE('',(#1782),#1783,.F.);
#487=ADVANCED_FACE('',(#1784),#1785,.F.);
#488=ADVANCED_FACE('',(#1786),#1787,.F.);
#489=ADVANCED_FACE('',(#1788),#1789,.F.);
#490=ADVANCED_FACE('',(#1790),#1791,.F.);
#491=ADVANCED_FACE('',(#1792),#1793,.F.);
#492=ADVANCED_FACE('',(#1794),#1795,.F.);
#493=ADVANCED_FACE('',(#1796),#1797,.F.);
#494=ADVANCED_FACE('',(#1798),#1799,.F.);
#495=ADVANCED_FACE('',(#1800),#1801,.F.);
#496=ADVANCED_FACE('',(#1802),#1803,.F.);
#497=ADVANCED_FACE('',(#1804),#1805,.F.);
#498=ADVANCED_FACE('',(#1806),#1807,.F.);
#499=ADVANCED_FACE('',(#1808),#1809,.F.);
#500=ADVANCED_FACE('',(#1810),#1811,.F.);
#501=ADVANCED_FACE('',(#1812),#1813,.F.);
#502=ADVANCED_FACE('',(#1814),#1815,.F.);
#503=ADVANCED_FACE('',(#1816),#1817,.F.);
#504=ADVANCED_FACE('',(#1818),#1819,.F.);
#505=ADVANCED_FACE('',(#1820),#1821,.F.);
#506=ADVANCED_FACE('',(#1822),#1823,.F.);
#507=ADVANCED_FACE('',(#1824),#1825,.F.);
#508=ADVANCED_FACE('',(#1826),#1827,.F.);
#509=ADVANCED_FACE('',(#1828),#1829,.F.);
#510=ADVANCED_FACE('',(#1830),#1831,.F.);
#511=ADVANCED_FACE('',(#1832),#1833,.F.);
#512=ADVANCED_FACE('',(#1834),#1835,.F.);
#513=ADVANCED_FACE('',(#1836),#1837,.F.);
#514=ADVANCED_FACE('',(#1838),#1839,.F.);
#515=ADVANCED_FACE('',(#1840),#1841,.F.);
#516=ADVANCED_FACE('',(#1842),#1843,.F.);
#517=ADVANCED_FACE('',(#1844),#1845,.F.);
#518=ADVANCED_FACE('',(#1846),#1847,.F.);
#519=ADVANCED_FACE('',(#1848),#1849,.F.);
#520=ADVANCED_FACE('',(#1850),#1851,.F.);
#521=ADVANCED_FACE('',(#1852),#1853,.F.);
#522=ADVANCED_FACE('',(#1854),#1855,.F.);
#523=ADVANCED_FACE('',(#1856),#1857,.F.);
#524=ADVANCED_FACE('',(#1858),#1859,.F.);
#525=ADVANCED_FACE('',(#1860),#1861,.F.);
#526=ADVANCED_FACE('',(#1862),#1863,.F.);
#527=ADVANCED_FACE('',(#1864),#1865,.F.);
#528=ADVANCED_FACE('',(#1866),#1867,.F.);
#529=ADVANCED_FACE('',(#1868),#1869,.F.);
#530=ADVANCED_FACE('',(#1870),#1871,.F.);
#531=ADVANCED_FACE('',(#1872),#1873,.T.);
#532=ADVANCED_FACE('',(#1874),#1875,.T.);
#533=ADVANCED_FACE('',(#1876),#1877,.T.);
#534=ADVANCED_FACE('',(#1878),#1879,.T.);
#535=ADVANCED_FACE('',(#1880),#1881,.T.);
#536=ADVANCED_FACE('',(#1882),#1883,.T.);
#537=ADVANCED_FACE('',(#1884),#1885,.T.);
#538=ADVANCED_FACE('',(#1886),#1887,.T.);
#539=ADVANCED_FACE('',(#1888),#1889,.T.);
#540=ADVANCED_FACE('',(#1890),#1891,.T.);
#541=ADVANCED_FACE('',(#1892),#1893,.T.);
#542=ADVANCED_FACE('',(#1894),#1895,.T.);
#543=ADVANCED_FACE('',(#1896),#1897,.T.);
#544=ADVANCED_FACE('',(#1898),#1899,.T.);
#545=ADVANCED_FACE('',(#1900),#1901,.T.);
#546=ADVANCED_FACE('',(#1902),#1903,.T.);
#547=ADVANCED_FACE('',(#1904),#1905,.T.);
#548=ADVANCED_FACE('',(#1906),#1907,.T.);
#549=ADVANCED_FACE('',(#1908),#1909,.T.);
#550=ADVANCED_FACE('',(#1910),#1911,.T.);
#551=ADVANCED_FACE('',(#1912),#1913,.T.);
#552=ADVANCED_FACE('',(#1914),#1915,.T.);
#553=ADVANCED_FACE('',(#1916),#1917,.T.);
#554=ADVANCED_FACE('',(#1918),#1919,.F.);
#555=ADVANCED_FACE('',(#1920),#1921,.F.);
#556=ADVANCED_FACE('',(#1922),#1923,.F.);
#557=ADVANCED_FACE('',(#1924),#1925,.F.);
#558=ADVANCED_FACE('',(#1926),#1927,.F.);
#559=ADVANCED_FACE('',(#1928),#1929,.F.);
#560=ADVANCED_FACE('',(#1930),#1931,.F.);
#561=ADVANCED_FACE('',(#1932),#1933,.F.);
#562=ADVANCED_FACE('',(#1934),#1935,.F.);
#563=ADVANCED_FACE('',(#1936),#1937,.F.);
#564=ADVANCED_FACE('',(#1938),#1939,.F.);
#565=ADVANCED_FACE('',(#1940),#1941,.F.);
#566=ADVANCED_FACE('',(#1942),#1943,.F.);
#567=ADVANCED_FACE('',(#1944),#1945,.F.);
#568=ADVANCED_FACE('',(#1946),#1947,.F.);
#569=ADVANCED_FACE('',(#1948),#1949,.F.);
#570=ADVANCED_FACE('',(#1950),#1951,.F.);
#571=ADVANCED_FACE('',(#1952),#1953,.F.);
#572=ADVANCED_FACE('',(#1954),#1955,.F.);
#573=ADVANCED_FACE('',(#1956),#1957,.F.);
#574=ADVANCED_FACE('',(#1958),#1959,.F.);
#575=ADVANCED_FACE('',(#1960),#1961,.F.);
#576=ADVANCED_FACE('',(#1962),#1963,.F.);
#577=ADVANCED_FACE('',(#1964),#1965,.F.);
#578=ADVANCED_FACE('',(#1966),#1967,.F.);
#579=ADVANCED_FACE('',(#1968),#1969,.F.);
#580=ADVANCED_FACE('',(#1970),#1971,.T.);
#581=ADVANCED_FACE('',(#1972),#1973,.T.);
#582=ADVANCED_FACE('',(#1974),#1975,.T.);
#583=ADVANCED_FACE('',(#1976),#1977,.F.);
#584=ADVANCED_FACE('',(#1978),#1979,.F.);
#585=ADVANCED_FACE('',(#1980),#1981,.T.);
#586=ADVANCED_FACE('',(#1982),#1983,.T.);
#587=ADVANCED_FACE('',(#1984),#1985,.T.);
#588=ADVANCED_FACE('',(#1986),#1987,.T.);
#589=ADVANCED_FACE('',(#1988),#1989,.T.);
#590=ADVANCED_FACE('',(#1990),#1991,.T.);
#591=ADVANCED_FACE('',(#1992),#1993,.T.);
#592=ADVANCED_FACE('',(#1994),#1995,.T.);
#593=ADVANCED_FACE('',(#1996),#1997,.T.);
#594=ADVANCED_FACE('',(#1998),#1999,.T.);
#595=ADVANCED_FACE('',(#2000),#2001,.T.);
#596=ADVANCED_FACE('',(#2002),#2003,.T.);
#597=ADVANCED_FACE('',(#2004),#2005,.T.);
#598=ADVANCED_FACE('',(#2006),#2007,.T.);
#599=ADVANCED_FACE('',(#2008),#2009,.T.);
#600=ADVANCED_FACE('',(#2010),#2011,.T.);
#601=ADVANCED_FACE('',(#2012),#2013,.F.);
#602=ADVANCED_FACE('',(#2014),#2015,.F.);
#603=ADVANCED_FACE('',(#2016),#2017,.T.);
#604=ADVANCED_FACE('',(#2018),#2019,.T.);
#605=ADVANCED_FACE('',(#2020),#2021,.T.);
#606=ADVANCED_FACE('',(#2022),#2023,.T.);
#607=ADVANCED_FACE('',(#2024),#2025,.T.);
#608=ADVANCED_FACE('',(#2026),#2027,.T.);
#609=ADVANCED_FACE('',(#2028),#2029,.T.);
#610=ADVANCED_FACE('',(#2030),#2031,.T.);
#611=ADVANCED_FACE('',(#2032),#2033,.T.);
#612=ADVANCED_FACE('',(#2034),#2035,.T.);
#613=ADVANCED_FACE('',(#2036),#2037,.T.);
#614=ADVANCED_FACE('',(#2038),#2039,.T.);
#615=ADVANCED_FACE('',(#2040),#2041,.T.);
#616=ADVANCED_FACE('',(#2042),#2043,.T.);
#617=ADVANCED_FACE('',(#2044),#2045,.T.);
#618=ADVANCED_FACE('',(#2046),#2047,.T.);
#619=ADVANCED_FACE('',(#2048),#2049,.F.);
#620=ADVANCED_FACE('',(#2050),#2051,.F.);
#621=ADVANCED_FACE('',(#2052),#2053,.T.);
#622=ADVANCED_FACE('',(#2054),#2055,.T.);
#623=ADVANCED_FACE('',(#2056),#2057,.T.);
#624=ADVANCED_FACE('',(#2058),#2059,.T.);
#625=ADVANCED_FACE('',(#2060),#2061,.T.);
#626=ADVANCED_FACE('',(#2062),#2063,.T.);
#627=ADVANCED_FACE('',(#2064),#2065,.T.);
#628=ADVANCED_FACE('',(#2066),#2067,.T.);
#629=ADVANCED_FACE('',(#2068),#2069,.T.);
#630=ADVANCED_FACE('',(#2070),#2071,.T.);
#631=ADVANCED_FACE('',(#2072),#2073,.T.);
#632=ADVANCED_FACE('',(#2074),#2075,.T.);
#633=ADVANCED_FACE('',(#2076),#2077,.T.);
#634=ADVANCED_FACE('',(#2078),#2079,.T.);
#635=ADVANCED_FACE('',(#2080),#2081,.T.);
#636=ADVANCED_FACE('',(#2082),#2083,.T.);
#637=ADVANCED_FACE('',(#2084),#2085,.F.);
#638=ADVANCED_FACE('',(#2086),#2087,.F.);
#639=ADVANCED_FACE('',(#2088),#2089,.T.);
#640=ADVANCED_FACE('',(#2090),#2091,.T.);
#641=ADVANCED_FACE('',(#2092),#2093,.T.);
#642=ADVANCED_FACE('',(#2094),#2095,.T.);
#643=ADVANCED_FACE('',(#2096),#2097,.T.);
#644=ADVANCED_FACE('',(#2098),#2099,.T.);
#645=ADVANCED_FACE('',(#2100),#2101,.T.);
#646=ADVANCED_FACE('',(#2102),#2103,.T.);
#647=ADVANCED_FACE('',(#2104),#2105,.T.);
#648=ADVANCED_FACE('',(#2106),#2107,.T.);
#649=ADVANCED_FACE('',(#2108),#2109,.T.);
#650=ADVANCED_FACE('',(#2110),#2111,.T.);
#651=ADVANCED_FACE('',(#2112),#2113,.T.);
#652=ADVANCED_FACE('',(#2114),#2115,.T.);
#653=ADVANCED_FACE('',(#2116),#2117,.T.);
#654=ADVANCED_FACE('',(#2118),#2119,.T.);
#655=ADVANCED_FACE('',(#2120),#2121,.F.);
#656=ADVANCED_FACE('',(#2122),#2123,.F.);
#657=ADVANCED_FACE('',(#2124),#2125,.T.);
#658=ADVANCED_FACE('',(#2126),#2127,.T.);
#659=ADVANCED_FACE('',(#2128),#2129,.T.);
#660=ADVANCED_FACE('',(#2130),#2131,.T.);
#661=ADVANCED_FACE('',(#2132),#2133,.T.);
#662=ADVANCED_FACE('',(#2134),#2135,.T.);
#663=ADVANCED_FACE('',(#2136),#2137,.T.);
#664=ADVANCED_FACE('',(#2138),#2139,.T.);
#665=ADVANCED_FACE('',(#2140),#2141,.T.);
#666=ADVANCED_FACE('',(#2142),#2143,.T.);
#667=ADVANCED_FACE('',(#2144),#2145,.T.);
#668=ADVANCED_FACE('',(#2146),#2147,.T.);
#669=ADVANCED_FACE('',(#2148),#2149,.T.);
#670=ADVANCED_FACE('',(#2150),#2151,.T.);
#671=ADVANCED_FACE('',(#2152),#2153,.T.);
#672=ADVANCED_FACE('',(#2154),#2155,.T.);
#673=ADVANCED_FACE('',(#2156),#2157,.F.);
#674=ADVANCED_FACE('',(#2158),#2159,.F.);
#675=ADVANCED_FACE('',(#2160),#2161,.T.);
#676=ADVANCED_FACE('',(#2162),#2163,.T.);
#677=ADVANCED_FACE('',(#2164),#2165,.T.);
#678=ADVANCED_FACE('',(#2166),#2167,.T.);
#679=ADVANCED_FACE('',(#2168),#2169,.T.);
#680=ADVANCED_FACE('',(#2170),#2171,.T.);
#681=ADVANCED_FACE('',(#2172),#2173,.T.);
#682=ADVANCED_FACE('',(#2174),#2175,.T.);
#683=ADVANCED_FACE('',(#2176),#2177,.T.);
#684=ADVANCED_FACE('',(#2178),#2179,.T.);
#685=ADVANCED_FACE('',(#2180),#2181,.T.);
#686=ADVANCED_FACE('',(#2182),#2183,.T.);
#687=ADVANCED_FACE('',(#2184),#2185,.T.);
#688=ADVANCED_FACE('',(#2186),#2187,.T.);
#689=ADVANCED_FACE('',(#2188),#2189,.T.);
#690=ADVANCED_FACE('',(#2190),#2191,.T.);
#691=ADVANCED_FACE('',(#2192),#2193,.F.);
#692=ADVANCED_FACE('',(#2194),#2195,.F.);
#693=ADVANCED_FACE('',(#2196),#2197,.T.);
#694=ADVANCED_FACE('',(#2198),#2199,.T.);
#695=ADVANCED_FACE('',(#2200),#2201,.T.);
#696=ADVANCED_FACE('',(#2202),#2203,.T.);
#697=ADVANCED_FACE('',(#2204),#2205,.T.);
#698=ADVANCED_FACE('',(#2206),#2207,.T.);
#699=ADVANCED_FACE('',(#2208),#2209,.T.);
#700=ADVANCED_FACE('',(#2210),#2211,.T.);
#701=ADVANCED_FACE('',(#2212),#2213,.T.);
#702=ADVANCED_FACE('',(#2214),#2215,.T.);
#703=ADVANCED_FACE('',(#2216),#2217,.T.);
#704=ADVANCED_FACE('',(#2218),#2219,.T.);
#705=ADVANCED_FACE('',(#2220),#2221,.T.);
#706=ADVANCED_FACE('',(#2222),#2223,.T.);
#707=ADVANCED_FACE('',(#2224),#2225,.T.);
#708=ADVANCED_FACE('',(#2226),#2227,.T.);
#709=ADVANCED_FACE('',(#2228),#2229,.F.);
#710=ADVANCED_FACE('',(#2230),#2231,.F.);
#711=ADVANCED_FACE('',(#2232),#2233,.T.);
#712=ADVANCED_FACE('',(#2234),#2235,.T.);
#713=ADVANCED_FACE('',(#2236),#2237,.T.);
#714=ADVANCED_FACE('',(#2238),#2239,.T.);
#715=ADVANCED_FACE('',(#2240),#2241,.T.);
#716=ADVANCED_FACE('',(#2242),#2243,.T.);
#717=ADVANCED_FACE('',(#2244),#2245,.T.);
#718=ADVANCED_FACE('',(#2246),#2247,.T.);
#719=ADVANCED_FACE('',(#2248),#2249,.T.);
#720=ADVANCED_FACE('',(#2250),#2251,.T.);
#721=ADVANCED_FACE('',(#2252),#2253,.T.);
#722=ADVANCED_FACE('',(#2254),#2255,.T.);
#723=ADVANCED_FACE('',(#2256),#2257,.T.);
#724=ADVANCED_FACE('',(#2258),#2259,.T.);
#725=ADVANCED_FACE('',(#2260),#2261,.T.);
#726=ADVANCED_FACE('',(#2262),#2263,.T.);
#727=ADVANCED_FACE('',(#2264),#2265,.F.);
#728=ADVANCED_FACE('',(#2266),#2267,.F.);
#729=ADVANCED_FACE('',(#2268),#2269,.T.);
#730=ADVANCED_FACE('',(#2270),#2271,.T.);
#731=ADVANCED_FACE('',(#2272),#2273,.T.);
#732=ADVANCED_FACE('',(#2274),#2275,.T.);
#733=ADVANCED_FACE('',(#2276),#2277,.T.);
#734=ADVANCED_FACE('',(#2278),#2279,.T.);
#735=ADVANCED_FACE('',(#2280),#2281,.T.);
#736=ADVANCED_FACE('',(#2282),#2283,.T.);
#737=ADVANCED_FACE('',(#2284),#2285,.T.);
#738=ADVANCED_FACE('',(#2286),#2287,.T.);
#739=ADVANCED_FACE('',(#2288),#2289,.T.);
#740=ADVANCED_FACE('',(#2290),#2291,.T.);
#741=ADVANCED_FACE('',(#2292),#2293,.T.);
#742=ADVANCED_FACE('',(#2294),#2295,.T.);
#743=ADVANCED_FACE('',(#2296),#2297,.T.);
#744=ADVANCED_FACE('',(#2298),#2299,.T.);
#745=ADVANCED_FACE('',(#2300),#2301,.F.);
#746=ADVANCED_FACE('',(#2302),#2303,.F.);
#747=ADVANCED_FACE('',(#2304),#2305,.T.);
#748=ADVANCED_FACE('',(#2306),#2307,.T.);
#749=ADVANCED_FACE('',(#2308),#2309,.T.);
#750=ADVANCED_FACE('',(#2310),#2311,.T.);
#751=ADVANCED_FACE('',(#2312),#2313,.T.);
#752=ADVANCED_FACE('',(#2314),#2315,.T.);
#753=ADVANCED_FACE('',(#2316),#2317,.T.);
#754=ADVANCED_FACE('',(#2318),#2319,.T.);
#755=ADVANCED_FACE('',(#2320),#2321,.T.);
#756=ADVANCED_FACE('',(#2322),#2323,.T.);
#757=ADVANCED_FACE('',(#2324),#2325,.T.);
#758=ADVANCED_FACE('',(#2326),#2327,.T.);
#759=ADVANCED_FACE('',(#2328),#2329,.T.);
#760=ADVANCED_FACE('',(#2330),#2331,.T.);
#761=ADVANCED_FACE('',(#2332),#2333,.T.);
#762=ADVANCED_FACE('',(#2334),#2335,.T.);
#763=ADVANCED_FACE('',(#2336),#2337,.F.);
#764=ADVANCED_FACE('',(#2338),#2339,.F.);
#765=ADVANCED_FACE('',(#2340),#2341,.T.);
#766=ADVANCED_FACE('',(#2342),#2343,.T.);
#767=ADVANCED_FACE('',(#2344),#2345,.T.);
#768=ADVANCED_FACE('',(#2346),#2347,.T.);
#769=ADVANCED_FACE('',(#2348),#2349,.T.);
#770=ADVANCED_FACE('',(#2350),#2351,.T.);
#771=ADVANCED_FACE('',(#2352),#2353,.T.);
#772=ADVANCED_FACE('',(#2354),#2355,.T.);
#773=ADVANCED_FACE('',(#2356),#2357,.T.);
#774=ADVANCED_FACE('',(#2358),#2359,.T.);
#775=ADVANCED_FACE('',(#2360),#2361,.T.);
#776=ADVANCED_FACE('',(#2362),#2363,.T.);
#777=ADVANCED_FACE('',(#2364),#2365,.T.);
#778=ADVANCED_FACE('',(#2366),#2367,.T.);
#779=ADVANCED_FACE('',(#2368),#2369,.T.);
#780=ADVANCED_FACE('',(#2370),#2371,.T.);
#781=ADVANCED_FACE('',(#2372),#2373,.F.);
#782=ADVANCED_FACE('',(#2374),#2375,.F.);
#783=ADVANCED_FACE('',(#2376),#2377,.T.);
#784=ADVANCED_FACE('',(#2378),#2379,.T.);
#785=ADVANCED_FACE('',(#2380),#2381,.T.);
#786=ADVANCED_FACE('',(#2382),#2383,.T.);
#787=ADVANCED_FACE('',(#2384),#2385,.T.);
#788=ADVANCED_FACE('',(#2386),#2387,.T.);
#789=ADVANCED_FACE('',(#2388),#2389,.T.);
#790=ADVANCED_FACE('',(#2390),#2391,.T.);
#791=ADVANCED_FACE('',(#2392),#2393,.T.);
#792=ADVANCED_FACE('',(#2394),#2395,.T.);
#793=ADVANCED_FACE('',(#2396),#2397,.T.);
#794=ADVANCED_FACE('',(#2398),#2399,.T.);
#795=ADVANCED_FACE('',(#2400),#2401,.T.);
#796=ADVANCED_FACE('',(#2402),#2403,.T.);
#797=ADVANCED_FACE('',(#2404),#2405,.T.);
#798=ADVANCED_FACE('',(#2406),#2407,.T.);
#799=ADVANCED_FACE('',(#2408),#2409,.F.);
#800=ADVANCED_FACE('',(#2410),#2411,.F.);
#801=ADVANCED_FACE('',(#2412),#2413,.T.);
#802=ADVANCED_FACE('',(#2414),#2415,.T.);
#803=ADVANCED_FACE('',(#2416),#2417,.T.);
#804=ADVANCED_FACE('',(#2418),#2419,.T.);
#805=ADVANCED_FACE('',(#2420),#2421,.T.);
#806=ADVANCED_FACE('',(#2422),#2423,.T.);
#807=ADVANCED_FACE('',(#2424),#2425,.T.);
#808=ADVANCED_FACE('',(#2426),#2427,.T.);
#809=ADVANCED_FACE('',(#2428),#2429,.T.);
#810=ADVANCED_FACE('',(#2430),#2431,.T.);
#811=ADVANCED_FACE('',(#2432),#2433,.T.);
#812=ADVANCED_FACE('',(#2434),#2435,.T.);
#813=ADVANCED_FACE('',(#2436),#2437,.T.);
#814=ADVANCED_FACE('',(#2438),#2439,.T.);
#815=ADVANCED_FACE('',(#2440),#2441,.T.);
#816=ADVANCED_FACE('',(#2442),#2443,.T.);
#817=ADVANCED_FACE('',(#2444),#2445,.F.);
#818=ADVANCED_FACE('',(#2446),#2447,.F.);
#819=ADVANCED_FACE('',(#2448),#2449,.T.);
#820=ADVANCED_FACE('',(#2450),#2451,.T.);
#821=ADVANCED_FACE('',(#2452),#2453,.T.);
#822=ADVANCED_FACE('',(#2454),#2455,.T.);
#823=ADVANCED_FACE('',(#2456),#2457,.T.);
#824=ADVANCED_FACE('',(#2458),#2459,.T.);
#825=ADVANCED_FACE('',(#2460),#2461,.T.);
#826=ADVANCED_FACE('',(#2462),#2463,.T.);
#827=ADVANCED_FACE('',(#2464),#2465,.T.);
#828=ADVANCED_FACE('',(#2466),#2467,.T.);
#829=ADVANCED_FACE('',(#2468),#2469,.T.);
#830=ADVANCED_FACE('',(#2470),#2471,.T.);
#831=ADVANCED_FACE('',(#2472),#2473,.T.);
#832=ADVANCED_FACE('',(#2474),#2475,.T.);
#833=ADVANCED_FACE('',(#2476),#2477,.T.);
#834=ADVANCED_FACE('',(#2478),#2479,.T.);
#835=COMPOSITE_CURVE_SEGMENT(.CONTINUOUS.,.T.,#2480);
#836=COMPOSITE_CURVE_SEGMENT(.CONTINUOUS.,.T.,#2481);
#837=COMPOSITE_CURVE_SEGMENT(.CONTINUOUS.,.T.,#2482);
#838=COMPOSITE_CURVE_SEGMENT(.CONTINUOUS.,.T.,#2483);
#839=COMPOSITE_CURVE_SEGMENT(.CONTINUOUS.,.T.,#2484);
#840=COMPOSITE_CURVE_SEGMENT(.CONTINUOUS.,.T.,#2485);
#841=COMPOSITE_CURVE_SEGMENT(.CONTINUOUS.,.T.,#2486);
#842=COMPOSITE_CURVE_SEGMENT(.CONTINUOUS.,.T.,#2487);
#843=COMPOSITE_CURVE_SEGMENT(.CONTINUOUS.,.T.,#2488);
#844=COMPOSITE_CURVE_SEGMENT(.CONTINUOUS.,.T.,#2489);
#845=COMPOSITE_CURVE_SEGMENT(.CONTINUOUS.,.T.,#2490);
#846=COMPOSITE_CURVE_SEGMENT(.CONTINUOUS.,.T.,#2491);
#847=COMPOSITE_CURVE_SEGMENT(.CONTINUOUS.,.T.,#2492);
#848=COMPOSITE_CURVE_SEGMENT(.CONTINUOUS.,.T.,#2493);
#849=COMPOSITE_CURVE_SEGMENT(.CONTINUOUS.,.T.,#2494);
#850=COMPOSITE_CURVE_SEGMENT(.CONTINUOUS.,.T.,#2495);
#851=COMPOSITE_CURVE_SEGMENT(.CONTINUOUS.,.T.,#2496);
#852=COMPOSITE_CURVE_SEGMENT(.CONTINUOUS.,.T.,#2497);
#853=COMPOSITE_CURVE_SEGMENT(.CONTINUOUS.,.T.,#2498);
#854=COMPOSITE_CURVE_SEGMENT(.CONTINUOUS.,.T.,#2499);
#855=COMPOSITE_CURVE_SEGMENT(.CONTINUOUS.,.T.,#2500);
#856=COMPOSITE_CURVE_SEGMENT(.CONTINUOUS.,.T.,#2501);
#857=COMPOSITE_CURVE_SEGMENT(.CONTINUOUS.,.T.,#2502);
#858=COMPOSITE_CURVE_SEGMENT(.CONTINUOUS.,.T.,#2503);
#859=COMPOSITE_CURVE_SEGMENT(.CONTINUOUS.,.T.,#2504);
#860=COMPOSITE_CURVE_SEGMENT(.CONTINUOUS.,.T.,#2505);
#861=COMPOSITE_CURVE_SEGMENT(.CONTINUOUS.,.T.,#2506);
#862=COMPOSITE_CURVE_SEGMENT(.CONTINUOUS.,.T.,#2507);
#864=FACE_OUTER_BOUND('',#2508,.T.);
#865=CYLINDRICAL_SURFACE('',#2509,0.7112);
#866=FACE_OUTER_BOUND('',#2510,.T.);
#867=CYLINDRICAL_SURFACE('',#2511,0.7112);
#868=FACE_OUTER_BOUND('',#2512,.T.);
#869=CYLINDRICAL_SURFACE('',#2513,0.7112);
#870=FACE_OUTER_BOUND('',#2514,.T.);
#871=CYLINDRICAL_SURFACE('',#2515,0.7112);
#872=FACE_OUTER_BOUND('',#2516,.T.);
#873=CYLINDRICAL_SURFACE('',#2517,0.7112);
#874=FACE_OUTER_BOUND('',#2518,.T.);
#875=CYLINDRICAL_SURFACE('',#2519,0.7112);
#876=FACE_OUTER_BOUND('',#2520,.T.);
#877=CYLINDRICAL_SURFACE('',#2521,0.7112);
#878=FACE_OUTER_BOUND('',#2522,.T.);
#879=CYLINDRICAL_SURFACE('',#2523,0.7112);
#880=FACE_OUTER_BOUND('',#2524,.T.);
#881=CYLINDRICAL_SURFACE('',#2525,0.7112);
#882=FACE_OUTER_BOUND('',#2526,.T.);
#883=CYLINDRICAL_SURFACE('',#2527,0.7112);
#884=FACE_OUTER_BOUND('',#2528,.T.);
#885=CYLINDRICAL_SURFACE('',#2529,0.7112);
#886=FACE_OUTER_BOUND('',#2530,.T.);
#887=CYLINDRICAL_SURFACE('',#2531,0.7112);
#888=FACE_OUTER_BOUND('',#2532,.T.);
#889=CYLINDRICAL_SURFACE('',#2533,0.7112);
#890=FACE_OUTER_BOUND('',#2534,.T.);
#891=CYLINDRICAL_SURFACE('',#2535,0.7112);
#892=FACE_OUTER_BOUND('',#2536,.T.);
#893=CYLINDRICAL_SURFACE('',#2537,0.7112);
#894=FACE_OUTER_BOUND('',#2538,.T.);
#895=CYLINDRICAL_SURFACE('',#2539,0.7112);
#896=FACE_OUTER_BOUND('',#2540,.T.);
#897=CYLINDRICAL_SURFACE('',#2541,0.7112);
#898=FACE_OUTER_BOUND('',#2542,.T.);
#899=CYLINDRICAL_SURFACE('',#2543,0.7112);
#900=FACE_OUTER_BOUND('',#2544,.T.);
#901=CYLINDRICAL_SURFACE('',#2545,0.7112);
#902=FACE_OUTER_BOUND('',#2546,.T.);
#903=CYLINDRICAL_SURFACE('',#2547,0.7112);
#904=FACE_OUTER_BOUND('',#2548,.T.);
#905=CYLINDRICAL_SURFACE('',#2549,0.7112);
#906=FACE_OUTER_BOUND('',#2550,.T.);
#907=CYLINDRICAL_SURFACE('',#2551,0.7112);
#908=FACE_OUTER_BOUND('',#2552,.T.);
#909=CYLINDRICAL_SURFACE('',#2553,0.7112);
#910=FACE_OUTER_BOUND('',#2554,.T.);
#911=CYLINDRICAL_SURFACE('',#2555,0.7112);
#912=FACE_OUTER_BOUND('',#2556,.T.);
#913=CYLINDRICAL_SURFACE('',#2557,0.7112);
#914=FACE_OUTER_BOUND('',#2558,.T.);
#915=CYLINDRICAL_SURFACE('',#2559,0.7112);
#916=FACE_OUTER_BOUND('',#2560,.T.);
#917=CYLINDRICAL_SURFACE('',#2561,0.7112);
#918=FACE_OUTER_BOUND('',#2562,.T.);
#919=CYLINDRICAL_SURFACE('',#2563,0.7112);
#920=FACE_OUTER_BOUND('',#2564,.T.);
#921=PLANE('',#2565);
#922=FACE_OUTER_BOUND('',#2566,.T.);
#923=PLANE('',#2567);
#924=FACE_OUTER_BOUND('',#2568,.T.);
#925=FACE_BOUND('',#2569,.T.);
#926=FACE_BOUND('',#2570,.T.);
#927=FACE_BOUND('',#2571,.T.);
#928=FACE_BOUND('',#2572,.T.);
#929=FACE_BOUND('',#2573,.T.);
#930=FACE_BOUND('',#2574,.T.);
#931=FACE_BOUND('',#2575,.T.);
#932=FACE_BOUND('',#2576,.T.);
#933=FACE_BOUND('',#2577,.T.);
#934=FACE_BOUND('',#2578,.T.);
#935=FACE_BOUND('',#2579,.T.);
#936=FACE_BOUND('',#2580,.T.);
#937=FACE_BOUND('',#2581,.T.);
#938=FACE_BOUND('',#2582,.T.);
#939=FACE_BOUND('',#2583,.T.);
#940=FACE_BOUND('',#2584,.T.);
#941=FACE_BOUND('',#2585,.T.);
#942=FACE_BOUND('',#2586,.T.);
#943=FACE_BOUND('',#2587,.T.);
#944=FACE_BOUND('',#2588,.T.);
#945=FACE_BOUND('',#2589,.T.);
#946=FACE_BOUND('',#2590,.T.);
#947=FACE_BOUND('',#2591,.T.);
#948=FACE_BOUND('',#2592,.T.);
#949=FACE_BOUND('',#2593,.T.);
#950=FACE_BOUND('',#2594,.T.);
#951=FACE_BOUND('',#2595,.T.);
#952=FACE_BOUND('',#2596,.T.);
#953=FACE_BOUND('',#2597,.T.);
#954=FACE_BOUND('',#2598,.T.);
#955=FACE_BOUND('',#2599,.T.);
#956=FACE_BOUND('',#2600,.T.);
#957=FACE_BOUND('',#2601,.T.);
#958=FACE_BOUND('',#2602,.T.);
#959=FACE_BOUND('',#2603,.T.);
#960=FACE_BOUND('',#2604,.T.);
#961=FACE_BOUND('',#2605,.T.);
#962=FACE_BOUND('',#2606,.T.);
#963=FACE_BOUND('',#2607,.T.);
#964=FACE_BOUND('',#2608,.T.);
#965=PLANE('',#2609);
#966=FACE_OUTER_BOUND('',#2610,.T.);
#967=PLANE('',#2611);
#968=FACE_OUTER_BOUND('',#2612,.T.);
#969=PLANE('',#2613);
#970=FACE_OUTER_BOUND('',#2614,.T.);
#971=PLANE('',#2615);
#972=FACE_OUTER_BOUND('',#2616,.T.);
#973=PLANE('',#2617);
#974=FACE_OUTER_BOUND('',#2618,.T.);
#975=PLANE('',#2619);
#976=FACE_OUTER_BOUND('',#2620,.T.);
#977=PLANE('',#2621);
#978=FACE_OUTER_BOUND('',#2622,.T.);
#979=PLANE('',#2623);
#980=FACE_OUTER_BOUND('',#2624,.T.);
#981=PLANE('',#2625);
#982=FACE_OUTER_BOUND('',#2626,.T.);
#983=PLANE('',#2627);
#984=FACE_OUTER_BOUND('',#2628,.T.);
#985=PLANE('',#2629);
#986=FACE_OUTER_BOUND('',#2630,.T.);
#987=PLANE('',#2631);
#988=FACE_OUTER_BOUND('',#2632,.T.);
#989=PLANE('',#2633);
#990=FACE_OUTER_BOUND('',#2634,.T.);
#991=PLANE('',#2635);
#992=FACE_OUTER_BOUND('',#2636,.T.);
#993=PLANE('',#2637);
#994=FACE_OUTER_BOUND('',#2638,.T.);
#995=PLANE('',#2639);
#996=FACE_OUTER_BOUND('',#2640,.T.);
#997=PLANE('',#2641);
#998=FACE_OUTER_BOUND('',#2642,.T.);
#999=PLANE('',#2643);
#1000=FACE_OUTER_BOUND('',#2644,.T.);
#1001=PLANE('',#2645);
#1002=FACE_OUTER_BOUND('',#2646,.T.);
#1003=PLANE('',#2647);
#1004=FACE_OUTER_BOUND('',#2648,.T.);
#1005=PLANE('',#2649);
#1006=FACE_OUTER_BOUND('',#2650,.T.);
#1007=PLANE('',#2651);
#1008=FACE_OUTER_BOUND('',#2652,.T.);
#1009=PLANE('',#2653);
#1010=FACE_OUTER_BOUND('',#2654,.T.);
#1011=PLANE('',#2655);
#1012=FACE_OUTER_BOUND('',#2656,.T.);
#1013=PLANE('',#2657);
#1014=FACE_OUTER_BOUND('',#2658,.T.);
#1015=PLANE('',#2659);
#1016=FACE_OUTER_BOUND('',#2660,.T.);
#1017=PLANE('',#2661);
#1018=FACE_OUTER_BOUND('',#2662,.T.);
#1019=PLANE('',#2663);
#1020=FACE_OUTER_BOUND('',#2664,.T.);
#1021=PLANE('',#2665);
#1022=FACE_OUTER_BOUND('',#2666,.T.);
#1023=PLANE('',#2667);
#1024=FACE_OUTER_BOUND('',#2668,.T.);
#1025=PLANE('',#2669);
#1026=FACE_OUTER_BOUND('',#2670,.T.);
#1027=PLANE('',#2671);
#1028=FACE_OUTER_BOUND('',#2672,.T.);
#1029=PLANE('',#2673);
#1030=FACE_OUTER_BOUND('',#2674,.T.);
#1031=PLANE('',#2675);
#1032=FACE_OUTER_BOUND('',#2676,.T.);
#1033=PLANE('',#2677);
#1034=FACE_OUTER_BOUND('',#2678,.T.);
#1035=PLANE('',#2679);
#1036=FACE_OUTER_BOUND('',#2680,.T.);
#1037=PLANE('',#2681);
#1038=FACE_OUTER_BOUND('',#2682,.T.);
#1039=PLANE('',#2683);
#1040=FACE_OUTER_BOUND('',#2684,.T.);
#1041=PLANE('',#2685);
#1042=FACE_OUTER_BOUND('',#2686,.T.);
#1043=PLANE('',#2687);
#1044=FACE_OUTER_BOUND('',#2688,.T.);
#1045=PLANE('',#2689);
#1046=FACE_OUTER_BOUND('',#2690,.T.);
#1047=PLANE('',#2691);
#1048=FACE_OUTER_BOUND('',#2692,.T.);
#1049=PLANE('',#2693);
#1050=FACE_OUTER_BOUND('',#2694,.T.);
#1051=PLANE('',#2695);
#1052=FACE_OUTER_BOUND('',#2696,.T.);
#1053=PLANE('',#2697);
#1054=FACE_OUTER_BOUND('',#2698,.T.);
#1055=PLANE('',#2699);
#1056=FACE_OUTER_BOUND('',#2700,.T.);
#1057=PLANE('',#2701);
#1058=FACE_OUTER_BOUND('',#2702,.T.);
#1059=PLANE('',#2703);
#1060=FACE_OUTER_BOUND('',#2704,.T.);
#1061=PLANE('',#2705);
#1062=FACE_OUTER_BOUND('',#2706,.T.);
#1063=PLANE('',#2707);
#1064=FACE_OUTER_BOUND('',#2708,.T.);
#1065=PLANE('',#2709);
#1066=FACE_OUTER_BOUND('',#2710,.T.);
#1067=PLANE('',#2711);
#1068=FACE_OUTER_BOUND('',#2712,.T.);
#1069=PLANE('',#2713);
#1070=FACE_OUTER_BOUND('',#2714,.T.);
#1071=PLANE('',#2715);
#1072=FACE_OUTER_BOUND('',#2716,.T.);
#1073=PLANE('',#2717);
#1074=FACE_OUTER_BOUND('',#2718,.T.);
#1075=PLANE('',#2719);
#1076=FACE_OUTER_BOUND('',#2720,.T.);
#1077=PLANE('',#2721);
#1078=FACE_OUTER_BOUND('',#2722,.T.);
#1079=PLANE('',#2723);
#1080=FACE_OUTER_BOUND('',#2724,.T.);
#1081=CYLINDRICAL_SURFACE('',#2725,0.7112);
#1082=FACE_OUTER_BOUND('',#2726,.T.);
#1083=PLANE('',#2727);
#1084=FACE_OUTER_BOUND('',#2728,.T.);
#1085=PLANE('',#2729);
#1086=FACE_OUTER_BOUND('',#2730,.T.);
#1087=PLANE('',#2731);
#1088=FACE_OUTER_BOUND('',#2732,.T.);
#1089=PLANE('',#2733);
#1090=FACE_OUTER_BOUND('',#2734,.T.);
#1091=PLANE('',#2735);
#1092=FACE_OUTER_BOUND('',#2736,.T.);
#1093=PLANE('',#2737);
#1094=FACE_OUTER_BOUND('',#2738,.T.);
#1095=PLANE('',#2739);
#1096=FACE_OUTER_BOUND('',#2740,.T.);
#1097=PLANE('',#2741);
#1098=FACE_OUTER_BOUND('',#2742,.T.);
#1099=PLANE('',#2743);
#1100=FACE_OUTER_BOUND('',#2744,.T.);
#1101=PLANE('',#2745);
#1102=FACE_OUTER_BOUND('',#2746,.T.);
#1103=PLANE('',#2747);
#1104=FACE_OUTER_BOUND('',#2748,.T.);
#1105=PLANE('',#2749);
#1106=FACE_OUTER_BOUND('',#2750,.T.);
#1107=PLANE('',#2751);
#1108=FACE_OUTER_BOUND('',#2752,.T.);
#1109=PLANE('',#2753);
#1110=FACE_OUTER_BOUND('',#2754,.T.);
#1111=PLANE('',#2755);
#1112=FACE_OUTER_BOUND('',#2756,.T.);
#1113=PLANE('',#2757);
#1114=FACE_OUTER_BOUND('',#2758,.T.);
#1115=PLANE('',#2759);
#1116=FACE_OUTER_BOUND('',#2760,.T.);
#1117=PLANE('',#2761);
#1118=FACE_OUTER_BOUND('',#2762,.T.);
#1119=PLANE('',#2763);
#1120=FACE_OUTER_BOUND('',#2764,.T.);
#1121=PLANE('',#2765);
#1122=FACE_OUTER_BOUND('',#2766,.T.);
#1123=PLANE('',#2767);
#1124=FACE_OUTER_BOUND('',#2768,.T.);
#1125=PLANE('',#2769);
#1126=FACE_OUTER_BOUND('',#2770,.T.);
#1127=PLANE('',#2771);
#1128=FACE_OUTER_BOUND('',#2772,.T.);
#1129=PLANE('',#2773);
#1130=FACE_OUTER_BOUND('',#2774,.T.);
#1131=PLANE('',#2775);
#1132=FACE_OUTER_BOUND('',#2776,.T.);
#1133=PLANE('',#2777);
#1134=FACE_OUTER_BOUND('',#2778,.T.);
#1135=PLANE('',#2779);
#1136=FACE_OUTER_BOUND('',#2780,.T.);
#1137=PLANE('',#2781);
#1138=FACE_OUTER_BOUND('',#2782,.T.);
#1139=PLANE('',#2783);
#1140=FACE_OUTER_BOUND('',#2784,.T.);
#1141=PLANE('',#2785);
#1142=FACE_OUTER_BOUND('',#2786,.T.);
#1143=PLANE('',#2787);
#1144=FACE_OUTER_BOUND('',#2788,.T.);
#1145=CYLINDRICAL_SURFACE('',#2789,0.7112);
#1146=FACE_OUTER_BOUND('',#2790,.T.);
#1147=PLANE('',#2791);
#1148=FACE_OUTER_BOUND('',#2792,.T.);
#1149=PLANE('',#2793);
#1150=FACE_OUTER_BOUND('',#2794,.T.);
#1151=CYLINDRICAL_SURFACE('',#2795,0.7112);
#1152=FACE_OUTER_BOUND('',#2796,.T.);
#1153=PLANE('',#2797);
#1154=FACE_OUTER_BOUND('',#2798,.T.);
#1155=PLANE('',#2799);
#1156=FACE_OUTER_BOUND('',#2800,.T.);
#1157=PLANE('',#2801);
#1158=FACE_OUTER_BOUND('',#2802,.T.);
#1159=CYLINDRICAL_SURFACE('',#2803,0.7112);
#1160=FACE_OUTER_BOUND('',#2804,.T.);
#1161=PLANE('',#2805);
#1162=FACE_OUTER_BOUND('',#2806,.T.);
#1163=PLANE('',#2807);
#1164=FACE_OUTER_BOUND('',#2808,.T.);
#1165=PLANE('',#2809);
#1166=FACE_OUTER_BOUND('',#2810,.T.);
#1167=CYLINDRICAL_SURFACE('',#2811,0.7112);
#1168=FACE_OUTER_BOUND('',#2812,.T.);
#1169=PLANE('',#2813);
#1170=FACE_OUTER_BOUND('',#2814,.T.);
#1171=PLANE('',#2815);
#1172=FACE_OUTER_BOUND('',#2816,.T.);
#1173=PLANE('',#2817);
#1174=FACE_OUTER_BOUND('',#2818,.T.);
#1175=CYLINDRICAL_SURFACE('',#2819,0.7112);
#1176=FACE_OUTER_BOUND('',#2820,.T.);
#1177=PLANE('',#2821);
#1178=FACE_OUTER_BOUND('',#2822,.T.);
#1179=PLANE('',#2823);
#1180=FACE_OUTER_BOUND('',#2824,.T.);
#1181=PLANE('',#2825);
#1182=FACE_OUTER_BOUND('',#2826,.T.);
#1183=CYLINDRICAL_SURFACE('',#2827,0.7112);
#1184=FACE_OUTER_BOUND('',#2828,.T.);
#1185=PLANE('',#2829);
#1186=FACE_OUTER_BOUND('',#2830,.T.);
#1187=PLANE('',#2831);
#1188=FACE_OUTER_BOUND('',#2832,.T.);
#1189=PLANE('',#2833);
#1190=FACE_OUTER_BOUND('',#2834,.T.);
#1191=CYLINDRICAL_SURFACE('',#2835,0.7112);
#1192=FACE_OUTER_BOUND('',#2836,.T.);
#1193=PLANE('',#2837);
#1194=FACE_OUTER_BOUND('',#2838,.T.);
#1195=PLANE('',#2839);
#1196=FACE_OUTER_BOUND('',#2840,.T.);
#1197=PLANE('',#2841);
#1198=FACE_OUTER_BOUND('',#2842,.T.);
#1199=CYLINDRICAL_SURFACE('',#2843,0.7112);
#1200=FACE_OUTER_BOUND('',#2844,.T.);
#1201=PLANE('',#2845);
#1202=FACE_OUTER_BOUND('',#2846,.T.);
#1203=PLANE('',#2847);
#1204=FACE_OUTER_BOUND('',#2848,.T.);
#1205=PLANE('',#2849);
#1206=FACE_OUTER_BOUND('',#2850,.T.);
#1207=CYLINDRICAL_SURFACE('',#2851,0.7112);
#1208=FACE_OUTER_BOUND('',#2852,.T.);
#1209=PLANE('',#2853);
#1210=FACE_OUTER_BOUND('',#2854,.T.);
#1211=PLANE('',#2855);
#1212=FACE_OUTER_BOUND('',#2856,.T.);
#1213=PLANE('',#2857);
#1214=FACE_OUTER_BOUND('',#2858,.T.);
#1215=CYLINDRICAL_SURFACE('',#2859,0.7112);
#1216=FACE_OUTER_BOUND('',#2860,.T.);
#1217=PLANE('',#2861);
#1218=FACE_OUTER_BOUND('',#2862,.T.);
#1219=PLANE('',#2863);
#1220=FACE_OUTER_BOUND('',#2864,.T.);
#1221=PLANE('',#2865);
#1222=FACE_OUTER_BOUND('',#2866,.T.);
#1223=CYLINDRICAL_SURFACE('',#2867,0.7112);
#1224=FACE_OUTER_BOUND('',#2868,.T.);
#1225=PLANE('',#2869);
#1226=FACE_OUTER_BOUND('',#2870,.T.);
#1227=PLANE('',#2871);
#1228=FACE_OUTER_BOUND('',#2872,.T.);
#1229=PLANE('',#2873);
#1230=FACE_OUTER_BOUND('',#2874,.T.);
#1231=CYLINDRICAL_SURFACE('',#2875,0.7112);
#1232=FACE_OUTER_BOUND('',#2876,.T.);
#1233=PLANE('',#2877);
#1234=FACE_OUTER_BOUND('',#2878,.T.);
#1235=PLANE('',#2879);
#1236=FACE_OUTER_BOUND('',#2880,.T.);
#1237=PLANE('',#2881);
#1238=FACE_OUTER_BOUND('',#2882,.T.);
#1239=CYLINDRICAL_SURFACE('',#2883,0.7112);
#1240=FACE_OUTER_BOUND('',#2884,.T.);
#1241=PLANE('',#2885);
#1242=FACE_OUTER_BOUND('',#2886,.T.);
#1243=PLANE('',#2887);
#1244=FACE_OUTER_BOUND('',#2888,.T.);
#1245=PLANE('',#2889);
#1246=FACE_OUTER_BOUND('',#2890,.T.);
#1247=CYLINDRICAL_SURFACE('',#2891,0.7112);
#1248=FACE_OUTER_BOUND('',#2892,.T.);
#1249=PLANE('',#2893);
#1250=FACE_OUTER_BOUND('',#2894,.T.);
#1251=PLANE('',#2895);
#1252=FACE_OUTER_BOUND('',#2896,.T.);
#1253=PLANE('',#2897);
#1254=FACE_OUTER_BOUND('',#2898,.T.);
#1255=CYLINDRICAL_SURFACE('',#2899,0.7112);
#1256=FACE_OUTER_BOUND('',#2900,.T.);
#1257=PLANE('',#2901);
#1258=FACE_OUTER_BOUND('',#2902,.T.);
#1259=PLANE('',#2903);
#1260=FACE_OUTER_BOUND('',#2904,.T.);
#1261=PLANE('',#2905);
#1262=FACE_OUTER_BOUND('',#2906,.T.);
#1263=CYLINDRICAL_SURFACE('',#2907,0.7112);
#1264=FACE_OUTER_BOUND('',#2908,.T.);
#1265=PLANE('',#2909);
#1266=FACE_OUTER_BOUND('',#2910,.T.);
#1267=PLANE('',#2911);
#1268=FACE_OUTER_BOUND('',#2912,.T.);
#1269=PLANE('',#2913);
#1270=FACE_OUTER_BOUND('',#2914,.T.);
#1271=CYLINDRICAL_SURFACE('',#2915,0.7112);
#1272=FACE_OUTER_BOUND('',#2916,.T.);
#1273=PLANE('',#2917);
#1274=FACE_OUTER_BOUND('',#2918,.T.);
#1275=PLANE('',#2919);
#1276=FACE_OUTER_BOUND('',#2920,.T.);
#1277=PLANE('',#2921);
#1278=FACE_OUTER_BOUND('',#2922,.T.);
#1279=CYLINDRICAL_SURFACE('',#2923,0.7112);
#1280=FACE_OUTER_BOUND('',#2924,.T.);
#1281=PLANE('',#2925);
#1282=FACE_OUTER_BOUND('',#2926,.T.);
#1283=PLANE('',#2927);
#1284=FACE_OUTER_BOUND('',#2928,.T.);
#1285=PLANE('',#2929);
#1286=FACE_OUTER_BOUND('',#2930,.T.);
#1287=CYLINDRICAL_SURFACE('',#2931,0.7112);
#1288=FACE_OUTER_BOUND('',#2932,.T.);
#1289=PLANE('',#2933);
#1290=FACE_OUTER_BOUND('',#2934,.T.);
#1291=PLANE('',#2935);
#1292=FACE_OUTER_BOUND('',#2936,.T.);
#1293=PLANE('',#2937);
#1294=FACE_OUTER_BOUND('',#2938,.T.);
#1295=CYLINDRICAL_SURFACE('',#2939,0.7112);
#1296=FACE_OUTER_BOUND('',#2940,.T.);
#1297=PLANE('',#2941);
#1298=FACE_OUTER_BOUND('',#2942,.T.);
#1299=PLANE('',#2943);
#1300=FACE_OUTER_BOUND('',#2944,.T.);
#1301=PLANE('',#2945);
#1302=FACE_OUTER_BOUND('',#2946,.T.);
#1303=CYLINDRICAL_SURFACE('',#2947,0.7112);
#1304=FACE_OUTER_BOUND('',#2948,.T.);
#1305=PLANE('',#2949);
#1306=FACE_OUTER_BOUND('',#2950,.T.);
#1307=PLANE('',#2951);
#1308=FACE_OUTER_BOUND('',#2952,.T.);
#1309=PLANE('',#2953);
#1310=FACE_OUTER_BOUND('',#2954,.T.);
#1311=CYLINDRICAL_SURFACE('',#2955,0.7112);
#1312=FACE_OUTER_BOUND('',#2956,.T.);
#1313=PLANE('',#2957);
#1314=FACE_OUTER_BOUND('',#2958,.T.);
#1315=PLANE('',#2959);
#1316=FACE_OUTER_BOUND('',#2960,.T.);
#1317=PLANE('',#2961);
#1318=FACE_OUTER_BOUND('',#2962,.T.);
#1319=CYLINDRICAL_SURFACE('',#2963,0.7112);
#1320=FACE_OUTER_BOUND('',#2964,.T.);
#1321=PLANE('',#2965);
#1322=FACE_OUTER_BOUND('',#2966,.T.);
#1323=PLANE('',#2967);
#1324=FACE_OUTER_BOUND('',#2968,.T.);
#1325=PLANE('',#2969);
#1326=FACE_OUTER_BOUND('',#2970,.T.);
#1327=CYLINDRICAL_SURFACE('',#2971,0.7112);
#1328=FACE_OUTER_BOUND('',#2972,.T.);
#1329=PLANE('',#2973);
#1330=FACE_OUTER_BOUND('',#2974,.T.);
#1331=PLANE('',#2975);
#1332=FACE_OUTER_BOUND('',#2976,.T.);
#1333=PLANE('',#2977);
#1334=FACE_OUTER_BOUND('',#2978,.T.);
#1335=CYLINDRICAL_SURFACE('',#2979,0.7112);
#1336=FACE_OUTER_BOUND('',#2980,.T.);
#1337=PLANE('',#2981);
#1338=FACE_OUTER_BOUND('',#2982,.T.);
#1339=PLANE('',#2983);
#1340=FACE_OUTER_BOUND('',#2984,.T.);
#1341=PLANE('',#2985);
#1342=FACE_OUTER_BOUND('',#2986,.T.);
#1343=CYLINDRICAL_SURFACE('',#2987,0.7112);
#1344=FACE_OUTER_BOUND('',#2988,.T.);
#1345=PLANE('',#2989);
#1346=FACE_OUTER_BOUND('',#2990,.T.);
#1347=PLANE('',#2991);
#1348=FACE_OUTER_BOUND('',#2992,.T.);
#1349=PLANE('',#2993);
#1350=FACE_OUTER_BOUND('',#2994,.T.);
#1351=CYLINDRICAL_SURFACE('',#2995,0.7112);
#1352=FACE_OUTER_BOUND('',#2996,.T.);
#1353=PLANE('',#2997);
#1354=FACE_OUTER_BOUND('',#2998,.T.);
#1355=PLANE('',#2999);
#1356=FACE_OUTER_BOUND('',#3000,.T.);
#1357=PLANE('',#3001);
#1358=FACE_OUTER_BOUND('',#3002,.T.);
#1359=PLANE('',#3003);
#1360=FACE_OUTER_BOUND('',#3004,.T.);
#1361=PLANE('',#3005);
#1362=FACE_OUTER_BOUND('',#3006,.T.);
#1363=PLANE('',#3007);
#1364=FACE_OUTER_BOUND('',#3008,.T.);
#1365=PLANE('',#3009);
#1366=FACE_OUTER_BOUND('',#3010,.T.);
#1367=PLANE('',#3011);
#1368=FACE_OUTER_BOUND('',#3012,.T.);
#1369=PLANE('',#3013);
#1370=FACE_OUTER_BOUND('',#3014,.T.);
#1371=PLANE('',#3015);
#1372=FACE_OUTER_BOUND('',#3016,.T.);
#1373=PLANE('',#3017);
#1374=FACE_OUTER_BOUND('',#3018,.T.);
#1375=PLANE('',#3019);
#1376=FACE_OUTER_BOUND('',#3020,.T.);
#1377=PLANE('',#3021);
#1378=FACE_OUTER_BOUND('',#3022,.T.);
#1379=PLANE('',#3023);
#1380=FACE_OUTER_BOUND('',#3024,.T.);
#1381=PLANE('',#3025);
#1382=FACE_OUTER_BOUND('',#3026,.T.);
#1383=PLANE('',#3027);
#1384=FACE_OUTER_BOUND('',#3028,.T.);
#1385=PLANE('',#3029);
#1386=FACE_OUTER_BOUND('',#3030,.T.);
#1387=PLANE('',#3031);
#1388=FACE_OUTER_BOUND('',#3032,.T.);
#1389=PLANE('',#3033);
#1390=FACE_OUTER_BOUND('',#3034,.T.);
#1391=FACE_BOUND('',#3035,.T.);
#1392=FACE_BOUND('',#3036,.T.);
#1393=FACE_BOUND('',#3037,.T.);
#1394=FACE_BOUND('',#3038,.T.);
#1395=FACE_BOUND('',#3039,.T.);
#1396=FACE_BOUND('',#3040,.T.);
#1397=FACE_BOUND('',#3041,.T.);
#1398=FACE_BOUND('',#3042,.T.);
#1399=FACE_BOUND('',#3043,.T.);
#1400=FACE_BOUND('',#3044,.T.);
#1401=FACE_BOUND('',#3045,.T.);
#1402=FACE_BOUND('',#3046,.T.);
#1403=FACE_BOUND('',#3047,.T.);
#1404=FACE_BOUND('',#3048,.T.);
#1405=FACE_BOUND('',#3049,.T.);
#1406=FACE_BOUND('',#3050,.T.);
#1407=FACE_BOUND('',#3051,.T.);
#1408=FACE_BOUND('',#3052,.T.);
#1409=FACE_BOUND('',#3053,.T.);
#1410=FACE_BOUND('',#3054,.T.);
#1411=FACE_BOUND('',#3055,.T.);
#1412=FACE_BOUND('',#3056,.T.);
#1413=FACE_BOUND('',#3057,.T.);
#1414=FACE_BOUND('',#3058,.T.);
#1415=FACE_BOUND('',#3059,.T.);
#1416=FACE_BOUND('',#3060,.T.);
#1417=FACE_BOUND('',#3061,.T.);
#1418=FACE_BOUND('',#3062,.T.);
#1419=FACE_BOUND('',#3063,.T.);
#1420=FACE_BOUND('',#3064,.T.);
#1421=FACE_BOUND('',#3065,.T.);
#1422=FACE_BOUND('',#3066,.T.);
#1423=FACE_BOUND('',#3067,.T.);
#1424=FACE_BOUND('',#3068,.T.);
#1425=FACE_BOUND('',#3069,.T.);
#1426=FACE_BOUND('',#3070,.T.);
#1427=FACE_BOUND('',#3071,.T.);
#1428=FACE_BOUND('',#3072,.T.);
#1429=FACE_BOUND('',#3073,.T.);
#1430=FACE_BOUND('',#3074,.T.);
#1431=PLANE('',#3075);
#1432=FACE_OUTER_BOUND('',#3076,.T.);
#1433=PLANE('',#3077);
#1434=FACE_OUTER_BOUND('',#3078,.T.);
#1435=PLANE('',#3079);
#1436=FACE_OUTER_BOUND('',#3080,.T.);
#1437=PLANE('',#3081);
#1438=FACE_OUTER_BOUND('',#3082,.T.);
#1439=PLANE('',#3083);
#1440=FACE_OUTER_BOUND('',#3084,.T.);
#1441=PLANE('',#3085);
#1442=FACE_OUTER_BOUND('',#3086,.T.);
#1443=PLANE('',#3087);
#1444=FACE_OUTER_BOUND('',#3088,.T.);
#1445=PLANE('',#3089);
#1446=FACE_OUTER_BOUND('',#3090,.T.);
#1447=PLANE('',#3091);
#1448=FACE_OUTER_BOUND('',#3092,.T.);
#1449=PLANE('',#3093);
#1450=FACE_OUTER_BOUND('',#3094,.T.);
#1451=PLANE('',#3095);
#1452=FACE_OUTER_BOUND('',#3096,.T.);
#1453=PLANE('',#3097);
#1454=FACE_OUTER_BOUND('',#3098,.T.);
#1455=PLANE('',#3099);
#1456=FACE_OUTER_BOUND('',#3100,.T.);
#1457=PLANE('',#3101);
#1458=FACE_OUTER_BOUND('',#3102,.T.);
#1459=PLANE('',#3103);
#1460=FACE_OUTER_BOUND('',#3104,.T.);
#1461=PLANE('',#3105);
#1462=FACE_OUTER_BOUND('',#3106,.T.);
#1463=PLANE('',#3107);
#1464=FACE_OUTER_BOUND('',#3108,.T.);
#1465=PLANE('',#3109);
#1466=FACE_OUTER_BOUND('',#3110,.T.);
#1467=PLANE('',#3111);
#1468=FACE_OUTER_BOUND('',#3112,.T.);
#1469=PLANE('',#3113);
#1470=FACE_OUTER_BOUND('',#3114,.T.);
#1471=PLANE('',#3115);
#1472=FACE_OUTER_BOUND('',#3116,.T.);
#1473=PLANE('',#3117);
#1474=FACE_OUTER_BOUND('',#3118,.T.);
#1475=PLANE('',#3119);
#1476=FACE_OUTER_BOUND('',#3120,.T.);
#1477=PLANE('',#3121);
#1478=FACE_OUTER_BOUND('',#3122,.T.);
#1479=PLANE('',#3123);
#1480=FACE_OUTER_BOUND('',#3124,.T.);
#1481=PLANE('',#3125);
#1482=FACE_OUTER_BOUND('',#3126,.T.);
#1483=PLANE('',#3127);
#1484=FACE_OUTER_BOUND('',#3128,.T.);
#1485=PLANE('',#3129);
#1486=FACE_OUTER_BOUND('',#3130,.T.);
#1487=PLANE('',#3131);
#1488=FACE_OUTER_BOUND('',#3132,.T.);
#1489=PLANE('',#3133);
#1490=FACE_OUTER_BOUND('',#3134,.T.);
#1491=PLANE('',#3135);
#1492=FACE_OUTER_BOUND('',#3136,.T.);
#1493=PLANE('',#3137);
#1494=FACE_OUTER_BOUND('',#3138,.T.);
#1495=PLANE('',#3139);
#1496=FACE_OUTER_BOUND('',#3140,.T.);
#1497=PLANE('',#3141);
#1498=FACE_OUTER_BOUND('',#3142,.T.);
#1499=PLANE('',#3143);
#1500=FACE_OUTER_BOUND('',#3144,.T.);
#1501=PLANE('',#3145);
#1502=FACE_OUTER_BOUND('',#3146,.T.);
#1503=PLANE('',#3147);
#1504=FACE_OUTER_BOUND('',#3148,.T.);
#1505=PLANE('',#3149);
#1506=FACE_OUTER_BOUND('',#3150,.T.);
#1507=PLANE('',#3151);
#1508=FACE_OUTER_BOUND('',#3152,.T.);
#1509=PLANE('',#3153);
#1510=FACE_OUTER_BOUND('',#3154,.T.);
#1511=PLANE('',#3155);
#1512=FACE_OUTER_BOUND('',#3156,.T.);
#1513=PLANE('',#3157);
#1514=FACE_OUTER_BOUND('',#3158,.T.);
#1515=PLANE('',#3159);
#1516=FACE_OUTER_BOUND('',#3160,.T.);
#1517=PLANE('',#3161);
#1518=FACE_OUTER_BOUND('',#3162,.T.);
#1519=PLANE('',#3163);
#1520=FACE_OUTER_BOUND('',#3164,.T.);
#1521=PLANE('',#3165);
#1522=FACE_OUTER_BOUND('',#3166,.T.);
#1523=PLANE('',#3167);
#1524=FACE_OUTER_BOUND('',#3168,.T.);
#1525=PLANE('',#3169);
#1526=FACE_OUTER_BOUND('',#3170,.T.);
#1527=PLANE('',#3171);
#1528=FACE_OUTER_BOUND('',#3172,.T.);
#1529=PLANE('',#3173);
#1530=FACE_OUTER_BOUND('',#3174,.T.);
#1531=PLANE('',#3175);
#1532=FACE_OUTER_BOUND('',#3176,.T.);
#1533=PLANE('',#3177);
#1534=FACE_OUTER_BOUND('',#3178,.T.);
#1535=PLANE('',#3179);
#1536=FACE_OUTER_BOUND('',#3180,.T.);
#1537=PLANE('',#3181);
#1538=FACE_OUTER_BOUND('',#3182,.T.);
#1539=PLANE('',#3183);
#1540=FACE_OUTER_BOUND('',#3184,.T.);
#1541=PLANE('',#3185);
#1542=FACE_OUTER_BOUND('',#3186,.T.);
#1543=PLANE('',#3187);
#1544=FACE_OUTER_BOUND('',#3188,.T.);
#1545=PLANE('',#3189);
#1546=FACE_OUTER_BOUND('',#3190,.T.);
#1547=PLANE('',#3191);
#1548=FACE_OUTER_BOUND('',#3192,.T.);
#1549=PLANE('',#3193);
#1550=FACE_OUTER_BOUND('',#3194,.T.);
#1551=PLANE('',#3195);
#1552=FACE_OUTER_BOUND('',#3196,.T.);
#1553=PLANE('',#3197);
#1554=FACE_OUTER_BOUND('',#3198,.T.);
#1555=PLANE('',#3199);
#1556=FACE_OUTER_BOUND('',#3200,.T.);
#1557=PLANE('',#3201);
#1558=FACE_OUTER_BOUND('',#3202,.T.);
#1559=PLANE('',#3203);
#1560=FACE_OUTER_BOUND('',#3204,.T.);
#1561=PLANE('',#3205);
#1562=FACE_OUTER_BOUND('',#3206,.T.);
#1563=PLANE('',#3207);
#1564=FACE_OUTER_BOUND('',#3208,.T.);
#1565=PLANE('',#3209);
#1566=FACE_OUTER_BOUND('',#3210,.T.);
#1567=PLANE('',#3211);
#1568=FACE_OUTER_BOUND('',#3212,.T.);
#1569=PLANE('',#3213);
#1570=FACE_OUTER_BOUND('',#3214,.T.);
#1571=PLANE('',#3215);
#1572=FACE_OUTER_BOUND('',#3216,.T.);
#1573=PLANE('',#3217);
#1574=FACE_OUTER_BOUND('',#3218,.T.);
#1575=PLANE('',#3219);
#1576=FACE_OUTER_BOUND('',#3220,.T.);
#1577=PLANE('',#3221);
#1578=FACE_OUTER_BOUND('',#3222,.T.);
#1579=PLANE('',#3223);
#1580=FACE_OUTER_BOUND('',#3224,.T.);
#1581=PLANE('',#3225);
#1582=FACE_OUTER_BOUND('',#3226,.T.);
#1583=PLANE('',#3227);
#1584=FACE_OUTER_BOUND('',#3228,.T.);
#1585=PLANE('',#3229);
#1586=FACE_OUTER_BOUND('',#3230,.T.);
#1587=PLANE('',#3231);
#1588=FACE_OUTER_BOUND('',#3232,.T.);
#1589=PLANE('',#3233);
#1590=FACE_OUTER_BOUND('',#3234,.T.);
#1591=PLANE('',#3235);
#1592=FACE_OUTER_BOUND('',#3236,.T.);
#1593=PLANE('',#3237);
#1594=FACE_OUTER_BOUND('',#3238,.T.);
#1595=PLANE('',#3239);
#1596=FACE_OUTER_BOUND('',#3240,.T.);
#1597=PLANE('',#3241);
#1598=FACE_OUTER_BOUND('',#3242,.T.);
#1599=PLANE('',#3243);
#1600=FACE_OUTER_BOUND('',#3244,.T.);
#1601=PLANE('',#3245);
#1602=FACE_OUTER_BOUND('',#3246,.T.);
#1603=CYLINDRICAL_SURFACE('',#3247,0.7112);
#1604=FACE_OUTER_BOUND('',#3248,.T.);
#1605=PLANE('',#3249);
#1606=FACE_OUTER_BOUND('',#3250,.T.);
#1607=PLANE('',#3251);
#1608=FACE_OUTER_BOUND('',#3252,.T.);
#1609=PLANE('',#3253);
#1610=FACE_OUTER_BOUND('',#3254,.T.);
#1611=CYLINDRICAL_SURFACE('',#3255,0.7112);
#1612=FACE_OUTER_BOUND('',#3256,.T.);
#1613=PLANE('',#3257);
#1614=FACE_OUTER_BOUND('',#3258,.T.);
#1615=PLANE('',#3259);
#1616=FACE_OUTER_BOUND('',#3260,.T.);
#1617=CYLINDRICAL_SURFACE('',#3261,0.7112);
#1618=FACE_OUTER_BOUND('',#3262,.T.);
#1619=PLANE('',#3263);
#1620=FACE_OUTER_BOUND('',#3264,.T.);
#1621=PLANE('',#3265);
#1622=FACE_OUTER_BOUND('',#3266,.T.);
#1623=PLANE('',#3267);
#1624=FACE_OUTER_BOUND('',#3268,.T.);
#1625=CYLINDRICAL_SURFACE('',#3269,0.7112);
#1626=FACE_OUTER_BOUND('',#3270,.T.);
#1627=PLANE('',#3271);
#1628=FACE_OUTER_BOUND('',#3272,.T.);
#1629=PLANE('',#3273);
#1630=FACE_OUTER_BOUND('',#3274,.T.);
#1631=PLANE('',#3275);
#1632=FACE_OUTER_BOUND('',#3276,.T.);
#1633=CYLINDRICAL_SURFACE('',#3277,0.7112);
#1634=FACE_OUTER_BOUND('',#3278,.T.);
#1635=PLANE('',#3279);
#1636=FACE_OUTER_BOUND('',#3280,.T.);
#1637=PLANE('',#3281);
#1638=FACE_OUTER_BOUND('',#3282,.T.);
#1639=PLANE('',#3283);
#1640=FACE_OUTER_BOUND('',#3284,.T.);
#1641=CYLINDRICAL_SURFACE('',#3285,0.7112);
#1642=FACE_OUTER_BOUND('',#3286,.T.);
#1643=PLANE('',#3287);
#1644=FACE_OUTER_BOUND('',#3288,.T.);
#1645=PLANE('',#3289);
#1646=FACE_OUTER_BOUND('',#3290,.T.);
#1647=PLANE('',#3291);
#1648=FACE_OUTER_BOUND('',#3292,.T.);
#1649=CYLINDRICAL_SURFACE('',#3293,0.7112);
#1650=FACE_OUTER_BOUND('',#3294,.T.);
#1651=PLANE('',#3295);
#1652=FACE_OUTER_BOUND('',#3296,.T.);
#1653=PLANE('',#3297);
#1654=FACE_OUTER_BOUND('',#3298,.T.);
#1655=PLANE('',#3299);
#1656=FACE_OUTER_BOUND('',#3300,.T.);
#1657=CYLINDRICAL_SURFACE('',#3301,0.7112);
#1658=FACE_OUTER_BOUND('',#3302,.T.);
#1659=PLANE('',#3303);
#1660=FACE_OUTER_BOUND('',#3304,.T.);
#1661=PLANE('',#3305);
#1662=FACE_OUTER_BOUND('',#3306,.T.);
#1663=PLANE('',#3307);
#1664=FACE_OUTER_BOUND('',#3308,.T.);
#1665=CYLINDRICAL_SURFACE('',#3309,0.7112);
#1666=FACE_OUTER_BOUND('',#3310,.T.);
#1667=PLANE('',#3311);
#1668=FACE_OUTER_BOUND('',#3312,.T.);
#1669=PLANE('',#3313);
#1670=FACE_OUTER_BOUND('',#3314,.T.);
#1671=PLANE('',#3315);
#1672=FACE_OUTER_BOUND('',#3316,.T.);
#1673=CYLINDRICAL_SURFACE('',#3317,0.7112);
#1674=FACE_OUTER_BOUND('',#3318,.T.);
#1675=PLANE('',#3319);
#1676=FACE_OUTER_BOUND('',#3320,.T.);
#1677=PLANE('',#3321);
#1678=FACE_OUTER_BOUND('',#3322,.T.);
#1679=PLANE('',#3323);
#1680=FACE_OUTER_BOUND('',#3324,.T.);
#1681=CYLINDRICAL_SURFACE('',#3325,0.7112);
#1682=FACE_OUTER_BOUND('',#3326,.T.);
#1683=PLANE('',#3327);
#1684=FACE_OUTER_BOUND('',#3328,.T.);
#1685=PLANE('',#3329);
#1686=FACE_OUTER_BOUND('',#3330,.T.);
#1687=PLANE('',#3331);
#1688=FACE_OUTER_BOUND('',#3332,.T.);
#1689=CYLINDRICAL_SURFACE('',#3333,0.7112);
#1690=FACE_OUTER_BOUND('',#3334,.T.);
#1691=PLANE('',#3335);
#1692=FACE_OUTER_BOUND('',#3336,.T.);
#1693=PLANE('',#3337);
#1694=FACE_OUTER_BOUND('',#3338,.T.);
#1695=PLANE('',#3339);
#1696=FACE_OUTER_BOUND('',#3340,.T.);
#1697=CYLINDRICAL_SURFACE('',#3341,0.7112);
#1698=FACE_OUTER_BOUND('',#3342,.T.);
#1699=PLANE('',#3343);
#1700=FACE_OUTER_BOUND('',#3344,.T.);
#1701=PLANE('',#3345);
#1702=FACE_OUTER_BOUND('',#3346,.T.);
#1703=PLANE('',#3347);
#1704=FACE_OUTER_BOUND('',#3348,.T.);
#1705=CYLINDRICAL_SURFACE('',#3349,0.7112);
#1706=FACE_OUTER_BOUND('',#3350,.T.);
#1707=PLANE('',#3351);
#1708=FACE_OUTER_BOUND('',#3352,.T.);
#1709=PLANE('',#3353);
#1710=FACE_OUTER_BOUND('',#3354,.T.);
#1711=PLANE('',#3355);
#1712=FACE_OUTER_BOUND('',#3356,.T.);
#1713=CYLINDRICAL_SURFACE('',#3357,0.7112);
#1714=FACE_OUTER_BOUND('',#3358,.T.);
#1715=PLANE('',#3359);
#1716=FACE_OUTER_BOUND('',#3360,.T.);
#1717=PLANE('',#3361);
#1718=FACE_OUTER_BOUND('',#3362,.T.);
#1719=PLANE('',#3363);
#1720=FACE_OUTER_BOUND('',#3364,.T.);
#1721=CYLINDRICAL_SURFACE('',#3365,0.7112);
#1722=FACE_OUTER_BOUND('',#3366,.T.);
#1723=PLANE('',#3367);
#1724=FACE_OUTER_BOUND('',#3368,.T.);
#1725=PLANE('',#3369);
#1726=FACE_OUTER_BOUND('',#3370,.T.);
#1727=PLANE('',#3371);
#1728=FACE_OUTER_BOUND('',#3372,.T.);
#1729=CYLINDRICAL_SURFACE('',#3373,0.7112);
#1730=FACE_OUTER_BOUND('',#3374,.T.);
#1731=PLANE('',#3375);
#1732=FACE_OUTER_BOUND('',#3376,.T.);
#1733=PLANE('',#3377);
#1734=FACE_OUTER_BOUND('',#3378,.T.);
#1735=PLANE('',#3379);
#1736=FACE_OUTER_BOUND('',#3380,.T.);
#1737=CYLINDRICAL_SURFACE('',#3381,0.7112);
#1738=FACE_OUTER_BOUND('',#3382,.T.);
#1739=PLANE('',#3383);
#1740=FACE_OUTER_BOUND('',#3384,.T.);
#1741=PLANE('',#3385);
#1742=FACE_OUTER_BOUND('',#3386,.T.);
#1743=PLANE('',#3387);
#1744=FACE_OUTER_BOUND('',#3388,.T.);
#1745=CYLINDRICAL_SURFACE('',#3389,0.7112);
#1746=FACE_OUTER_BOUND('',#3390,.T.);
#1747=PLANE('',#3391);
#1748=FACE_OUTER_BOUND('',#3392,.T.);
#1749=PLANE('',#3393);
#1750=FACE_OUTER_BOUND('',#3394,.T.);
#1751=PLANE('',#3395);
#1752=FACE_OUTER_BOUND('',#3396,.T.);
#1753=CYLINDRICAL_SURFACE('',#3397,0.7112);
#1754=FACE_OUTER_BOUND('',#3398,.T.);
#1755=PLANE('',#3399);
#1756=FACE_OUTER_BOUND('',#3400,.T.);
#1757=PLANE('',#3401);
#1758=FACE_OUTER_BOUND('',#3402,.T.);
#1759=PLANE('',#3403);
#1760=FACE_OUTER_BOUND('',#3404,.T.);
#1761=CYLINDRICAL_SURFACE('',#3405,0.7112);
#1762=FACE_OUTER_BOUND('',#3406,.T.);
#1763=PLANE('',#3407);
#1764=FACE_OUTER_BOUND('',#3408,.T.);
#1765=PLANE('',#3409);
#1766=FACE_OUTER_BOUND('',#3410,.T.);
#1767=PLANE('',#3411);
#1768=FACE_OUTER_BOUND('',#3412,.T.);
#1769=CYLINDRICAL_SURFACE('',#3413,0.7112);
#1770=FACE_OUTER_BOUND('',#3414,.T.);
#1771=PLANE('',#3415);
#1772=FACE_OUTER_BOUND('',#3416,.T.);
#1773=PLANE('',#3417);
#1774=FACE_OUTER_BOUND('',#3418,.T.);
#1775=PLANE('',#3419);
#1776=FACE_OUTER_BOUND('',#3420,.T.);
#1777=CYLINDRICAL_SURFACE('',#3421,0.7112);
#1778=FACE_OUTER_BOUND('',#3422,.T.);
#1779=PLANE('',#3423);
#1780=FACE_OUTER_BOUND('',#3424,.T.);
#1781=PLANE('',#3425);
#1782=FACE_OUTER_BOUND('',#3426,.T.);
#1783=PLANE('',#3427);
#1784=FACE_OUTER_BOUND('',#3428,.T.);
#1785=CYLINDRICAL_SURFACE('',#3429,0.7112);
#1786=FACE_OUTER_BOUND('',#3430,.T.);
#1787=PLANE('',#3431);
#1788=FACE_OUTER_BOUND('',#3432,.T.);
#1789=PLANE('',#3433);
#1790=FACE_OUTER_BOUND('',#3434,.T.);
#1791=PLANE('',#3435);
#1792=FACE_OUTER_BOUND('',#3436,.T.);
#1793=CYLINDRICAL_SURFACE('',#3437,0.7112);
#1794=FACE_OUTER_BOUND('',#3438,.T.);
#1795=PLANE('',#3439);
#1796=FACE_OUTER_BOUND('',#3440,.T.);
#1797=PLANE('',#3441);
#1798=FACE_OUTER_BOUND('',#3442,.T.);
#1799=PLANE('',#3443);
#1800=FACE_OUTER_BOUND('',#3444,.T.);
#1801=CYLINDRICAL_SURFACE('',#3445,0.7112);
#1802=FACE_OUTER_BOUND('',#3446,.T.);
#1803=PLANE('',#3447);
#1804=FACE_OUTER_BOUND('',#3448,.T.);
#1805=PLANE('',#3449);
#1806=FACE_OUTER_BOUND('',#3450,.T.);
#1807=PLANE('',#3451);
#1808=FACE_OUTER_BOUND('',#3452,.T.);
#1809=CYLINDRICAL_SURFACE('',#3453,0.7112);
#1810=FACE_OUTER_BOUND('',#3454,.T.);
#1811=PLANE('',#3455);
#1812=FACE_OUTER_BOUND('',#3456,.T.);
#1813=PLANE('',#3457);
#1814=FACE_OUTER_BOUND('',#3458,.T.);
#1815=CYLINDRICAL_SURFACE('',#3459,0.7112);
#1816=FACE_OUTER_BOUND('',#3460,.T.);
#1817=PLANE('',#3461);
#1818=FACE_OUTER_BOUND('',#3462,.T.);
#1819=PLANE('',#3463);
#1820=FACE_OUTER_BOUND('',#3464,.T.);
#1821=PLANE('',#3465);
#1822=FACE_OUTER_BOUND('',#3466,.T.);
#1823=PLANE('',#3467);
#1824=FACE_OUTER_BOUND('',#3468,.T.);
#1825=PLANE('',#3469);
#1826=FACE_OUTER_BOUND('',#3470,.T.);
#1827=PLANE('',#3471);
#1828=FACE_OUTER_BOUND('',#3472,.T.);
#1829=PLANE('',#3473);
#1830=FACE_OUTER_BOUND('',#3474,.T.);
#1831=PLANE('',#3475);
#1832=FACE_OUTER_BOUND('',#3476,.T.);
#1833=PLANE('',#3477);
#1834=FACE_OUTER_BOUND('',#3478,.T.);
#1835=PLANE('',#3479);
#1836=FACE_OUTER_BOUND('',#3480,.T.);
#1837=PLANE('',#3481);
#1838=FACE_OUTER_BOUND('',#3482,.T.);
#1839=PLANE('',#3483);
#1840=FACE_OUTER_BOUND('',#3484,.T.);
#1841=PLANE('',#3485);
#1842=FACE_OUTER_BOUND('',#3486,.T.);
#1843=PLANE('',#3487);
#1844=FACE_OUTER_BOUND('',#3488,.T.);
#1845=PLANE('',#3489);
#1846=FACE_OUTER_BOUND('',#3490,.T.);
#1847=PLANE('',#3491);
#1848=FACE_OUTER_BOUND('',#3492,.T.);
#1849=PLANE('',#3493);
#1850=FACE_OUTER_BOUND('',#3494,.T.);
#1851=PLANE('',#3495);
#1852=FACE_OUTER_BOUND('',#3496,.T.);
#1853=PLANE('',#3497);
#1854=FACE_OUTER_BOUND('',#3498,.T.);
#1855=PLANE('',#3499);
#1856=FACE_OUTER_BOUND('',#3500,.T.);
#1857=PLANE('',#3501);
#1858=FACE_OUTER_BOUND('',#3502,.T.);
#1859=PLANE('',#3503);
#1860=FACE_OUTER_BOUND('',#3504,.T.);
#1861=PLANE('',#3505);
#1862=FACE_OUTER_BOUND('',#3506,.T.);
#1863=PLANE('',#3507);
#1864=FACE_OUTER_BOUND('',#3508,.T.);
#1865=PLANE('',#3509);
#1866=FACE_OUTER_BOUND('',#3510,.T.);
#1867=PLANE('',#3511);
#1868=FACE_OUTER_BOUND('',#3512,.T.);
#1869=PLANE('',#3513);
#1870=FACE_OUTER_BOUND('',#3514,.T.);
#1871=PLANE('',#3515);
#1872=FACE_OUTER_BOUND('',#3516,.T.);
#1873=PLANE('',#3517);
#1874=FACE_OUTER_BOUND('',#3518,.T.);
#1875=PLANE('',#3519);
#1876=FACE_OUTER_BOUND('',#3520,.T.);
#1877=PLANE('',#3521);
#1878=FACE_OUTER_BOUND('',#3522,.T.);
#1879=PLANE('',#3523);
#1880=FACE_OUTER_BOUND('',#3524,.T.);
#1881=PLANE('',#3525);
#1882=FACE_OUTER_BOUND('',#3526,.T.);
#1883=PLANE('',#3527);
#1884=FACE_OUTER_BOUND('',#3528,.T.);
#1885=PLANE('',#3529);
#1886=FACE_OUTER_BOUND('',#3530,.T.);
#1887=PLANE('',#3531);
#1888=FACE_OUTER_BOUND('',#3532,.T.);
#1889=PLANE('',#3533);
#1890=FACE_OUTER_BOUND('',#3534,.T.);
#1891=PLANE('',#3535);
#1892=FACE_OUTER_BOUND('',#3536,.T.);
#1893=PLANE('',#3537);
#1894=FACE_OUTER_BOUND('',#3538,.T.);
#1895=PLANE('',#3539);
#1896=FACE_OUTER_BOUND('',#3540,.T.);
#1897=PLANE('',#3541);
#1898=FACE_OUTER_BOUND('',#3542,.T.);
#1899=PLANE('',#3543);
#1900=FACE_OUTER_BOUND('',#3544,.T.);
#1901=PLANE('',#3545);
#1902=FACE_OUTER_BOUND('',#3546,.T.);
#1903=PLANE('',#3547);
#1904=FACE_OUTER_BOUND('',#3548,.T.);
#1905=PLANE('',#3549);
#1906=FACE_OUTER_BOUND('',#3550,.T.);
#1907=PLANE('',#3551);
#1908=FACE_OUTER_BOUND('',#3552,.T.);
#1909=PLANE('',#3553);
#1910=FACE_OUTER_BOUND('',#3554,.T.);
#1911=PLANE('',#3555);
#1912=FACE_OUTER_BOUND('',#3556,.T.);
#1913=PLANE('',#3557);
#1914=FACE_OUTER_BOUND('',#3558,.T.);
#1915=PLANE('',#3559);
#1916=FACE_OUTER_BOUND('',#3560,.T.);
#1917=PLANE('',#3561);
#1918=FACE_OUTER_BOUND('',#3562,.T.);
#1919=PLANE('',#3563);
#1920=FACE_OUTER_BOUND('',#3564,.T.);
#1921=PLANE('',#3565);
#1922=FACE_OUTER_BOUND('',#3566,.T.);
#1923=PLANE('',#3567);
#1924=FACE_OUTER_BOUND('',#3568,.T.);
#1925=PLANE('',#3569);
#1926=FACE_OUTER_BOUND('',#3570,.T.);
#1927=PLANE('',#3571);
#1928=FACE_OUTER_BOUND('',#3572,.T.);
#1929=PLANE('',#3573);
#1930=FACE_OUTER_BOUND('',#3574,.T.);
#1931=PLANE('',#3575);
#1932=FACE_OUTER_BOUND('',#3576,.T.);
#1933=PLANE('',#3577);
#1934=FACE_OUTER_BOUND('',#3578,.T.);
#1935=PLANE('',#3579);
#1936=FACE_OUTER_BOUND('',#3580,.T.);
#1937=PLANE('',#3581);
#1938=FACE_OUTER_BOUND('',#3582,.T.);
#1939=PLANE('',#3583);
#1940=FACE_OUTER_BOUND('',#3584,.T.);
#1941=PLANE('',#3585);
#1942=FACE_OUTER_BOUND('',#3586,.T.);
#1943=PLANE('',#3587);
#1944=FACE_OUTER_BOUND('',#3588,.T.);
#1945=PLANE('',#3589);
#1946=FACE_OUTER_BOUND('',#3590,.T.);
#1947=PLANE('',#3591);
#1948=FACE_OUTER_BOUND('',#3592,.T.);
#1949=PLANE('',#3593);
#1950=FACE_OUTER_BOUND('',#3594,.T.);
#1951=PLANE('',#3595);
#1952=FACE_OUTER_BOUND('',#3596,.T.);
#1953=PLANE('',#3597);
#1954=FACE_OUTER_BOUND('',#3598,.T.);
#1955=PLANE('',#3599);
#1956=FACE_OUTER_BOUND('',#3600,.T.);
#1957=PLANE('',#3601);
#1958=FACE_OUTER_BOUND('',#3602,.T.);
#1959=PLANE('',#3603);
#1960=FACE_OUTER_BOUND('',#3604,.T.);
#1961=PLANE('',#3605);
#1962=FACE_OUTER_BOUND('',#3606,.T.);
#1963=PLANE('',#3607);
#1964=FACE_OUTER_BOUND('',#3608,.T.);
#1965=PLANE('',#3609);
#1966=FACE_OUTER_BOUND('',#3610,.T.);
#1967=PLANE('',#3611);
#1968=FACE_OUTER_BOUND('',#3612,.T.);
#1969=PLANE('',#3613);
#1970=FACE_OUTER_BOUND('',#3614,.T.);
#1971=PLANE('',#3615);
#1972=FACE_OUTER_BOUND('',#3616,.T.);
#1973=PLANE('',#3617);
#1974=FACE_OUTER_BOUND('',#3618,.T.);
#1975=PLANE('',#3619);
#1976=FACE_OUTER_BOUND('',#3620,.T.);
#1977=PLANE('',#3621);
#1978=FACE_OUTER_BOUND('',#3622,.T.);
#1979=PLANE('',#3623);
#1980=FACE_OUTER_BOUND('',#3624,.T.);
#1981=PLANE('',#3625);
#1982=FACE_OUTER_BOUND('',#3626,.T.);
#1983=PLANE('',#3627);
#1984=FACE_OUTER_BOUND('',#3628,.T.);
#1985=PLANE('',#3629);
#1986=FACE_OUTER_BOUND('',#3630,.T.);
#1987=PLANE('',#3631);
#1988=FACE_OUTER_BOUND('',#3632,.T.);
#1989=PLANE('',#3633);
#1990=FACE_OUTER_BOUND('',#3634,.T.);
#1991=PLANE('',#3635);
#1992=FACE_OUTER_BOUND('',#3636,.T.);
#1993=PLANE('',#3637);
#1994=FACE_OUTER_BOUND('',#3638,.T.);
#1995=PLANE('',#3639);
#1996=FACE_OUTER_BOUND('',#3640,.T.);
#1997=PLANE('',#3641);
#1998=FACE_OUTER_BOUND('',#3642,.T.);
#1999=PLANE('',#3643);
#2000=FACE_OUTER_BOUND('',#3644,.T.);
#2001=PLANE('',#3645);
#2002=FACE_OUTER_BOUND('',#3646,.T.);
#2003=PLANE('',#3647);
#2004=FACE_OUTER_BOUND('',#3648,.T.);
#2005=PLANE('',#3649);
#2006=FACE_OUTER_BOUND('',#3650,.T.);
#2007=PLANE('',#3651);
#2008=FACE_OUTER_BOUND('',#3652,.T.);
#2009=PLANE('',#3653);
#2010=FACE_OUTER_BOUND('',#3654,.T.);
#2011=PLANE('',#3655);
#2012=FACE_OUTER_BOUND('',#3656,.T.);
#2013=PLANE('',#3657);
#2014=FACE_OUTER_BOUND('',#3658,.T.);
#2015=PLANE('',#3659);
#2016=FACE_OUTER_BOUND('',#3660,.T.);
#2017=PLANE('',#3661);
#2018=FACE_OUTER_BOUND('',#3662,.T.);
#2019=PLANE('',#3663);
#2020=FACE_OUTER_BOUND('',#3664,.T.);
#2021=PLANE('',#3665);
#2022=FACE_OUTER_BOUND('',#3666,.T.);
#2023=PLANE('',#3667);
#2024=FACE_OUTER_BOUND('',#3668,.T.);
#2025=PLANE('',#3669);
#2026=FACE_OUTER_BOUND('',#3670,.T.);
#2027=PLANE('',#3671);
#2028=FACE_OUTER_BOUND('',#3672,.T.);
#2029=PLANE('',#3673);
#2030=FACE_OUTER_BOUND('',#3674,.T.);
#2031=PLANE('',#3675);
#2032=FACE_OUTER_BOUND('',#3676,.T.);
#2033=PLANE('',#3677);
#2034=FACE_OUTER_BOUND('',#3678,.T.);
#2035=PLANE('',#3679);
#2036=FACE_OUTER_BOUND('',#3680,.T.);
#2037=PLANE('',#3681);
#2038=FACE_OUTER_BOUND('',#3682,.T.);
#2039=PLANE('',#3683);
#2040=FACE_OUTER_BOUND('',#3684,.T.);
#2041=PLANE('',#3685);
#2042=FACE_OUTER_BOUND('',#3686,.T.);
#2043=PLANE('',#3687);
#2044=FACE_OUTER_BOUND('',#3688,.T.);
#2045=PLANE('',#3689);
#2046=FACE_OUTER_BOUND('',#3690,.T.);
#2047=PLANE('',#3691);
#2048=FACE_OUTER_BOUND('',#3692,.T.);
#2049=PLANE('',#3693);
#2050=FACE_OUTER_BOUND('',#3694,.T.);
#2051=PLANE('',#3695);
#2052=FACE_OUTER_BOUND('',#3696,.T.);
#2053=PLANE('',#3697);
#2054=FACE_OUTER_BOUND('',#3698,.T.);
#2055=PLANE('',#3699);
#2056=FACE_OUTER_BOUND('',#3700,.T.);
#2057=PLANE('',#3701);
#2058=FACE_OUTER_BOUND('',#3702,.T.);
#2059=PLANE('',#3703);
#2060=FACE_OUTER_BOUND('',#3704,.T.);
#2061=PLANE('',#3705);
#2062=FACE_OUTER_BOUND('',#3706,.T.);
#2063=PLANE('',#3707);
#2064=FACE_OUTER_BOUND('',#3708,.T.);
#2065=PLANE('',#3709);
#2066=FACE_OUTER_BOUND('',#3710,.T.);
#2067=PLANE('',#3711);
#2068=FACE_OUTER_BOUND('',#3712,.T.);
#2069=PLANE('',#3713);
#2070=FACE_OUTER_BOUND('',#3714,.T.);
#2071=PLANE('',#3715);
#2072=FACE_OUTER_BOUND('',#3716,.T.);
#2073=PLANE('',#3717);
#2074=FACE_OUTER_BOUND('',#3718,.T.);
#2075=PLANE('',#3719);
#2076=FACE_OUTER_BOUND('',#3720,.T.);
#2077=PLANE('',#3721);
#2078=FACE_OUTER_BOUND('',#3722,.T.);
#2079=PLANE('',#3723);
#2080=FACE_OUTER_BOUND('',#3724,.T.);
#2081=PLANE('',#3725);
#2082=FACE_OUTER_BOUND('',#3726,.T.);
#2083=PLANE('',#3727);
#2084=FACE_OUTER_BOUND('',#3728,.T.);
#2085=PLANE('',#3729);
#2086=FACE_OUTER_BOUND('',#3730,.T.);
#2087=PLANE('',#3731);
#2088=FACE_OUTER_BOUND('',#3732,.T.);
#2089=PLANE('',#3733);
#2090=FACE_OUTER_BOUND('',#3734,.T.);
#2091=PLANE('',#3735);
#2092=FACE_OUTER_BOUND('',#3736,.T.);
#2093=PLANE('',#3737);
#2094=FACE_OUTER_BOUND('',#3738,.T.);
#2095=PLANE('',#3739);
#2096=FACE_OUTER_BOUND('',#3740,.T.);
#2097=PLANE('',#3741);
#2098=FACE_OUTER_BOUND('',#3742,.T.);
#2099=PLANE('',#3743);
#2100=FACE_OUTER_BOUND('',#3744,.T.);
#2101=PLANE('',#3745);
#2102=FACE_OUTER_BOUND('',#3746,.T.);
#2103=PLANE('',#3747);
#2104=FACE_OUTER_BOUND('',#3748,.T.);
#2105=PLANE('',#3749);
#2106=FACE_OUTER_BOUND('',#3750,.T.);
#2107=PLANE('',#3751);
#2108=FACE_OUTER_BOUND('',#3752,.T.);
#2109=PLANE('',#3753);
#2110=FACE_OUTER_BOUND('',#3754,.T.);
#2111=PLANE('',#3755);
#2112=FACE_OUTER_BOUND('',#3756,.T.);
#2113=PLANE('',#3757);
#2114=FACE_OUTER_BOUND('',#3758,.T.);
#2115=PLANE('',#3759);
#2116=FACE_OUTER_BOUND('',#3760,.T.);
#2117=PLANE('',#3761);
#2118=FACE_OUTER_BOUND('',#3762,.T.);
#2119=PLANE('',#3763);
#2120=FACE_OUTER_BOUND('',#3764,.T.);
#2121=PLANE('',#3765);
#2122=FACE_OUTER_BOUND('',#3766,.T.);
#2123=PLANE('',#3767);
#2124=FACE_OUTER_BOUND('',#3768,.T.);
#2125=PLANE('',#3769);
#2126=FACE_OUTER_BOUND('',#3770,.T.);
#2127=PLANE('',#3771);
#2128=FACE_OUTER_BOUND('',#3772,.T.);
#2129=PLANE('',#3773);
#2130=FACE_OUTER_BOUND('',#3774,.T.);
#2131=PLANE('',#3775);
#2132=FACE_OUTER_BOUND('',#3776,.T.);
#2133=PLANE('',#3777);
#2134=FACE_OUTER_BOUND('',#3778,.T.);
#2135=PLANE('',#3779);
#2136=FACE_OUTER_BOUND('',#3780,.T.);
#2137=PLANE('',#3781);
#2138=FACE_OUTER_BOUND('',#3782,.T.);
#2139=PLANE('',#3783);
#2140=FACE_OUTER_BOUND('',#3784,.T.);
#2141=PLANE('',#3785);
#2142=FACE_OUTER_BOUND('',#3786,.T.);
#2143=PLANE('',#3787);
#2144=FACE_OUTER_BOUND('',#3788,.T.);
#2145=PLANE('',#3789);
#2146=FACE_OUTER_BOUND('',#3790,.T.);
#2147=PLANE('',#3791);
#2148=FACE_OUTER_BOUND('',#3792,.T.);
#2149=PLANE('',#3793);
#2150=FACE_OUTER_BOUND('',#3794,.T.);
#2151=PLANE('',#3795);
#2152=FACE_OUTER_BOUND('',#3796,.T.);
#2153=PLANE('',#3797);
#2154=FACE_OUTER_BOUND('',#3798,.T.);
#2155=PLANE('',#3799);
#2156=FACE_OUTER_BOUND('',#3800,.T.);
#2157=PLANE('',#3801);
#2158=FACE_OUTER_BOUND('',#3802,.T.);
#2159=PLANE('',#3803);
#2160=FACE_OUTER_BOUND('',#3804,.T.);
#2161=PLANE('',#3805);
#2162=FACE_OUTER_BOUND('',#3806,.T.);
#2163=PLANE('',#3807);
#2164=FACE_OUTER_BOUND('',#3808,.T.);
#2165=PLANE('',#3809);
#2166=FACE_OUTER_BOUND('',#3810,.T.);
#2167=PLANE('',#3811);
#2168=FACE_OUTER_BOUND('',#3812,.T.);
#2169=PLANE('',#3813);
#2170=FACE_OUTER_BOUND('',#3814,.T.);
#2171=PLANE('',#3815);
#2172=FACE_OUTER_BOUND('',#3816,.T.);
#2173=PLANE('',#3817);
#2174=FACE_OUTER_BOUND('',#3818,.T.);
#2175=PLANE('',#3819);
#2176=FACE_OUTER_BOUND('',#3820,.T.);
#2177=PLANE('',#3821);
#2178=FACE_OUTER_BOUND('',#3822,.T.);
#2179=PLANE('',#3823);
#2180=FACE_OUTER_BOUND('',#3824,.T.);
#2181=PLANE('',#3825);
#2182=FACE_OUTER_BOUND('',#3826,.T.);
#2183=PLANE('',#3827);
#2184=FACE_OUTER_BOUND('',#3828,.T.);
#2185=PLANE('',#3829);
#2186=FACE_OUTER_BOUND('',#3830,.T.);
#2187=PLANE('',#3831);
#2188=FACE_OUTER_BOUND('',#3832,.T.);
#2189=PLANE('',#3833);
#2190=FACE_OUTER_BOUND('',#3834,.T.);
#2191=PLANE('',#3835);
#2192=FACE_OUTER_BOUND('',#3836,.T.);
#2193=PLANE('',#3837);
#2194=FACE_OUTER_BOUND('',#3838,.T.);
#2195=PLANE('',#3839);
#2196=FACE_OUTER_BOUND('',#3840,.T.);
#2197=PLANE('',#3841);
#2198=FACE_OUTER_BOUND('',#3842,.T.);
#2199=PLANE('',#3843);
#2200=FACE_OUTER_BOUND('',#3844,.T.);
#2201=PLANE('',#3845);
#2202=FACE_OUTER_BOUND('',#3846,.T.);
#2203=PLANE('',#3847);
#2204=FACE_OUTER_BOUND('',#3848,.T.);
#2205=PLANE('',#3849);
#2206=FACE_OUTER_BOUND('',#3850,.T.);
#2207=PLANE('',#3851);
#2208=FACE_OUTER_BOUND('',#3852,.T.);
#2209=PLANE('',#3853);
#2210=FACE_OUTER_BOUND('',#3854,.T.);
#2211=PLANE('',#3855);
#2212=FACE_OUTER_BOUND('',#3856,.T.);
#2213=PLANE('',#3857);
#2214=FACE_OUTER_BOUND('',#3858,.T.);
#2215=PLANE('',#3859);
#2216=FACE_OUTER_BOUND('',#3860,.T.);
#2217=PLANE('',#3861);
#2218=FACE_OUTER_BOUND('',#3862,.T.);
#2219=PLANE('',#3863);
#2220=FACE_OUTER_BOUND('',#3864,.T.);
#2221=PLANE('',#3865);
#2222=FACE_OUTER_BOUND('',#3866,.T.);
#2223=PLANE('',#3867);
#2224=FACE_OUTER_BOUND('',#3868,.T.);
#2225=PLANE('',#3869);
#2226=FACE_OUTER_BOUND('',#3870,.T.);
#2227=PLANE('',#3871);
#2228=FACE_OUTER_BOUND('',#3872,.T.);
#2229=PLANE('',#3873);
#2230=FACE_OUTER_BOUND('',#3874,.T.);
#2231=PLANE('',#3875);
#2232=FACE_OUTER_BOUND('',#3876,.T.);
#2233=PLANE('',#3877);
#2234=FACE_OUTER_BOUND('',#3878,.T.);
#2235=PLANE('',#3879);
#2236=FACE_OUTER_BOUND('',#3880,.T.);
#2237=PLANE('',#3881);
#2238=FACE_OUTER_BOUND('',#3882,.T.);
#2239=PLANE('',#3883);
#2240=FACE_OUTER_BOUND('',#3884,.T.);
#2241=PLANE('',#3885);
#2242=FACE_OUTER_BOUND('',#3886,.T.);
#2243=PLANE('',#3887);
#2244=FACE_OUTER_BOUND('',#3888,.T.);
#2245=PLANE('',#3889);
#2246=FACE_OUTER_BOUND('',#3890,.T.);
#2247=PLANE('',#3891);
#2248=FACE_OUTER_BOUND('',#3892,.T.);
#2249=PLANE('',#3893);
#2250=FACE_OUTER_BOUND('',#3894,.T.);
#2251=PLANE('',#3895);
#2252=FACE_OUTER_BOUND('',#3896,.T.);
#2253=PLANE('',#3897);
#2254=FACE_OUTER_BOUND('',#3898,.T.);
#2255=PLANE('',#3899);
#2256=FACE_OUTER_BOUND('',#3900,.T.);
#2257=PLANE('',#3901);
#2258=FACE_OUTER_BOUND('',#3902,.T.);
#2259=PLANE('',#3903);
#2260=FACE_OUTER_BOUND('',#3904,.T.);
#2261=PLANE('',#3905);
#2262=FACE_OUTER_BOUND('',#3906,.T.);
#2263=PLANE('',#3907);
#2264=FACE_OUTER_BOUND('',#3908,.T.);
#2265=PLANE('',#3909);
#2266=FACE_OUTER_BOUND('',#3910,.T.);
#2267=PLANE('',#3911);
#2268=FACE_OUTER_BOUND('',#3912,.T.);
#2269=PLANE('',#3913);
#2270=FACE_OUTER_BOUND('',#3914,.T.);
#2271=PLANE('',#3915);
#2272=FACE_OUTER_BOUND('',#3916,.T.);
#2273=PLANE('',#3917);
#2274=FACE_OUTER_BOUND('',#3918,.T.);
#2275=PLANE('',#3919);
#2276=FACE_OUTER_BOUND('',#3920,.T.);
#2277=PLANE('',#3921);
#2278=FACE_OUTER_BOUND('',#3922,.T.);
#2279=PLANE('',#3923);
#2280=FACE_OUTER_BOUND('',#3924,.T.);
#2281=PLANE('',#3925);
#2282=FACE_OUTER_BOUND('',#3926,.T.);
#2283=PLANE('',#3927);
#2284=FACE_OUTER_BOUND('',#3928,.T.);
#2285=PLANE('',#3929);
#2286=FACE_OUTER_BOUND('',#3930,.T.);
#2287=PLANE('',#3931);
#2288=FACE_OUTER_BOUND('',#3932,.T.);
#2289=PLANE('',#3933);
#2290=FACE_OUTER_BOUND('',#3934,.T.);
#2291=PLANE('',#3935);
#2292=FACE_OUTER_BOUND('',#3936,.T.);
#2293=PLANE('',#3937);
#2294=FACE_OUTER_BOUND('',#3938,.T.);
#2295=PLANE('',#3939);
#2296=FACE_OUTER_BOUND('',#3940,.T.);
#2297=PLANE('',#3941);
#2298=FACE_OUTER_BOUND('',#3942,.T.);
#2299=PLANE('',#3943);
#2300=FACE_OUTER_BOUND('',#3944,.T.);
#2301=PLANE('',#3945);
#2302=FACE_OUTER_BOUND('',#3946,.T.);
#2303=PLANE('',#3947);
#2304=FACE_OUTER_BOUND('',#3948,.T.);
#2305=PLANE('',#3949);
#2306=FACE_OUTER_BOUND('',#3950,.T.);
#2307=PLANE('',#3951);
#2308=FACE_OUTER_BOUND('',#3952,.T.);
#2309=PLANE('',#3953);
#2310=FACE_OUTER_BOUND('',#3954,.T.);
#2311=PLANE('',#3955);
#2312=FACE_OUTER_BOUND('',#3956,.T.);
#2313=PLANE('',#3957);
#2314=FACE_OUTER_BOUND('',#3958,.T.);
#2315=PLANE('',#3959);
#2316=FACE_OUTER_BOUND('',#3960,.T.);
#2317=PLANE('',#3961);
#2318=FACE_OUTER_BOUND('',#3962,.T.);
#2319=PLANE('',#3963);
#2320=FACE_OUTER_BOUND('',#3964,.T.);
#2321=PLANE('',#3965);
#2322=FACE_OUTER_BOUND('',#3966,.T.);
#2323=PLANE('',#3967);
#2324=FACE_OUTER_BOUND('',#3968,.T.);
#2325=PLANE('',#3969);
#2326=FACE_OUTER_BOUND('',#3970,.T.);
#2327=PLANE('',#3971);
#2328=FACE_OUTER_BOUND('',#3972,.T.);
#2329=PLANE('',#3973);
#2330=FACE_OUTER_BOUND('',#3974,.T.);
#2331=PLANE('',#3975);
#2332=FACE_OUTER_BOUND('',#3976,.T.);
#2333=PLANE('',#3977);
#2334=FACE_OUTER_BOUND('',#3978,.T.);
#2335=PLANE('',#3979);
#2336=FACE_OUTER_BOUND('',#3980,.T.);
#2337=PLANE('',#3981);
#2338=FACE_OUTER_BOUND('',#3982,.T.);
#2339=PLANE('',#3983);
#2340=FACE_OUTER_BOUND('',#3984,.T.);
#2341=PLANE('',#3985);
#2342=FACE_OUTER_BOUND('',#3986,.T.);
#2343=PLANE('',#3987);
#2344=FACE_OUTER_BOUND('',#3988,.T.);
#2345=PLANE('',#3989);
#2346=FACE_OUTER_BOUND('',#3990,.T.);
#2347=PLANE('',#3991);
#2348=FACE_OUTER_BOUND('',#3992,.T.);
#2349=PLANE('',#3993);
#2350=FACE_OUTER_BOUND('',#3994,.T.);
#2351=PLANE('',#3995);
#2352=FACE_OUTER_BOUND('',#3996,.T.);
#2353=PLANE('',#3997);
#2354=FACE_OUTER_BOUND('',#3998,.T.);
#2355=PLANE('',#3999);
#2356=FACE_OUTER_BOUND('',#4000,.T.);
#2357=PLANE('',#4001);
#2358=FACE_OUTER_BOUND('',#4002,.T.);
#2359=PLANE('',#4003);
#2360=FACE_OUTER_BOUND('',#4004,.T.);
#2361=PLANE('',#4005);
#2362=FACE_OUTER_BOUND('',#4006,.T.);
#2363=PLANE('',#4007);
#2364=FACE_OUTER_BOUND('',#4008,.T.);
#2365=PLANE('',#4009);
#2366=FACE_OUTER_BOUND('',#4010,.T.);
#2367=PLANE('',#4011);
#2368=FACE_OUTER_BOUND('',#4012,.T.);
#2369=PLANE('',#4013);
#2370=FACE_OUTER_BOUND('',#4014,.T.);
#2371=PLANE('',#4015);
#2372=FACE_OUTER_BOUND('',#4016,.T.);
#2373=PLANE('',#4017);
#2374=FACE_OUTER_BOUND('',#4018,.T.);
#2375=PLANE('',#4019);
#2376=FACE_OUTER_BOUND('',#4020,.T.);
#2377=PLANE('',#4021);
#2378=FACE_OUTER_BOUND('',#4022,.T.);
#2379=PLANE('',#4023);
#2380=FACE_OUTER_BOUND('',#4024,.T.);
#2381=PLANE('',#4025);
#2382=FACE_OUTER_BOUND('',#4026,.T.);
#2383=PLANE('',#4027);
#2384=FACE_OUTER_BOUND('',#4028,.T.);
#2385=PLANE('',#4029);
#2386=FACE_OUTER_BOUND('',#4030,.T.);
#2387=PLANE('',#4031);
#2388=FACE_OUTER_BOUND('',#4032,.T.);
#2389=PLANE('',#4033);
#2390=FACE_OUTER_BOUND('',#4034,.T.);
#2391=PLANE('',#4035);
#2392=FACE_OUTER_BOUND('',#4036,.T.);
#2393=PLANE('',#4037);
#2394=FACE_OUTER_BOUND('',#4038,.T.);
#2395=PLANE('',#4039);
#2396=FACE_OUTER_BOUND('',#4040,.T.);
#2397=PLANE('',#4041);
#2398=FACE_OUTER_BOUND('',#4042,.T.);
#2399=PLANE('',#4043);
#2400=FACE_OUTER_BOUND('',#4044,.T.);
#2401=PLANE('',#4045);
#2402=FACE_OUTER_BOUND('',#4046,.T.);
#2403=PLANE('',#4047);
#2404=FACE_OUTER_BOUND('',#4048,.T.);
#2405=PLANE('',#4049);
#2406=FACE_OUTER_BOUND('',#4050,.T.);
#2407=PLANE('',#4051);
#2408=FACE_OUTER_BOUND('',#4052,.T.);
#2409=PLANE('',#4053);
#2410=FACE_OUTER_BOUND('',#4054,.T.);
#2411=PLANE('',#4055);
#2412=FACE_OUTER_BOUND('',#4056,.T.);
#2413=PLANE('',#4057);
#2414=FACE_OUTER_BOUND('',#4058,.T.);
#2415=PLANE('',#4059);
#2416=FACE_OUTER_BOUND('',#4060,.T.);
#2417=PLANE('',#4061);
#2418=FACE_OUTER_BOUND('',#4062,.T.);
#2419=PLANE('',#4063);
#2420=FACE_OUTER_BOUND('',#4064,.T.);
#2421=PLANE('',#4065);
#2422=FACE_OUTER_BOUND('',#4066,.T.);
#2423=PLANE('',#4067);
#2424=FACE_OUTER_BOUND('',#4068,.T.);
#2425=PLANE('',#4069);
#2426=FACE_OUTER_BOUND('',#4070,.T.);
#2427=PLANE('',#4071);
#2428=FACE_OUTER_BOUND('',#4072,.T.);
#2429=PLANE('',#4073);
#2430=FACE_OUTER_BOUND('',#4074,.T.);
#2431=PLANE('',#4075);
#2432=FACE_OUTER_BOUND('',#4076,.T.);
#2433=PLANE('',#4077);
#2434=FACE_OUTER_BOUND('',#4078,.T.);
#2435=PLANE('',#4079);
#2436=FACE_OUTER_BOUND('',#4080,.T.);
#2437=PLANE('',#4081);
#2438=FACE_OUTER_BOUND('',#4082,.T.);
#2439=PLANE('',#4083);
#2440=FACE_OUTER_BOUND('',#4084,.T.);
#2441=PLANE('',#4085);
#2442=FACE_OUTER_BOUND('',#4086,.T.);
#2443=PLANE('',#4087);
#2444=FACE_OUTER_BOUND('',#4088,.T.);
#2445=PLANE('',#4089);
#2446=FACE_OUTER_BOUND('',#4090,.T.);
#2447=PLANE('',#4091);
#2448=FACE_OUTER_BOUND('',#4092,.T.);
#2449=PLANE('',#4093);
#2450=FACE_OUTER_BOUND('',#4094,.T.);
#2451=PLANE('',#4095);
#2452=FACE_OUTER_BOUND('',#4096,.T.);
#2453=PLANE('',#4097);
#2454=FACE_OUTER_BOUND('',#4098,.T.);
#2455=PLANE('',#4099);
#2456=FACE_OUTER_BOUND('',#4100,.T.);
#2457=PLANE('',#4101);
#2458=FACE_OUTER_BOUND('',#4102,.T.);
#2459=PLANE('',#4103);
#2460=FACE_OUTER_BOUND('',#4104,.T.);
#2461=PLANE('',#4105);
#2462=FACE_OUTER_BOUND('',#4106,.T.);
#2463=PLANE('',#4107);
#2464=FACE_OUTER_BOUND('',#4108,.T.);
#2465=PLANE('',#4109);
#2466=FACE_OUTER_BOUND('',#4110,.T.);
#2467=PLANE('',#4111);
#2468=FACE_OUTER_BOUND('',#4112,.T.);
#2469=PLANE('',#4113);
#2470=FACE_OUTER_BOUND('',#4114,.T.);
#2471=PLANE('',#4115);
#2472=FACE_OUTER_BOUND('',#4116,.T.);
#2473=PLANE('',#4117);
#2474=FACE_OUTER_BOUND('',#4118,.T.);
#2475=PLANE('',#4119);
#2476=FACE_OUTER_BOUND('',#4120,.T.);
#2477=PLANE('',#4121);
#2478=FACE_OUTER_BOUND('',#4122,.T.);
#2479=PLANE('',#4123);
#2480=TRIMMED_CURVE('',#4124,(PARAMETER_VALUE(0.0)),(PARAMETER_VALUE(3.1415926535892)),.T.,.UNSPECIFIED.);
#2481=TRIMMED_CURVE('',#4125,(PARAMETER_VALUE(0.0)),(PARAMETER_VALUE(3.1415926535892)),.T.,.UNSPECIFIED.);
#2482=TRIMMED_CURVE('',#4126,(PARAMETER_VALUE(0.0)),(PARAMETER_VALUE(3.1415926535892)),.T.,.UNSPECIFIED.);
#2483=TRIMMED_CURVE('',#4127,(PARAMETER_VALUE(0.0)),(PARAMETER_VALUE(3.1415926535892)),.T.,.UNSPECIFIED.);
#2484=TRIMMED_CURVE('',#4128,(PARAMETER_VALUE(0.0)),(PARAMETER_VALUE(3.1415926535892)),.T.,.UNSPECIFIED.);
#2485=TRIMMED_CURVE('',#4129,(PARAMETER_VALUE(0.0)),(PARAMETER_VALUE(3.1415926535892)),.T.,.UNSPECIFIED.);
#2486=TRIMMED_CURVE('',#4130,(PARAMETER_VALUE(0.0)),(PARAMETER_VALUE(3.1415926535892)),.T.,.UNSPECIFIED.);
#2487=TRIMMED_CURVE('',#4131,(PARAMETER_VALUE(0.0)),(PARAMETER_VALUE(3.1415926535892)),.T.,.UNSPECIFIED.);
#2488=TRIMMED_CURVE('',#4132,(PARAMETER_VALUE(0.0)),(PARAMETER_VALUE(3.1415926535892)),.T.,.UNSPECIFIED.);
#2489=TRIMMED_CURVE('',#4133,(PARAMETER_VALUE(0.0)),(PARAMETER_VALUE(3.1415926535892)),.T.,.UNSPECIFIED.);
#2490=TRIMMED_CURVE('',#4134,(PARAMETER_VALUE(0.0)),(PARAMETER_VALUE(3.1415926535892)),.T.,.UNSPECIFIED.);
#2491=TRIMMED_CURVE('',#4135,(PARAMETER_VALUE(0.0)),(PARAMETER_VALUE(3.1415926535892)),.T.,.UNSPECIFIED.);
#2492=TRIMMED_CURVE('',#4136,(PARAMETER_VALUE(0.0)),(PARAMETER_VALUE(3.1415926535892)),.T.,.UNSPECIFIED.);
#2493=TRIMMED_CURVE('',#4137,(PARAMETER_VALUE(0.0)),(PARAMETER_VALUE(3.1415926535892)),.T.,.UNSPECIFIED.);
#2494=TRIMMED_CURVE('',#4138,(PARAMETER_VALUE(0.0)),(PARAMETER_VALUE(3.1415926535892)),.T.,.UNSPECIFIED.);
#2495=TRIMMED_CURVE('',#4139,(PARAMETER_VALUE(0.0)),(PARAMETER_VALUE(3.1415926535892)),.T.,.UNSPECIFIED.);
#2496=TRIMMED_CURVE('',#4140,(PARAMETER_VALUE(0.0)),(PARAMETER_VALUE(3.1415926535892)),.T.,.UNSPECIFIED.);
#2497=TRIMMED_CURVE('',#4141,(PARAMETER_VALUE(0.0)),(PARAMETER_VALUE(3.1415926535892)),.T.,.UNSPECIFIED.);
#2498=TRIMMED_CURVE('',#4142,(PARAMETER_VALUE(0.0)),(PARAMETER_VALUE(3.1415926535892)),.T.,.UNSPECIFIED.);
#2499=TRIMMED_CURVE('',#4143,(PARAMETER_VALUE(0.0)),(PARAMETER_VALUE(3.1415926535892)),.T.,.UNSPECIFIED.);
#2500=TRIMMED_CURVE('',#4144,(PARAMETER_VALUE(0.0)),(PARAMETER_VALUE(3.1415926535892)),.T.,.UNSPECIFIED.);
#2501=TRIMMED_CURVE('',#4145,(PARAMETER_VALUE(0.0)),(PARAMETER_VALUE(3.1415926535892)),.T.,.UNSPECIFIED.);
#2502=TRIMMED_CURVE('',#4146,(PARAMETER_VALUE(0.0)),(PARAMETER_VALUE(3.1415926535892)),.T.,.UNSPECIFIED.);
#2503=TRIMMED_CURVE('',#4147,(PARAMETER_VALUE(0.0)),(PARAMETER_VALUE(3.1415926535892)),.T.,.UNSPECIFIED.);
#2504=TRIMMED_CURVE('',#4148,(PARAMETER_VALUE(0.0)),(PARAMETER_VALUE(3.1415926535892)),.T.,.UNSPECIFIED.);
#2505=TRIMMED_CURVE('',#4149,(PARAMETER_VALUE(0.0)),(PARAMETER_VALUE(3.1415926535892)),.T.,.UNSPECIFIED.);
#2506=TRIMMED_CURVE('',#4150,(PARAMETER_VALUE(0.0)),(PARAMETER_VALUE(3.1415926535892)),.T.,.UNSPECIFIED.);
#2507=TRIMMED_CURVE('',#4151,(PARAMETER_VALUE(0.0)),(PARAMETER_VALUE(3.1415926535892)),.T.,.UNSPECIFIED.);
#2508=EDGE_LOOP('',(#4152,#4153,#4154,#4155));
#2509=AXIS2_PLACEMENT_3D('',#4156,#4157,#4158);
#2510=EDGE_LOOP('',(#4159,#4160,#4161,#4162));
#2511=AXIS2_PLACEMENT_3D('',#4163,#4164,#4165);
#2512=EDGE_LOOP('',(#4166,#4167,#4168,#4169));
#2513=AXIS2_PLACEMENT_3D('',#4170,#4171,#4172);
#2514=EDGE_LOOP('',(#4173,#4174,#4175,#4176));
#2515=AXIS2_PLACEMENT_3D('',#4177,#4178,#4179);
#2516=EDGE_LOOP('',(#4180,#4181,#4182,#4183));
#2517=AXIS2_PLACEMENT_3D('',#4184,#4185,#4186);
#2518=EDGE_LOOP('',(#4187,#4188,#4189,#4190));
#2519=AXIS2_PLACEMENT_3D('',#4191,#4192,#4193);
#2520=EDGE_LOOP('',(#4194,#4195,#4196,#4197));
#2521=AXIS2_PLACEMENT_3D('',#4198,#4199,#4200);
#2522=EDGE_LOOP('',(#4201,#4202,#4203,#4204));
#2523=AXIS2_PLACEMENT_3D('',#4205,#4206,#4207);
#2524=EDGE_LOOP('',(#4208,#4209,#4210,#4211));
#2525=AXIS2_PLACEMENT_3D('',#4212,#4213,#4214);
#2526=EDGE_LOOP('',(#4215,#4216,#4217,#4218));
#2527=AXIS2_PLACEMENT_3D('',#4219,#4220,#4221);
#2528=EDGE_LOOP('',(#4222,#4223,#4224,#4225));
#2529=AXIS2_PLACEMENT_3D('',#4226,#4227,#4228);
#2530=EDGE_LOOP('',(#4229,#4230,#4231,#4232));
#2531=AXIS2_PLACEMENT_3D('',#4233,#4234,#4235);
#2532=EDGE_LOOP('',(#4236,#4237,#4238,#4239));
#2533=AXIS2_PLACEMENT_3D('',#4240,#4241,#4242);
#2534=EDGE_LOOP('',(#4243,#4244,#4245,#4246));
#2535=AXIS2_PLACEMENT_3D('',#4247,#4248,#4249);
#2536=EDGE_LOOP('',(#4250,#4251,#4252,#4253));
#2537=AXIS2_PLACEMENT_3D('',#4254,#4255,#4256);
#2538=EDGE_LOOP('',(#4257,#4258,#4259,#4260));
#2539=AXIS2_PLACEMENT_3D('',#4261,#4262,#4263);
#2540=EDGE_LOOP('',(#4264,#4265,#4266,#4267));
#2541=AXIS2_PLACEMENT_3D('',#4268,#4269,#4270);
#2542=EDGE_LOOP('',(#4271,#4272,#4273,#4274));
#2543=AXIS2_PLACEMENT_3D('',#4275,#4276,#4277);
#2544=EDGE_LOOP('',(#4278,#4279,#4280,#4281));
#2545=AXIS2_PLACEMENT_3D('',#4282,#4283,#4284);
#2546=EDGE_LOOP('',(#4285,#4286,#4287,#4288));
#2547=AXIS2_PLACEMENT_3D('',#4289,#4290,#4291);
#2548=EDGE_LOOP('',(#4292,#4293,#4294,#4295));
#2549=AXIS2_PLACEMENT_3D('',#4296,#4297,#4298);
#2550=EDGE_LOOP('',(#4299,#4300,#4301,#4302));
#2551=AXIS2_PLACEMENT_3D('',#4303,#4304,#4305);
#2552=EDGE_LOOP('',(#4306,#4307,#4308,#4309));
#2553=AXIS2_PLACEMENT_3D('',#4310,#4311,#4312);
#2554=EDGE_LOOP('',(#4313,#4314,#4315,#4316));
#2555=AXIS2_PLACEMENT_3D('',#4317,#4318,#4319);
#2556=EDGE_LOOP('',(#4320,#4321,#4322,#4323));
#2557=AXIS2_PLACEMENT_3D('',#4324,#4325,#4326);
#2558=EDGE_LOOP('',(#4327,#4328,#4329,#4330));
#2559=AXIS2_PLACEMENT_3D('',#4331,#4332,#4333);
#2560=EDGE_LOOP('',(#4334,#4335,#4336,#4337));
#2561=AXIS2_PLACEMENT_3D('',#4338,#4339,#4340);
#2562=EDGE_LOOP('',(#4341,#4342,#4343,#4344));
#2563=AXIS2_PLACEMENT_3D('',#4345,#4346,#4347);
#2564=EDGE_LOOP('',(#4348,#4349,#4350,#4351,#4352,#4353));
#2565=AXIS2_PLACEMENT_3D('',#4354,#4355,#4356);
#2566=EDGE_LOOP('',(#4357,#4358,#4359,#4360,#4361,#4362));
#2567=AXIS2_PLACEMENT_3D('',#4363,#4364,#4365);
#2568=EDGE_LOOP('',(#4366,#4367,#4368,#4369,#4370,#4371,#4372,#4373,#4374,#4375,#4376,#4377,#4378,#4379,#4380,#4381,#4382,#4383,#4384,#4385,#4386,#4387,#4388,#4389,#4390,#4391,#4392,#4393,#4394,#4395,#4396,#4397,#4398,#4399,#4400,#4401,#4402,#4403,#4404,#4405,#4406,#4407,#4408,#4409,#4410,#4411,#4412,#4413,#4414,#4415,#4416,#4417,#4418,#4419,#4420,#4421,#4422,#4423,#4424,#4425,#4426,#4427,#4428,#4429,#4430,#4431,#4432,#4433,#4434,#4435,#4436,#4437,#4438,#4439,#4440,#4441,#4442,#4443,#4444,#4445,#4446,#4447,#4448,#4449,#4450,#4451,#4452,#4453,#4454,#4455,#4456,#4457,#4458,#4459,#4460,#4461,#4462,#4463,#4464,#4465,#4466,#4467,#4468,#4469,#4470,#4471,#4472,#4473));
#2569=EDGE_LOOP('',(#4474,#4475,#4476,#4477,#4478,#4479,#4480));
#2570=EDGE_LOOP('',(#4481,#4482,#4483,#4484,#4485,#4486,#4487));
#2571=EDGE_LOOP('',(#4488,#4489,#4490,#4491,#4492,#4493,#4494));
#2572=EDGE_LOOP('',(#4495,#4496,#4497,#4498,#4499,#4500,#4501));
#2573=EDGE_LOOP('',(#4502,#4503,#4504,#4505,#4506,#4507,#4508));
#2574=EDGE_LOOP('',(#4509,#4510,#4511,#4512,#4513,#4514,#4515));
#2575=EDGE_LOOP('',(#4516,#4517,#4518,#4519,#4520,#4521,#4522));
#2576=EDGE_LOOP('',(#4523,#4524,#4525,#4526,#4527,#4528,#4529));
#2577=EDGE_LOOP('',(#4530,#4531,#4532,#4533,#4534,#4535,#4536));
#2578=EDGE_LOOP('',(#4537,#4538,#4539,#4540,#4541,#4542,#4543));
#2579=EDGE_LOOP('',(#4544,#4545,#4546,#4547,#4548,#4549,#4550));
#2580=EDGE_LOOP('',(#4551,#4552,#4553,#4554,#4555,#4556,#4557));
#2581=EDGE_LOOP('',(#4558,#4559,#4560,#4561,#4562,#4563,#4564));
#2582=EDGE_LOOP('',(#4565,#4566,#4567,#4568,#4569,#4570,#4571));
#2583=EDGE_LOOP('',(#4572,#4573,#4574,#4575,#4576,#4577,#4578));
#2584=EDGE_LOOP('',(#4579,#4580,#4581,#4582,#4583,#4584,#4585));
#2585=EDGE_LOOP('',(#4586,#4587,#4588,#4589,#4590,#4591,#4592));
#2586=EDGE_LOOP('',(#4593,#4594,#4595,#4596,#4597,#4598,#4599));
#2587=EDGE_LOOP('',(#4600,#4601,#4602,#4603,#4604,#4605,#4606));
#2588=EDGE_LOOP('',(#4607,#4608,#4609,#4610,#4611,#4612,#4613));
#2589=EDGE_LOOP('',(#4614,#4615,#4616,#4617,#4618,#4619,#4620));
#2590=EDGE_LOOP('',(#4621,#4622,#4623,#4624,#4625,#4626,#4627));
#2591=EDGE_LOOP('',(#4628,#4629,#4630,#4631,#4632,#4633,#4634));
#2592=EDGE_LOOP('',(#4635,#4636,#4637,#4638,#4639,#4640,#4641));
#2593=EDGE_LOOP('',(#4642,#4643,#4644,#4645,#4646,#4647,#4648));
#2594=EDGE_LOOP('',(#4649,#4650,#4651,#4652,#4653,#4654,#4655));
#2595=EDGE_LOOP('',(#4656,#4657,#4658,#4659));
#2596=EDGE_LOOP('',(#4660,#4661,#4662,#4663));
#2597=EDGE_LOOP('',(#4664,#4665,#4666,#4667));
#2598=EDGE_LOOP('',(#4668,#4669,#4670,#4671));
#2599=EDGE_LOOP('',(#4672,#4673,#4674,#4675));
#2600=EDGE_LOOP('',(#4676,#4677,#4678,#4679));
#2601=EDGE_LOOP('',(#4680,#4681,#4682,#4683));
#2602=EDGE_LOOP('',(#4684,#4685,#4686,#4687));
#2603=EDGE_LOOP('',(#4688,#4689,#4690,#4691));
#2604=EDGE_LOOP('',(#4692,#4693,#4694,#4695));
#2605=EDGE_LOOP('',(#4696,#4697,#4698,#4699));
#2606=EDGE_LOOP('',(#4700,#4701,#4702,#4703));
#2607=EDGE_LOOP('',(#4704,#4705,#4706,#4707));
#2608=EDGE_LOOP('',(#4708,#4709,#4710,#4711));
#2609=AXIS2_PLACEMENT_3D('',#4712,#4713,#4714);
#2610=EDGE_LOOP('',(#4715,#4716,#4717,#4718));
#2611=AXIS2_PLACEMENT_3D('',#4719,#4720,#4721);
#2612=EDGE_LOOP('',(#4722,#4723,#4724,#4725));
#2613=AXIS2_PLACEMENT_3D('',#4726,#4727,#4728);
#2614=EDGE_LOOP('',(#4729,#4730,#4731,#4732));
#2615=AXIS2_PLACEMENT_3D('',#4733,#4734,#4735);
#2616=EDGE_LOOP('',(#4736,#4737,#4738,#4739));
#2617=AXIS2_PLACEMENT_3D('',#4740,#4741,#4742);
#2618=EDGE_LOOP('',(#4743,#4744,#4745,#4746));
#2619=AXIS2_PLACEMENT_3D('',#4747,#4748,#4749);
#2620=EDGE_LOOP('',(#4750,#4751,#4752,#4753));
#2621=AXIS2_PLACEMENT_3D('',#4754,#4755,#4756);
#2622=EDGE_LOOP('',(#4757,#4758,#4759,#4760));
#2623=AXIS2_PLACEMENT_3D('',#4761,#4762,#4763);
#2624=EDGE_LOOP('',(#4764,#4765,#4766,#4767));
#2625=AXIS2_PLACEMENT_3D('',#4768,#4769,#4770);
#2626=EDGE_LOOP('',(#4771,#4772,#4773,#4774));
#2627=AXIS2_PLACEMENT_3D('',#4775,#4776,#4777);
#2628=EDGE_LOOP('',(#4778,#4779,#4780,#4781));
#2629=AXIS2_PLACEMENT_3D('',#4782,#4783,#4784);
#2630=EDGE_LOOP('',(#4785,#4786,#4787,#4788));
#2631=AXIS2_PLACEMENT_3D('',#4789,#4790,#4791);
#2632=EDGE_LOOP('',(#4792,#4793,#4794,#4795));
#2633=AXIS2_PLACEMENT_3D('',#4796,#4797,#4798);
#2634=EDGE_LOOP('',(#4799,#4800,#4801,#4802));
#2635=AXIS2_PLACEMENT_3D('',#4803,#4804,#4805);
#2636=EDGE_LOOP('',(#4806,#4807,#4808,#4809));
#2637=AXIS2_PLACEMENT_3D('',#4810,#4811,#4812);
#2638=EDGE_LOOP('',(#4813,#4814,#4815,#4816));
#2639=AXIS2_PLACEMENT_3D('',#4817,#4818,#4819);
#2640=EDGE_LOOP('',(#4820,#4821,#4822,#4823));
#2641=AXIS2_PLACEMENT_3D('',#4824,#4825,#4826);
#2642=EDGE_LOOP('',(#4827,#4828,#4829,#4830));
#2643=AXIS2_PLACEMENT_3D('',#4831,#4832,#4833);
#2644=EDGE_LOOP('',(#4834,#4835,#4836,#4837));
#2645=AXIS2_PLACEMENT_3D('',#4838,#4839,#4840);
#2646=EDGE_LOOP('',(#4841,#4842,#4843,#4844));
#2647=AXIS2_PLACEMENT_3D('',#4845,#4846,#4847);
#2648=EDGE_LOOP('',(#4848,#4849,#4850,#4851));
#2649=AXIS2_PLACEMENT_3D('',#4852,#4853,#4854);
#2650=EDGE_LOOP('',(#4855,#4856,#4857,#4858));
#2651=AXIS2_PLACEMENT_3D('',#4859,#4860,#4861);
#2652=EDGE_LOOP('',(#4862,#4863,#4864,#4865));
#2653=AXIS2_PLACEMENT_3D('',#4866,#4867,#4868);
#2654=EDGE_LOOP('',(#4869,#4870,#4871,#4872));
#2655=AXIS2_PLACEMENT_3D('',#4873,#4874,#4875);
#2656=EDGE_LOOP('',(#4876,#4877,#4878,#4879));
#2657=AXIS2_PLACEMENT_3D('',#4880,#4881,#4882);
#2658=EDGE_LOOP('',(#4883,#4884,#4885,#4886));
#2659=AXIS2_PLACEMENT_3D('',#4887,#4888,#4889);
#2660=EDGE_LOOP('',(#4890,#4891,#4892,#4893));
#2661=AXIS2_PLACEMENT_3D('',#4894,#4895,#4896);
#2662=EDGE_LOOP('',(#4897,#4898,#4899,#4900));
#2663=AXIS2_PLACEMENT_3D('',#4901,#4902,#4903);
#2664=EDGE_LOOP('',(#4904,#4905,#4906,#4907));
#2665=AXIS2_PLACEMENT_3D('',#4908,#4909,#4910);
#2666=EDGE_LOOP('',(#4911,#4912,#4913,#4914));
#2667=AXIS2_PLACEMENT_3D('',#4915,#4916,#4917);
#2668=EDGE_LOOP('',(#4918,#4919,#4920,#4921,#4922,#4923,#4924));
#2669=AXIS2_PLACEMENT_3D('',#4925,#4926,#4927);
#2670=EDGE_LOOP('',(#4928,#4929,#4930,#4931,#4932,#4933,#4934));
#2671=AXIS2_PLACEMENT_3D('',#4935,#4936,#4937);
#2672=EDGE_LOOP('',(#4938,#4939,#4940,#4941,#4942,#4943,#4944));
#2673=AXIS2_PLACEMENT_3D('',#4945,#4946,#4947);
#2674=EDGE_LOOP('',(#4948,#4949,#4950,#4951,#4952,#4953,#4954));
#2675=AXIS2_PLACEMENT_3D('',#4955,#4956,#4957);
#2676=EDGE_LOOP('',(#4958,#4959,#4960,#4961,#4962,#4963,#4964));
#2677=AXIS2_PLACEMENT_3D('',#4965,#4966,#4967);
#2678=EDGE_LOOP('',(#4968,#4969,#4970,#4971,#4972,#4973,#4974));
#2679=AXIS2_PLACEMENT_3D('',#4975,#4976,#4977);
#2680=EDGE_LOOP('',(#4978,#4979,#4980,#4981,#4982,#4983,#4984));
#2681=AXIS2_PLACEMENT_3D('',#4985,#4986,#4987);
#2682=EDGE_LOOP('',(#4988,#4989,#4990,#4991,#4992,#4993,#4994));
#2683=AXIS2_PLACEMENT_3D('',#4995,#4996,#4997);
#2684=EDGE_LOOP('',(#4998,#4999,#5000,#5001,#5002,#5003,#5004));
#2685=AXIS2_PLACEMENT_3D('',#5005,#5006,#5007);
#2686=EDGE_LOOP('',(#5008,#5009,#5010,#5011,#5012,#5013,#5014));
#2687=AXIS2_PLACEMENT_3D('',#5015,#5016,#5017);
#2688=EDGE_LOOP('',(#5018,#5019,#5020,#5021,#5022,#5023,#5024));
#2689=AXIS2_PLACEMENT_3D('',#5025,#5026,#5027);
#2690=EDGE_LOOP('',(#5028,#5029,#5030,#5031,#5032,#5033,#5034));
#2691=AXIS2_PLACEMENT_3D('',#5035,#5036,#5037);
#2692=EDGE_LOOP('',(#5038,#5039,#5040,#5041,#5042,#5043,#5044));
#2693=AXIS2_PLACEMENT_3D('',#5045,#5046,#5047);
#2694=EDGE_LOOP('',(#5048,#5049,#5050,#5051,#5052,#5053,#5054));
#2695=AXIS2_PLACEMENT_3D('',#5055,#5056,#5057);
#2696=EDGE_LOOP('',(#5058,#5059,#5060,#5061,#5062,#5063,#5064));
#2697=AXIS2_PLACEMENT_3D('',#5065,#5066,#5067);
#2698=EDGE_LOOP('',(#5068,#5069,#5070,#5071,#5072,#5073,#5074));
#2699=AXIS2_PLACEMENT_3D('',#5075,#5076,#5077);
#2700=EDGE_LOOP('',(#5078,#5079,#5080,#5081,#5082,#5083,#5084));
#2701=AXIS2_PLACEMENT_3D('',#5085,#5086,#5087);
#2702=EDGE_LOOP('',(#5088,#5089,#5090,#5091,#5092,#5093,#5094));
#2703=AXIS2_PLACEMENT_3D('',#5095,#5096,#5097);
#2704=EDGE_LOOP('',(#5098,#5099,#5100,#5101,#5102,#5103,#5104));
#2705=AXIS2_PLACEMENT_3D('',#5105,#5106,#5107);
#2706=EDGE_LOOP('',(#5108,#5109,#5110,#5111,#5112,#5113,#5114));
#2707=AXIS2_PLACEMENT_3D('',#5115,#5116,#5117);
#2708=EDGE_LOOP('',(#5118,#5119,#5120,#5121,#5122,#5123,#5124));
#2709=AXIS2_PLACEMENT_3D('',#5125,#5126,#5127);
#2710=EDGE_LOOP('',(#5128,#5129,#5130,#5131,#5132,#5133,#5134));
#2711=AXIS2_PLACEMENT_3D('',#5135,#5136,#5137);
#2712=EDGE_LOOP('',(#5138,#5139,#5140,#5141,#5142,#5143,#5144));
#2713=AXIS2_PLACEMENT_3D('',#5145,#5146,#5147);
#2714=EDGE_LOOP('',(#5148,#5149,#5150,#5151,#5152,#5153,#5154));
#2715=AXIS2_PLACEMENT_3D('',#5155,#5156,#5157);
#2716=EDGE_LOOP('',(#5158,#5159,#5160,#5161,#5162,#5163,#5164));
#2717=AXIS2_PLACEMENT_3D('',#5165,#5166,#5167);
#2718=EDGE_LOOP('',(#5168,#5169,#5170,#5171,#5172,#5173,#5174));
#2719=AXIS2_PLACEMENT_3D('',#5175,#5176,#5177);
#2720=EDGE_LOOP('',(#5178,#5179,#5180,#5181,#5182,#5183,#5184));
#2721=AXIS2_PLACEMENT_3D('',#5185,#5186,#5187);
#2722=EDGE_LOOP('',(#5188,#5189,#5190,#5191,#5192,#5193,#5194));
#2723=AXIS2_PLACEMENT_3D('',#5195,#5196,#5197);
#2724=EDGE_LOOP('',(#5198,#5199,#5200,#5201));
#2725=AXIS2_PLACEMENT_3D('',#5202,#5203,#5204);
#2726=EDGE_LOOP('',(#5205,#5206,#5207,#5208));
#2727=AXIS2_PLACEMENT_3D('',#5209,#5210,#5211);
#2728=EDGE_LOOP('',(#5212,#5213,#5214,#5215));
#2729=AXIS2_PLACEMENT_3D('',#5216,#5217,#5218);
#2730=EDGE_LOOP('',(#5219,#5220,#5221,#5222));
#2731=AXIS2_PLACEMENT_3D('',#5223,#5224,#5225);
#2732=EDGE_LOOP('',(#5226,#5227,#5228,#5229));
#2733=AXIS2_PLACEMENT_3D('',#5230,#5231,#5232);
#2734=EDGE_LOOP('',(#5233,#5234,#5235,#5236));
#2735=AXIS2_PLACEMENT_3D('',#5237,#5238,#5239);
#2736=EDGE_LOOP('',(#5240,#5241,#5242,#5243));
#2737=AXIS2_PLACEMENT_3D('',#5244,#5245,#5246);
#2738=EDGE_LOOP('',(#5247,#5248,#5249,#5250));
#2739=AXIS2_PLACEMENT_3D('',#5251,#5252,#5253);
#2740=EDGE_LOOP('',(#5254,#5255,#5256,#5257));
#2741=AXIS2_PLACEMENT_3D('',#5258,#5259,#5260);
#2742=EDGE_LOOP('',(#5261,#5262,#5263,#5264));
#2743=AXIS2_PLACEMENT_3D('',#5265,#5266,#5267);
#2744=EDGE_LOOP('',(#5268,#5269,#5270,#5271));
#2745=AXIS2_PLACEMENT_3D('',#5272,#5273,#5274);
#2746=EDGE_LOOP('',(#5275,#5276,#5277,#5278));
#2747=AXIS2_PLACEMENT_3D('',#5279,#5280,#5281);
#2748=EDGE_LOOP('',(#5282,#5283,#5284,#5285));
#2749=AXIS2_PLACEMENT_3D('',#5286,#5287,#5288);
#2750=EDGE_LOOP('',(#5289,#5290,#5291,#5292));
#2751=AXIS2_PLACEMENT_3D('',#5293,#5294,#5295);
#2752=EDGE_LOOP('',(#5296,#5297,#5298,#5299));
#2753=AXIS2_PLACEMENT_3D('',#5300,#5301,#5302);
#2754=EDGE_LOOP('',(#5303,#5304,#5305,#5306));
#2755=AXIS2_PLACEMENT_3D('',#5307,#5308,#5309);
#2756=EDGE_LOOP('',(#5310,#5311,#5312,#5313));
#2757=AXIS2_PLACEMENT_3D('',#5314,#5315,#5316);
#2758=EDGE_LOOP('',(#5317,#5318,#5319,#5320));
#2759=AXIS2_PLACEMENT_3D('',#5321,#5322,#5323);
#2760=EDGE_LOOP('',(#5324,#5325,#5326,#5327));
#2761=AXIS2_PLACEMENT_3D('',#5328,#5329,#5330);
#2762=EDGE_LOOP('',(#5331,#5332,#5333,#5334));
#2763=AXIS2_PLACEMENT_3D('',#5335,#5336,#5337);
#2764=EDGE_LOOP('',(#5338,#5339,#5340,#5341));
#2765=AXIS2_PLACEMENT_3D('',#5342,#5343,#5344);
#2766=EDGE_LOOP('',(#5345,#5346,#5347,#5348));
#2767=AXIS2_PLACEMENT_3D('',#5349,#5350,#5351);
#2768=EDGE_LOOP('',(#5352,#5353,#5354,#5355));
#2769=AXIS2_PLACEMENT_3D('',#5356,#5357,#5358);
#2770=EDGE_LOOP('',(#5359,#5360,#5361,#5362));
#2771=AXIS2_PLACEMENT_3D('',#5363,#5364,#5365);
#2772=EDGE_LOOP('',(#5366,#5367,#5368,#5369));
#2773=AXIS2_PLACEMENT_3D('',#5370,#5371,#5372);
#2774=EDGE_LOOP('',(#5373,#5374,#5375,#5376));
#2775=AXIS2_PLACEMENT_3D('',#5377,#5378,#5379);
#2776=EDGE_LOOP('',(#5380,#5381,#5382,#5383));
#2777=AXIS2_PLACEMENT_3D('',#5384,#5385,#5386);
#2778=EDGE_LOOP('',(#5387,#5388,#5389,#5390));
#2779=AXIS2_PLACEMENT_3D('',#5391,#5392,#5393);
#2780=EDGE_LOOP('',(#5394,#5395,#5396,#5397));
#2781=AXIS2_PLACEMENT_3D('',#5398,#5399,#5400);
#2782=EDGE_LOOP('',(#5401,#5402,#5403,#5404));
#2783=AXIS2_PLACEMENT_3D('',#5405,#5406,#5407);
#2784=EDGE_LOOP('',(#5408,#5409,#5410,#5411));
#2785=AXIS2_PLACEMENT_3D('',#5412,#5413,#5414);
#2786=EDGE_LOOP('',(#5415,#5416,#5417,#5418));
#2787=AXIS2_PLACEMENT_3D('',#5419,#5420,#5421);
#2788=EDGE_LOOP('',(#5422,#5423,#5424,#5425));
#2789=AXIS2_PLACEMENT_3D('',#5426,#5427,#5428);
#2790=EDGE_LOOP('',(#5429,#5430,#5431,#5432));
#2791=AXIS2_PLACEMENT_3D('',#5433,#5434,#5435);
#2792=EDGE_LOOP('',(#5436,#5437,#5438,#5439));
#2793=AXIS2_PLACEMENT_3D('',#5440,#5441,#5442);
#2794=EDGE_LOOP('',(#5443,#5444,#5445,#5446));
#2795=AXIS2_PLACEMENT_3D('',#5447,#5448,#5449);
#2796=EDGE_LOOP('',(#5450,#5451,#5452,#5453));
#2797=AXIS2_PLACEMENT_3D('',#5454,#5455,#5456);
#2798=EDGE_LOOP('',(#5457,#5458,#5459,#5460));
#2799=AXIS2_PLACEMENT_3D('',#5461,#5462,#5463);
#2800=EDGE_LOOP('',(#5464,#5465,#5466,#5467));
#2801=AXIS2_PLACEMENT_3D('',#5468,#5469,#5470);
#2802=EDGE_LOOP('',(#5471,#5472,#5473,#5474));
#2803=AXIS2_PLACEMENT_3D('',#5475,#5476,#5477);
#2804=EDGE_LOOP('',(#5478,#5479,#5480,#5481));
#2805=AXIS2_PLACEMENT_3D('',#5482,#5483,#5484);
#2806=EDGE_LOOP('',(#5485,#5486,#5487,#5488));
#2807=AXIS2_PLACEMENT_3D('',#5489,#5490,#5491);
#2808=EDGE_LOOP('',(#5492,#5493,#5494,#5495));
#2809=AXIS2_PLACEMENT_3D('',#5496,#5497,#5498);
#2810=EDGE_LOOP('',(#5499,#5500,#5501,#5502));
#2811=AXIS2_PLACEMENT_3D('',#5503,#5504,#5505);
#2812=EDGE_LOOP('',(#5506,#5507,#5508,#5509));
#2813=AXIS2_PLACEMENT_3D('',#5510,#5511,#5512);
#2814=EDGE_LOOP('',(#5513,#5514,#5515,#5516));
#2815=AXIS2_PLACEMENT_3D('',#5517,#5518,#5519);
#2816=EDGE_LOOP('',(#5520,#5521,#5522,#5523));
#2817=AXIS2_PLACEMENT_3D('',#5524,#5525,#5526);
#2818=EDGE_LOOP('',(#5527,#5528,#5529,#5530));
#2819=AXIS2_PLACEMENT_3D('',#5531,#5532,#5533);
#2820=EDGE_LOOP('',(#5534,#5535,#5536,#5537));
#2821=AXIS2_PLACEMENT_3D('',#5538,#5539,#5540);
#2822=EDGE_LOOP('',(#5541,#5542,#5543,#5544));
#2823=AXIS2_PLACEMENT_3D('',#5545,#5546,#5547);
#2824=EDGE_LOOP('',(#5548,#5549,#5550,#5551));
#2825=AXIS2_PLACEMENT_3D('',#5552,#5553,#5554);
#2826=EDGE_LOOP('',(#5555,#5556,#5557,#5558));
#2827=AXIS2_PLACEMENT_3D('',#5559,#5560,#5561);
#2828=EDGE_LOOP('',(#5562,#5563,#5564,#5565));
#2829=AXIS2_PLACEMENT_3D('',#5566,#5567,#5568);
#2830=EDGE_LOOP('',(#5569,#5570,#5571,#5572));
#2831=AXIS2_PLACEMENT_3D('',#5573,#5574,#5575);
#2832=EDGE_LOOP('',(#5576,#5577,#5578,#5579));
#2833=AXIS2_PLACEMENT_3D('',#5580,#5581,#5582);
#2834=EDGE_LOOP('',(#5583,#5584,#5585,#5586));
#2835=AXIS2_PLACEMENT_3D('',#5587,#5588,#5589);
#2836=EDGE_LOOP('',(#5590,#5591,#5592,#5593));
#2837=AXIS2_PLACEMENT_3D('',#5594,#5595,#5596);
#2838=EDGE_LOOP('',(#5597,#5598,#5599,#5600));
#2839=AXIS2_PLACEMENT_3D('',#5601,#5602,#5603);
#2840=EDGE_LOOP('',(#5604,#5605,#5606,#5607));
#2841=AXIS2_PLACEMENT_3D('',#5608,#5609,#5610);
#2842=EDGE_LOOP('',(#5611,#5612,#5613,#5614));
#2843=AXIS2_PLACEMENT_3D('',#5615,#5616,#5617);
#2844=EDGE_LOOP('',(#5618,#5619,#5620,#5621));
#2845=AXIS2_PLACEMENT_3D('',#5622,#5623,#5624);
#2846=EDGE_LOOP('',(#5625,#5626,#5627,#5628));
#2847=AXIS2_PLACEMENT_3D('',#5629,#5630,#5631);
#2848=EDGE_LOOP('',(#5632,#5633,#5634,#5635));
#2849=AXIS2_PLACEMENT_3D('',#5636,#5637,#5638);
#2850=EDGE_LOOP('',(#5639,#5640,#5641,#5642));
#2851=AXIS2_PLACEMENT_3D('',#5643,#5644,#5645);
#2852=EDGE_LOOP('',(#5646,#5647,#5648,#5649));
#2853=AXIS2_PLACEMENT_3D('',#5650,#5651,#5652);
#2854=EDGE_LOOP('',(#5653,#5654,#5655,#5656));
#2855=AXIS2_PLACEMENT_3D('',#5657,#5658,#5659);
#2856=EDGE_LOOP('',(#5660,#5661,#5662,#5663));
#2857=AXIS2_PLACEMENT_3D('',#5664,#5665,#5666);
#2858=EDGE_LOOP('',(#5667,#5668,#5669,#5670));
#2859=AXIS2_PLACEMENT_3D('',#5671,#5672,#5673);
#2860=EDGE_LOOP('',(#5674,#5675,#5676,#5677));
#2861=AXIS2_PLACEMENT_3D('',#5678,#5679,#5680);
#2862=EDGE_LOOP('',(#5681,#5682,#5683,#5684));
#2863=AXIS2_PLACEMENT_3D('',#5685,#5686,#5687);
#2864=EDGE_LOOP('',(#5688,#5689,#5690,#5691));
#2865=AXIS2_PLACEMENT_3D('',#5692,#5693,#5694);
#2866=EDGE_LOOP('',(#5695,#5696,#5697,#5698));
#2867=AXIS2_PLACEMENT_3D('',#5699,#5700,#5701);
#2868=EDGE_LOOP('',(#5702,#5703,#5704,#5705));
#2869=AXIS2_PLACEMENT_3D('',#5706,#5707,#5708);
#2870=EDGE_LOOP('',(#5709,#5710,#5711,#5712));
#2871=AXIS2_PLACEMENT_3D('',#5713,#5714,#5715);
#2872=EDGE_LOOP('',(#5716,#5717,#5718,#5719));
#2873=AXIS2_PLACEMENT_3D('',#5720,#5721,#5722);
#2874=EDGE_LOOP('',(#5723,#5724,#5725,#5726));
#2875=AXIS2_PLACEMENT_3D('',#5727,#5728,#5729);
#2876=EDGE_LOOP('',(#5730,#5731,#5732,#5733));
#2877=AXIS2_PLACEMENT_3D('',#5734,#5735,#5736);
#2878=EDGE_LOOP('',(#5737,#5738,#5739,#5740));
#2879=AXIS2_PLACEMENT_3D('',#5741,#5742,#5743);
#2880=EDGE_LOOP('',(#5744,#5745,#5746,#5747));
#2881=AXIS2_PLACEMENT_3D('',#5748,#5749,#5750);
#2882=EDGE_LOOP('',(#5751,#5752,#5753,#5754));
#2883=AXIS2_PLACEMENT_3D('',#5755,#5756,#5757);
#2884=EDGE_LOOP('',(#5758,#5759,#5760,#5761));
#2885=AXIS2_PLACEMENT_3D('',#5762,#5763,#5764);
#2886=EDGE_LOOP('',(#5765,#5766,#5767,#5768));
#2887=AXIS2_PLACEMENT_3D('',#5769,#5770,#5771);
#2888=EDGE_LOOP('',(#5772,#5773,#5774,#5775));
#2889=AXIS2_PLACEMENT_3D('',#5776,#5777,#5778);
#2890=EDGE_LOOP('',(#5779,#5780,#5781,#5782));
#2891=AXIS2_PLACEMENT_3D('',#5783,#5784,#5785);
#2892=EDGE_LOOP('',(#5786,#5787,#5788,#5789));
#2893=AXIS2_PLACEMENT_3D('',#5790,#5791,#5792);
#2894=EDGE_LOOP('',(#5793,#5794,#5795,#5796));
#2895=AXIS2_PLACEMENT_3D('',#5797,#5798,#5799);
#2896=EDGE_LOOP('',(#5800,#5801,#5802,#5803));
#2897=AXIS2_PLACEMENT_3D('',#5804,#5805,#5806);
#2898=EDGE_LOOP('',(#5807,#5808,#5809,#5810));
#2899=AXIS2_PLACEMENT_3D('',#5811,#5812,#5813);
#2900=EDGE_LOOP('',(#5814,#5815,#5816,#5817));
#2901=AXIS2_PLACEMENT_3D('',#5818,#5819,#5820);
#2902=EDGE_LOOP('',(#5821,#5822,#5823,#5824));
#2903=AXIS2_PLACEMENT_3D('',#5825,#5826,#5827);
#2904=EDGE_LOOP('',(#5828,#5829,#5830,#5831));
#2905=AXIS2_PLACEMENT_3D('',#5832,#5833,#5834);
#2906=EDGE_LOOP('',(#5835,#5836,#5837,#5838));
#2907=AXIS2_PLACEMENT_3D('',#5839,#5840,#5841);
#2908=EDGE_LOOP('',(#5842,#5843,#5844,#5845));
#2909=AXIS2_PLACEMENT_3D('',#5846,#5847,#5848);
#2910=EDGE_LOOP('',(#5849,#5850,#5851,#5852));
#2911=AXIS2_PLACEMENT_3D('',#5853,#5854,#5855);
#2912=EDGE_LOOP('',(#5856,#5857,#5858,#5859));
#2913=AXIS2_PLACEMENT_3D('',#5860,#5861,#5862);
#2914=EDGE_LOOP('',(#5863,#5864,#5865,#5866));
#2915=AXIS2_PLACEMENT_3D('',#5867,#5868,#5869);
#2916=EDGE_LOOP('',(#5870,#5871,#5872,#5873));
#2917=AXIS2_PLACEMENT_3D('',#5874,#5875,#5876);
#2918=EDGE_LOOP('',(#5877,#5878,#5879,#5880));
#2919=AXIS2_PLACEMENT_3D('',#5881,#5882,#5883);
#2920=EDGE_LOOP('',(#5884,#5885,#5886,#5887));
#2921=AXIS2_PLACEMENT_3D('',#5888,#5889,#5890);
#2922=EDGE_LOOP('',(#5891,#5892,#5893,#5894));
#2923=AXIS2_PLACEMENT_3D('',#5895,#5896,#5897);
#2924=EDGE_LOOP('',(#5898,#5899,#5900,#5901));
#2925=AXIS2_PLACEMENT_3D('',#5902,#5903,#5904);
#2926=EDGE_LOOP('',(#5905,#5906,#5907,#5908));
#2927=AXIS2_PLACEMENT_3D('',#5909,#5910,#5911);
#2928=EDGE_LOOP('',(#5912,#5913,#5914,#5915));
#2929=AXIS2_PLACEMENT_3D('',#5916,#5917,#5918);
#2930=EDGE_LOOP('',(#5919,#5920,#5921,#5922));
#2931=AXIS2_PLACEMENT_3D('',#5923,#5924,#5925);
#2932=EDGE_LOOP('',(#5926,#5927,#5928,#5929));
#2933=AXIS2_PLACEMENT_3D('',#5930,#5931,#5932);
#2934=EDGE_LOOP('',(#5933,#5934,#5935,#5936));
#2935=AXIS2_PLACEMENT_3D('',#5937,#5938,#5939);
#2936=EDGE_LOOP('',(#5940,#5941,#5942,#5943));
#2937=AXIS2_PLACEMENT_3D('',#5944,#5945,#5946);
#2938=EDGE_LOOP('',(#5947,#5948,#5949,#5950));
#2939=AXIS2_PLACEMENT_3D('',#5951,#5952,#5953);
#2940=EDGE_LOOP('',(#5954,#5955,#5956,#5957));
#2941=AXIS2_PLACEMENT_3D('',#5958,#5959,#5960);
#2942=EDGE_LOOP('',(#5961,#5962,#5963,#5964));
#2943=AXIS2_PLACEMENT_3D('',#5965,#5966,#5967);
#2944=EDGE_LOOP('',(#5968,#5969,#5970,#5971));
#2945=AXIS2_PLACEMENT_3D('',#5972,#5973,#5974);
#2946=EDGE_LOOP('',(#5975,#5976,#5977,#5978));
#2947=AXIS2_PLACEMENT_3D('',#5979,#5980,#5981);
#2948=EDGE_LOOP('',(#5982,#5983,#5984,#5985));
#2949=AXIS2_PLACEMENT_3D('',#5986,#5987,#5988);
#2950=EDGE_LOOP('',(#5989,#5990,#5991,#5992));
#2951=AXIS2_PLACEMENT_3D('',#5993,#5994,#5995);
#2952=EDGE_LOOP('',(#5996,#5997,#5998,#5999));
#2953=AXIS2_PLACEMENT_3D('',#6000,#6001,#6002);
#2954=EDGE_LOOP('',(#6003,#6004,#6005,#6006));
#2955=AXIS2_PLACEMENT_3D('',#6007,#6008,#6009);
#2956=EDGE_LOOP('',(#6010,#6011,#6012,#6013));
#2957=AXIS2_PLACEMENT_3D('',#6014,#6015,#6016);
#2958=EDGE_LOOP('',(#6017,#6018,#6019,#6020));
#2959=AXIS2_PLACEMENT_3D('',#6021,#6022,#6023);
#2960=EDGE_LOOP('',(#6024,#6025,#6026,#6027));
#2961=AXIS2_PLACEMENT_3D('',#6028,#6029,#6030);
#2962=EDGE_LOOP('',(#6031,#6032,#6033,#6034));
#2963=AXIS2_PLACEMENT_3D('',#6035,#6036,#6037);
#2964=EDGE_LOOP('',(#6038,#6039,#6040,#6041));
#2965=AXIS2_PLACEMENT_3D('',#6042,#6043,#6044);
#2966=EDGE_LOOP('',(#6045,#6046,#6047,#6048));
#2967=AXIS2_PLACEMENT_3D('',#6049,#6050,#6051);
#2968=EDGE_LOOP('',(#6052,#6053,#6054,#6055));
#2969=AXIS2_PLACEMENT_3D('',#6056,#6057,#6058);
#2970=EDGE_LOOP('',(#6059,#6060,#6061,#6062));
#2971=AXIS2_PLACEMENT_3D('',#6063,#6064,#6065);
#2972=EDGE_LOOP('',(#6066,#6067,#6068,#6069));
#2973=AXIS2_PLACEMENT_3D('',#6070,#6071,#6072);
#2974=EDGE_LOOP('',(#6073,#6074,#6075,#6076));
#2975=AXIS2_PLACEMENT_3D('',#6077,#6078,#6079);
#2976=EDGE_LOOP('',(#6080,#6081,#6082,#6083));
#2977=AXIS2_PLACEMENT_3D('',#6084,#6085,#6086);
#2978=EDGE_LOOP('',(#6087,#6088,#6089,#6090));
#2979=AXIS2_PLACEMENT_3D('',#6091,#6092,#6093);
#2980=EDGE_LOOP('',(#6094,#6095,#6096,#6097));
#2981=AXIS2_PLACEMENT_3D('',#6098,#6099,#6100);
#2982=EDGE_LOOP('',(#6101,#6102,#6103,#6104));
#2983=AXIS2_PLACEMENT_3D('',#6105,#6106,#6107);
#2984=EDGE_LOOP('',(#6108,#6109,#6110,#6111));
#2985=AXIS2_PLACEMENT_3D('',#6112,#6113,#6114);
#2986=EDGE_LOOP('',(#6115,#6116,#6117,#6118));
#2987=AXIS2_PLACEMENT_3D('',#6119,#6120,#6121);
#2988=EDGE_LOOP('',(#6122,#6123,#6124,#6125));
#2989=AXIS2_PLACEMENT_3D('',#6126,#6127,#6128);
#2990=EDGE_LOOP('',(#6129,#6130,#6131,#6132));
#2991=AXIS2_PLACEMENT_3D('',#6133,#6134,#6135);
#2992=EDGE_LOOP('',(#6136,#6137,#6138,#6139));
#2993=AXIS2_PLACEMENT_3D('',#6140,#6141,#6142);
#2994=EDGE_LOOP('',(#6143,#6144,#6145,#6146));
#2995=AXIS2_PLACEMENT_3D('',#6147,#6148,#6149);
#2996=EDGE_LOOP('',(#6150,#6151,#6152,#6153));
#2997=AXIS2_PLACEMENT_3D('',#6154,#6155,#6156);
#2998=EDGE_LOOP('',(#6157,#6158,#6159,#6160,#6161,#6162,#6163,#6164,#6165,#6166,#6167,#6168));
#2999=AXIS2_PLACEMENT_3D('',#6169,#6170,#6171);
#3000=EDGE_LOOP('',(#6172,#6173,#6174,#6175));
#3001=AXIS2_PLACEMENT_3D('',#6176,#6177,#6178);
#3002=EDGE_LOOP('',(#6179,#6180,#6181,#6182));
#3003=AXIS2_PLACEMENT_3D('',#6183,#6184,#6185);
#3004=EDGE_LOOP('',(#6186,#6187,#6188,#6189));
#3005=AXIS2_PLACEMENT_3D('',#6190,#6191,#6192);
#3006=EDGE_LOOP('',(#6193,#6194,#6195,#6196));
#3007=AXIS2_PLACEMENT_3D('',#6197,#6198,#6199);
#3008=EDGE_LOOP('',(#6200,#6201,#6202,#6203));
#3009=AXIS2_PLACEMENT_3D('',#6204,#6205,#6206);
#3010=EDGE_LOOP('',(#6207,#6208,#6209,#6210));
#3011=AXIS2_PLACEMENT_3D('',#6211,#6212,#6213);
#3012=EDGE_LOOP('',(#6214,#6215,#6216,#6217));
#3013=AXIS2_PLACEMENT_3D('',#6218,#6219,#6220);
#3014=EDGE_LOOP('',(#6221,#6222,#6223,#6224));
#3015=AXIS2_PLACEMENT_3D('',#6225,#6226,#6227);
#3016=EDGE_LOOP('',(#6228,#6229,#6230,#6231));
#3017=AXIS2_PLACEMENT_3D('',#6232,#6233,#6234);
#3018=EDGE_LOOP('',(#6235,#6236,#6237,#6238));
#3019=AXIS2_PLACEMENT_3D('',#6239,#6240,#6241);
#3020=EDGE_LOOP('',(#6242,#6243,#6244,#6245));
#3021=AXIS2_PLACEMENT_3D('',#6246,#6247,#6248);
#3022=EDGE_LOOP('',(#6249,#6250,#6251,#6252));
#3023=AXIS2_PLACEMENT_3D('',#6253,#6254,#6255);
#3024=EDGE_LOOP('',(#6256,#6257,#6258,#6259));
#3025=AXIS2_PLACEMENT_3D('',#6260,#6261,#6262);
#3026=EDGE_LOOP('',(#6263,#6264,#6265,#6266));
#3027=AXIS2_PLACEMENT_3D('',#6267,#6268,#6269);
#3028=EDGE_LOOP('',(#6270,#6271,#6272,#6273));
#3029=AXIS2_PLACEMENT_3D('',#6274,#6275,#6276);
#3030=EDGE_LOOP('',(#6277,#6278,#6279,#6280));
#3031=AXIS2_PLACEMENT_3D('',#6281,#6282,#6283);
#3032=EDGE_LOOP('',(#6284,#6285,#6286,#6287));
#3033=AXIS2_PLACEMENT_3D('',#6288,#6289,#6290);
#3034=EDGE_LOOP('',(#6291,#6292,#6293,#6294,#6295,#6296,#6297,#6298,#6299,#6300,#6301,#6302,#6303,#6304,#6305,#6306,#6307,#6308,#6309,#6310,#6311,#6312,#6313,#6314,#6315,#6316,#6317,#6318,#6319,#6320,#6321,#6322,#6323,#6324,#6325,#6326,#6327,#6328,#6329,#6330,#6331,#6332,#6333,#6334,#6335,#6336,#6337,#6338,#6339,#6340,#6341,#6342,#6343,#6344,#6345,#6346,#6347,#6348,#6349,#6350,#6351,#6352,#6353,#6354,#6355,#6356,#6357,#6358,#6359,#6360,#6361,#6362,#6363,#6364,#6365,#6366,#6367,#6368,#6369,#6370,#6371,#6372,#6373,#6374,#6375,#6376,#6377,#6378,#6379,#6380,#6381,#6382,#6383,#6384,#6385,#6386,#6387,#6388,#6389,#6390,#6391,#6392,#6393,#6394,#6395,#6396));
#3035=EDGE_LOOP('',(#6397,#6398,#6399,#6400,#6401,#6402));
#3036=EDGE_LOOP('',(#6403,#6404,#6405,#6406,#6407,#6408));
#3037=EDGE_LOOP('',(#6409,#6410,#6411,#6412,#6413,#6414));
#3038=EDGE_LOOP('',(#6415,#6416,#6417,#6418,#6419,#6420));
#3039=EDGE_LOOP('',(#6421,#6422,#6423,#6424,#6425,#6426));
#3040=EDGE_LOOP('',(#6427,#6428,#6429,#6430,#6431,#6432));
#3041=EDGE_LOOP('',(#6433,#6434,#6435,#6436,#6437,#6438));
#3042=EDGE_LOOP('',(#6439,#6440,#6441,#6442,#6443,#6444));
#3043=EDGE_LOOP('',(#6445,#6446,#6447,#6448,#6449,#6450));
#3044=EDGE_LOOP('',(#6451,#6452,#6453,#6454,#6455,#6456));
#3045=EDGE_LOOP('',(#6457,#6458,#6459,#6460,#6461,#6462));
#3046=EDGE_LOOP('',(#6463,#6464,#6465,#6466,#6467,#6468));
#3047=EDGE_LOOP('',(#6469,#6470,#6471,#6472,#6473,#6474));
#3048=EDGE_LOOP('',(#6475,#6476,#6477,#6478,#6479,#6480));
#3049=EDGE_LOOP('',(#6481,#6482,#6483,#6484,#6485,#6486));
#3050=EDGE_LOOP('',(#6487,#6488,#6489,#6490,#6491,#6492));
#3051=EDGE_LOOP('',(#6493,#6494,#6495,#6496,#6497,#6498));
#3052=EDGE_LOOP('',(#6499,#6500,#6501,#6502,#6503,#6504));
#3053=EDGE_LOOP('',(#6505,#6506,#6507,#6508,#6509,#6510));
#3054=EDGE_LOOP('',(#6511,#6512,#6513,#6514,#6515,#6516));
#3055=EDGE_LOOP('',(#6517,#6518,#6519,#6520,#6521,#6522));
#3056=EDGE_LOOP('',(#6523,#6524,#6525,#6526,#6527,#6528));
#3057=EDGE_LOOP('',(#6529,#6530,#6531,#6532,#6533,#6534));
#3058=EDGE_LOOP('',(#6535,#6536,#6537,#6538,#6539,#6540));
#3059=EDGE_LOOP('',(#6541,#6542,#6543,#6544,#6545,#6546));
#3060=EDGE_LOOP('',(#6547,#6548,#6549,#6550,#6551,#6552));
#3061=EDGE_LOOP('',(#6553,#6554,#6555,#6556));
#3062=EDGE_LOOP('',(#6557,#6558,#6559,#6560));
#3063=EDGE_LOOP('',(#6561,#6562,#6563,#6564));
#3064=EDGE_LOOP('',(#6565,#6566,#6567,#6568));
#3065=EDGE_LOOP('',(#6569,#6570,#6571,#6572));
#3066=EDGE_LOOP('',(#6573,#6574,#6575,#6576));
#3067=EDGE_LOOP('',(#6577,#6578,#6579,#6580));
#3068=EDGE_LOOP('',(#6581,#6582,#6583,#6584));
#3069=EDGE_LOOP('',(#6585,#6586,#6587,#6588));
#3070=EDGE_LOOP('',(#6589,#6590,#6591,#6592));
#3071=EDGE_LOOP('',(#6593,#6594,#6595,#6596));
#3072=EDGE_LOOP('',(#6597,#6598,#6599,#6600));
#3073=EDGE_LOOP('',(#6601,#6602,#6603,#6604));
#3074=EDGE_LOOP('',(#6605,#6606,#6607,#6608));
#3075=AXIS2_PLACEMENT_3D('',#6609,#6610,#6611);
#3076=EDGE_LOOP('',(#6612,#6613,#6614,#6615));
#3077=AXIS2_PLACEMENT_3D('',#6616,#6617,#6618);
#3078=EDGE_LOOP('',(#6619,#6620,#6621,#6622));
#3079=AXIS2_PLACEMENT_3D('',#6623,#6624,#6625);
#3080=EDGE_LOOP('',(#6626,#6627,#6628,#6629));
#3081=AXIS2_PLACEMENT_3D('',#6630,#6631,#6632);
#3082=EDGE_LOOP('',(#6633,#6634,#6635,#6636));
#3083=AXIS2_PLACEMENT_3D('',#6637,#6638,#6639);
#3084=EDGE_LOOP('',(#6640,#6641,#6642,#6643));
#3085=AXIS2_PLACEMENT_3D('',#6644,#6645,#6646);
#3086=EDGE_LOOP('',(#6647,#6648,#6649,#6650));
#3087=AXIS2_PLACEMENT_3D('',#6651,#6652,#6653);
#3088=EDGE_LOOP('',(#6654,#6655,#6656,#6657));
#3089=AXIS2_PLACEMENT_3D('',#6658,#6659,#6660);
#3090=EDGE_LOOP('',(#6661,#6662,#6663,#6664));
#3091=AXIS2_PLACEMENT_3D('',#6665,#6666,#6667);
#3092=EDGE_LOOP('',(#6668,#6669,#6670,#6671));
#3093=AXIS2_PLACEMENT_3D('',#6672,#6673,#6674);
#3094=EDGE_LOOP('',(#6675,#6676,#6677,#6678));
#3095=AXIS2_PLACEMENT_3D('',#6679,#6680,#6681);
#3096=EDGE_LOOP('',(#6682,#6683,#6684,#6685));
#3097=AXIS2_PLACEMENT_3D('',#6686,#6687,#6688);
#3098=EDGE_LOOP('',(#6689,#6690,#6691,#6692));
#3099=AXIS2_PLACEMENT_3D('',#6693,#6694,#6695);
#3100=EDGE_LOOP('',(#6696,#6697,#6698,#6699));
#3101=AXIS2_PLACEMENT_3D('',#6700,#6701,#6702);
#3102=EDGE_LOOP('',(#6703,#6704,#6705,#6706));
#3103=AXIS2_PLACEMENT_3D('',#6707,#6708,#6709);
#3104=EDGE_LOOP('',(#6710,#6711,#6712,#6713));
#3105=AXIS2_PLACEMENT_3D('',#6714,#6715,#6716);
#3106=EDGE_LOOP('',(#6717,#6718,#6719,#6720));
#3107=AXIS2_PLACEMENT_3D('',#6721,#6722,#6723);
#3108=EDGE_LOOP('',(#6724,#6725,#6726,#6727));
#3109=AXIS2_PLACEMENT_3D('',#6728,#6729,#6730);
#3110=EDGE_LOOP('',(#6731,#6732,#6733,#6734));
#3111=AXIS2_PLACEMENT_3D('',#6735,#6736,#6737);
#3112=EDGE_LOOP('',(#6738,#6739,#6740,#6741));
#3113=AXIS2_PLACEMENT_3D('',#6742,#6743,#6744);
#3114=EDGE_LOOP('',(#6745,#6746,#6747,#6748));
#3115=AXIS2_PLACEMENT_3D('',#6749,#6750,#6751);
#3116=EDGE_LOOP('',(#6752,#6753,#6754,#6755));
#3117=AXIS2_PLACEMENT_3D('',#6756,#6757,#6758);
#3118=EDGE_LOOP('',(#6759,#6760,#6761,#6762));
#3119=AXIS2_PLACEMENT_3D('',#6763,#6764,#6765);
#3120=EDGE_LOOP('',(#6766,#6767,#6768,#6769));
#3121=AXIS2_PLACEMENT_3D('',#6770,#6771,#6772);
#3122=EDGE_LOOP('',(#6773,#6774,#6775,#6776));
#3123=AXIS2_PLACEMENT_3D('',#6777,#6778,#6779);
#3124=EDGE_LOOP('',(#6780,#6781,#6782,#6783));
#3125=AXIS2_PLACEMENT_3D('',#6784,#6785,#6786);
#3126=EDGE_LOOP('',(#6787,#6788,#6789,#6790));
#3127=AXIS2_PLACEMENT_3D('',#6791,#6792,#6793);
#3128=EDGE_LOOP('',(#6794,#6795,#6796,#6797));
#3129=AXIS2_PLACEMENT_3D('',#6798,#6799,#6800);
#3130=EDGE_LOOP('',(#6801,#6802,#6803,#6804));
#3131=AXIS2_PLACEMENT_3D('',#6805,#6806,#6807);
#3132=EDGE_LOOP('',(#6808,#6809,#6810,#6811,#6812,#6813));
#3133=AXIS2_PLACEMENT_3D('',#6814,#6815,#6816);
#3134=EDGE_LOOP('',(#6817,#6818,#6819,#6820,#6821,#6822));
#3135=AXIS2_PLACEMENT_3D('',#6823,#6824,#6825);
#3136=EDGE_LOOP('',(#6826,#6827,#6828,#6829,#6830,#6831));
#3137=AXIS2_PLACEMENT_3D('',#6832,#6833,#6834);
#3138=EDGE_LOOP('',(#6835,#6836,#6837,#6838,#6839,#6840));
#3139=AXIS2_PLACEMENT_3D('',#6841,#6842,#6843);
#3140=EDGE_LOOP('',(#6844,#6845,#6846,#6847,#6848,#6849));
#3141=AXIS2_PLACEMENT_3D('',#6850,#6851,#6852);
#3142=EDGE_LOOP('',(#6853,#6854,#6855,#6856,#6857,#6858));
#3143=AXIS2_PLACEMENT_3D('',#6859,#6860,#6861);
#3144=EDGE_LOOP('',(#6862,#6863,#6864,#6865,#6866,#6867));
#3145=AXIS2_PLACEMENT_3D('',#6868,#6869,#6870);
#3146=EDGE_LOOP('',(#6871,#6872,#6873,#6874,#6875,#6876));
#3147=AXIS2_PLACEMENT_3D('',#6877,#6878,#6879);
#3148=EDGE_LOOP('',(#6880,#6881,#6882,#6883,#6884,#6885));
#3149=AXIS2_PLACEMENT_3D('',#6886,#6887,#6888);
#3150=EDGE_LOOP('',(#6889,#6890,#6891,#6892,#6893,#6894));
#3151=AXIS2_PLACEMENT_3D('',#6895,#6896,#6897);
#3152=EDGE_LOOP('',(#6898,#6899,#6900,#6901,#6902,#6903));
#3153=AXIS2_PLACEMENT_3D('',#6904,#6905,#6906);
#3154=EDGE_LOOP('',(#6907,#6908,#6909,#6910,#6911,#6912));
#3155=AXIS2_PLACEMENT_3D('',#6913,#6914,#6915);
#3156=EDGE_LOOP('',(#6916,#6917,#6918,#6919,#6920,#6921));
#3157=AXIS2_PLACEMENT_3D('',#6922,#6923,#6924);
#3158=EDGE_LOOP('',(#6925,#6926,#6927,#6928,#6929,#6930));
#3159=AXIS2_PLACEMENT_3D('',#6931,#6932,#6933);
#3160=EDGE_LOOP('',(#6934,#6935,#6936,#6937,#6938,#6939));
#3161=AXIS2_PLACEMENT_3D('',#6940,#6941,#6942);
#3162=EDGE_LOOP('',(#6943,#6944,#6945,#6946,#6947,#6948));
#3163=AXIS2_PLACEMENT_3D('',#6949,#6950,#6951);
#3164=EDGE_LOOP('',(#6952,#6953,#6954,#6955,#6956,#6957));
#3165=AXIS2_PLACEMENT_3D('',#6958,#6959,#6960);
#3166=EDGE_LOOP('',(#6961,#6962,#6963,#6964,#6965,#6966));
#3167=AXIS2_PLACEMENT_3D('',#6967,#6968,#6969);
#3168=EDGE_LOOP('',(#6970,#6971,#6972,#6973,#6974,#6975));
#3169=AXIS2_PLACEMENT_3D('',#6976,#6977,#6978);
#3170=EDGE_LOOP('',(#6979,#6980,#6981,#6982,#6983,#6984));
#3171=AXIS2_PLACEMENT_3D('',#6985,#6986,#6987);
#3172=EDGE_LOOP('',(#6988,#6989,#6990,#6991,#6992,#6993));
#3173=AXIS2_PLACEMENT_3D('',#6994,#6995,#6996);
#3174=EDGE_LOOP('',(#6997,#6998,#6999,#7000,#7001,#7002));
#3175=AXIS2_PLACEMENT_3D('',#7003,#7004,#7005);
#3176=EDGE_LOOP('',(#7006,#7007,#7008,#7009,#7010,#7011));
#3177=AXIS2_PLACEMENT_3D('',#7012,#7013,#7014);
#3178=EDGE_LOOP('',(#7015,#7016,#7017,#7018,#7019,#7020));
#3179=AXIS2_PLACEMENT_3D('',#7021,#7022,#7023);
#3180=EDGE_LOOP('',(#7024,#7025,#7026,#7027,#7028,#7029));
#3181=AXIS2_PLACEMENT_3D('',#7030,#7031,#7032);
#3182=EDGE_LOOP('',(#7033,#7034,#7035,#7036,#7037,#7038));
#3183=AXIS2_PLACEMENT_3D('',#7039,#7040,#7041);
#3184=EDGE_LOOP('',(#7042,#7043,#7044,#7045,#7046,#7047));
#3185=AXIS2_PLACEMENT_3D('',#7048,#7049,#7050);
#3186=EDGE_LOOP('',(#7051,#7052,#7053,#7054,#7055,#7056));
#3187=AXIS2_PLACEMENT_3D('',#7057,#7058,#7059);
#3188=EDGE_LOOP('',(#7060,#7061,#7062,#7063));
#3189=AXIS2_PLACEMENT_3D('',#7064,#7065,#7066);
#3190=EDGE_LOOP('',(#7067,#7068,#7069,#7070));
#3191=AXIS2_PLACEMENT_3D('',#7071,#7072,#7073);
#3192=EDGE_LOOP('',(#7074,#7075,#7076,#7077));
#3193=AXIS2_PLACEMENT_3D('',#7078,#7079,#7080);
#3194=EDGE_LOOP('',(#7081,#7082,#7083,#7084));
#3195=AXIS2_PLACEMENT_3D('',#7085,#7086,#7087);
#3196=EDGE_LOOP('',(#7088,#7089,#7090,#7091));
#3197=AXIS2_PLACEMENT_3D('',#7092,#7093,#7094);
#3198=EDGE_LOOP('',(#7095,#7096,#7097,#7098));
#3199=AXIS2_PLACEMENT_3D('',#7099,#7100,#7101);
#3200=EDGE_LOOP('',(#7102,#7103,#7104,#7105));
#3201=AXIS2_PLACEMENT_3D('',#7106,#7107,#7108);
#3202=EDGE_LOOP('',(#7109,#7110,#7111,#7112));
#3203=AXIS2_PLACEMENT_3D('',#7113,#7114,#7115);
#3204=EDGE_LOOP('',(#7116,#7117,#7118,#7119));
#3205=AXIS2_PLACEMENT_3D('',#7120,#7121,#7122);
#3206=EDGE_LOOP('',(#7123,#7124,#7125,#7126));
#3207=AXIS2_PLACEMENT_3D('',#7127,#7128,#7129);
#3208=EDGE_LOOP('',(#7130,#7131,#7132,#7133));
#3209=AXIS2_PLACEMENT_3D('',#7134,#7135,#7136);
#3210=EDGE_LOOP('',(#7137,#7138,#7139,#7140));
#3211=AXIS2_PLACEMENT_3D('',#7141,#7142,#7143);
#3212=EDGE_LOOP('',(#7144,#7145,#7146,#7147));
#3213=AXIS2_PLACEMENT_3D('',#7148,#7149,#7150);
#3214=EDGE_LOOP('',(#7151,#7152,#7153,#7154));
#3215=AXIS2_PLACEMENT_3D('',#7155,#7156,#7157);
#3216=EDGE_LOOP('',(#7158,#7159,#7160,#7161));
#3217=AXIS2_PLACEMENT_3D('',#7162,#7163,#7164);
#3218=EDGE_LOOP('',(#7165,#7166,#7167,#7168));
#3219=AXIS2_PLACEMENT_3D('',#7169,#7170,#7171);
#3220=EDGE_LOOP('',(#7172,#7173,#7174,#7175));
#3221=AXIS2_PLACEMENT_3D('',#7176,#7177,#7178);
#3222=EDGE_LOOP('',(#7179,#7180,#7181,#7182));
#3223=AXIS2_PLACEMENT_3D('',#7183,#7184,#7185);
#3224=EDGE_LOOP('',(#7186,#7187,#7188,#7189));
#3225=AXIS2_PLACEMENT_3D('',#7190,#7191,#7192);
#3226=EDGE_LOOP('',(#7193,#7194,#7195,#7196));
#3227=AXIS2_PLACEMENT_3D('',#7197,#7198,#7199);
#3228=EDGE_LOOP('',(#7200,#7201,#7202,#7203));
#3229=AXIS2_PLACEMENT_3D('',#7204,#7205,#7206);
#3230=EDGE_LOOP('',(#7207,#7208,#7209,#7210));
#3231=AXIS2_PLACEMENT_3D('',#7211,#7212,#7213);
#3232=EDGE_LOOP('',(#7214,#7215,#7216,#7217));
#3233=AXIS2_PLACEMENT_3D('',#7218,#7219,#7220);
#3234=EDGE_LOOP('',(#7221,#7222,#7223,#7224));
#3235=AXIS2_PLACEMENT_3D('',#7225,#7226,#7227);
#3236=EDGE_LOOP('',(#7228,#7229,#7230,#7231));
#3237=AXIS2_PLACEMENT_3D('',#7232,#7233,#7234);
#3238=EDGE_LOOP('',(#7235,#7236,#7237,#7238));
#3239=AXIS2_PLACEMENT_3D('',#7239,#7240,#7241);
#3240=EDGE_LOOP('',(#7242,#7243,#7244,#7245));
#3241=AXIS2_PLACEMENT_3D('',#7246,#7247,#7248);
#3242=EDGE_LOOP('',(#7249,#7250,#7251,#7252));
#3243=AXIS2_PLACEMENT_3D('',#7253,#7254,#7255);
#3244=EDGE_LOOP('',(#7256,#7257,#7258,#7259));
#3245=AXIS2_PLACEMENT_3D('',#7260,#7261,#7262);
#3246=EDGE_LOOP('',(#7263,#7264,#7265,#7266));
#3247=AXIS2_PLACEMENT_3D('',#7267,#7268,#7269);
#3248=EDGE_LOOP('',(#7270,#7271,#7272,#7273));
#3249=AXIS2_PLACEMENT_3D('',#7274,#7275,#7276);
#3250=EDGE_LOOP('',(#7277,#7278,#7279,#7280));
#3251=AXIS2_PLACEMENT_3D('',#7281,#7282,#7283);
#3252=EDGE_LOOP('',(#7284,#7285,#7286,#7287));
#3253=AXIS2_PLACEMENT_3D('',#7288,#7289,#7290);
#3254=EDGE_LOOP('',(#7291,#7292,#7293,#7294));
#3255=AXIS2_PLACEMENT_3D('',#7295,#7296,#7297);
#3256=EDGE_LOOP('',(#7298,#7299,#7300,#7301));
#3257=AXIS2_PLACEMENT_3D('',#7302,#7303,#7304);
#3258=EDGE_LOOP('',(#7305,#7306,#7307,#7308));
#3259=AXIS2_PLACEMENT_3D('',#7309,#7310,#7311);
#3260=EDGE_LOOP('',(#7312,#7313,#7314,#7315));
#3261=AXIS2_PLACEMENT_3D('',#7316,#7317,#7318);
#3262=EDGE_LOOP('',(#7319,#7320,#7321,#7322));
#3263=AXIS2_PLACEMENT_3D('',#7323,#7324,#7325);
#3264=EDGE_LOOP('',(#7326,#7327,#7328,#7329));
#3265=AXIS2_PLACEMENT_3D('',#7330,#7331,#7332);
#3266=EDGE_LOOP('',(#7333,#7334,#7335,#7336));
#3267=AXIS2_PLACEMENT_3D('',#7337,#7338,#7339);
#3268=EDGE_LOOP('',(#7340,#7341,#7342,#7343));
#3269=AXIS2_PLACEMENT_3D('',#7344,#7345,#7346);
#3270=EDGE_LOOP('',(#7347,#7348,#7349,#7350));
#3271=AXIS2_PLACEMENT_3D('',#7351,#7352,#7353);
#3272=EDGE_LOOP('',(#7354,#7355,#7356,#7357));
#3273=AXIS2_PLACEMENT_3D('',#7358,#7359,#7360);
#3274=EDGE_LOOP('',(#7361,#7362,#7363,#7364));
#3275=AXIS2_PLACEMENT_3D('',#7365,#7366,#7367);
#3276=EDGE_LOOP('',(#7368,#7369,#7370,#7371));
#3277=AXIS2_PLACEMENT_3D('',#7372,#7373,#7374);
#3278=EDGE_LOOP('',(#7375,#7376,#7377,#7378));
#3279=AXIS2_PLACEMENT_3D('',#7379,#7380,#7381);
#3280=EDGE_LOOP('',(#7382,#7383,#7384,#7385));
#3281=AXIS2_PLACEMENT_3D('',#7386,#7387,#7388);
#3282=EDGE_LOOP('',(#7389,#7390,#7391,#7392));
#3283=AXIS2_PLACEMENT_3D('',#7393,#7394,#7395);
#3284=EDGE_LOOP('',(#7396,#7397,#7398,#7399));
#3285=AXIS2_PLACEMENT_3D('',#7400,#7401,#7402);
#3286=EDGE_LOOP('',(#7403,#7404,#7405,#7406));
#3287=AXIS2_PLACEMENT_3D('',#7407,#7408,#7409);
#3288=EDGE_LOOP('',(#7410,#7411,#7412,#7413));
#3289=AXIS2_PLACEMENT_3D('',#7414,#7415,#7416);
#3290=EDGE_LOOP('',(#7417,#7418,#7419,#7420));
#3291=AXIS2_PLACEMENT_3D('',#7421,#7422,#7423);
#3292=EDGE_LOOP('',(#7424,#7425,#7426,#7427));
#3293=AXIS2_PLACEMENT_3D('',#7428,#7429,#7430);
#3294=EDGE_LOOP('',(#7431,#7432,#7433,#7434));
#3295=AXIS2_PLACEMENT_3D('',#7435,#7436,#7437);
#3296=EDGE_LOOP('',(#7438,#7439,#7440,#7441));
#3297=AXIS2_PLACEMENT_3D('',#7442,#7443,#7444);
#3298=EDGE_LOOP('',(#7445,#7446,#7447,#7448));
#3299=AXIS2_PLACEMENT_3D('',#7449,#7450,#7451);
#3300=EDGE_LOOP('',(#7452,#7453,#7454,#7455));
#3301=AXIS2_PLACEMENT_3D('',#7456,#7457,#7458);
#3302=EDGE_LOOP('',(#7459,#7460,#7461,#7462));
#3303=AXIS2_PLACEMENT_3D('',#7463,#7464,#7465);
#3304=EDGE_LOOP('',(#7466,#7467,#7468,#7469));
#3305=AXIS2_PLACEMENT_3D('',#7470,#7471,#7472);
#3306=EDGE_LOOP('',(#7473,#7474,#7475,#7476));
#3307=AXIS2_PLACEMENT_3D('',#7477,#7478,#7479);
#3308=EDGE_LOOP('',(#7480,#7481,#7482,#7483));
#3309=AXIS2_PLACEMENT_3D('',#7484,#7485,#7486);
#3310=EDGE_LOOP('',(#7487,#7488,#7489,#7490));
#3311=AXIS2_PLACEMENT_3D('',#7491,#7492,#7493);
#3312=EDGE_LOOP('',(#7494,#7495,#7496,#7497));
#3313=AXIS2_PLACEMENT_3D('',#7498,#7499,#7500);
#3314=EDGE_LOOP('',(#7501,#7502,#7503,#7504));
#3315=AXIS2_PLACEMENT_3D('',#7505,#7506,#7507);
#3316=EDGE_LOOP('',(#7508,#7509,#7510,#7511));
#3317=AXIS2_PLACEMENT_3D('',#7512,#7513,#7514);
#3318=EDGE_LOOP('',(#7515,#7516,#7517,#7518));
#3319=AXIS2_PLACEMENT_3D('',#7519,#7520,#7521);
#3320=EDGE_LOOP('',(#7522,#7523,#7524,#7525));
#3321=AXIS2_PLACEMENT_3D('',#7526,#7527,#7528);
#3322=EDGE_LOOP('',(#7529,#7530,#7531,#7532));
#3323=AXIS2_PLACEMENT_3D('',#7533,#7534,#7535);
#3324=EDGE_LOOP('',(#7536,#7537,#7538,#7539));
#3325=AXIS2_PLACEMENT_3D('',#7540,#7541,#7542);
#3326=EDGE_LOOP('',(#7543,#7544,#7545,#7546));
#3327=AXIS2_PLACEMENT_3D('',#7547,#7548,#7549);
#3328=EDGE_LOOP('',(#7550,#7551,#7552,#7553));
#3329=AXIS2_PLACEMENT_3D('',#7554,#7555,#7556);
#3330=EDGE_LOOP('',(#7557,#7558,#7559,#7560));
#3331=AXIS2_PLACEMENT_3D('',#7561,#7562,#7563);
#3332=EDGE_LOOP('',(#7564,#7565,#7566,#7567));
#3333=AXIS2_PLACEMENT_3D('',#7568,#7569,#7570);
#3334=EDGE_LOOP('',(#7571,#7572,#7573,#7574));
#3335=AXIS2_PLACEMENT_3D('',#7575,#7576,#7577);
#3336=EDGE_LOOP('',(#7578,#7579,#7580,#7581));
#3337=AXIS2_PLACEMENT_3D('',#7582,#7583,#7584);
#3338=EDGE_LOOP('',(#7585,#7586,#7587,#7588));
#3339=AXIS2_PLACEMENT_3D('',#7589,#7590,#7591);
#3340=EDGE_LOOP('',(#7592,#7593,#7594,#7595));
#3341=AXIS2_PLACEMENT_3D('',#7596,#7597,#7598);
#3342=EDGE_LOOP('',(#7599,#7600,#7601,#7602));
#3343=AXIS2_PLACEMENT_3D('',#7603,#7604,#7605);
#3344=EDGE_LOOP('',(#7606,#7607,#7608,#7609));
#3345=AXIS2_PLACEMENT_3D('',#7610,#7611,#7612);
#3346=EDGE_LOOP('',(#7613,#7614,#7615,#7616));
#3347=AXIS2_PLACEMENT_3D('',#7617,#7618,#7619);
#3348=EDGE_LOOP('',(#7620,#7621,#7622,#7623));
#3349=AXIS2_PLACEMENT_3D('',#7624,#7625,#7626);
#3350=EDGE_LOOP('',(#7627,#7628,#7629,#7630));
#3351=AXIS2_PLACEMENT_3D('',#7631,#7632,#7633);
#3352=EDGE_LOOP('',(#7634,#7635,#7636,#7637));
#3353=AXIS2_PLACEMENT_3D('',#7638,#7639,#7640);
#3354=EDGE_LOOP('',(#7641,#7642,#7643,#7644));
#3355=AXIS2_PLACEMENT_3D('',#7645,#7646,#7647);
#3356=EDGE_LOOP('',(#7648,#7649,#7650,#7651));
#3357=AXIS2_PLACEMENT_3D('',#7652,#7653,#7654);
#3358=EDGE_LOOP('',(#7655,#7656,#7657,#7658));
#3359=AXIS2_PLACEMENT_3D('',#7659,#7660,#7661);
#3360=EDGE_LOOP('',(#7662,#7663,#7664,#7665));
#3361=AXIS2_PLACEMENT_3D('',#7666,#7667,#7668);
#3362=EDGE_LOOP('',(#7669,#7670,#7671,#7672));
#3363=AXIS2_PLACEMENT_3D('',#7673,#7674,#7675);
#3364=EDGE_LOOP('',(#7676,#7677,#7678,#7679));
#3365=AXIS2_PLACEMENT_3D('',#7680,#7681,#7682);
#3366=EDGE_LOOP('',(#7683,#7684,#7685,#7686));
#3367=AXIS2_PLACEMENT_3D('',#7687,#7688,#7689);
#3368=EDGE_LOOP('',(#7690,#7691,#7692,#7693));
#3369=AXIS2_PLACEMENT_3D('',#7694,#7695,#7696);
#3370=EDGE_LOOP('',(#7697,#7698,#7699,#7700));
#3371=AXIS2_PLACEMENT_3D('',#7701,#7702,#7703);
#3372=EDGE_LOOP('',(#7704,#7705,#7706,#7707));
#3373=AXIS2_PLACEMENT_3D('',#7708,#7709,#7710);
#3374=EDGE_LOOP('',(#7711,#7712,#7713,#7714));
#3375=AXIS2_PLACEMENT_3D('',#7715,#7716,#7717);
#3376=EDGE_LOOP('',(#7718,#7719,#7720,#7721));
#3377=AXIS2_PLACEMENT_3D('',#7722,#7723,#7724);
#3378=EDGE_LOOP('',(#7725,#7726,#7727,#7728));
#3379=AXIS2_PLACEMENT_3D('',#7729,#7730,#7731);
#3380=EDGE_LOOP('',(#7732,#7733,#7734,#7735));
#3381=AXIS2_PLACEMENT_3D('',#7736,#7737,#7738);
#3382=EDGE_LOOP('',(#7739,#7740,#7741,#7742));
#3383=AXIS2_PLACEMENT_3D('',#7743,#7744,#7745);
#3384=EDGE_LOOP('',(#7746,#7747,#7748,#7749));
#3385=AXIS2_PLACEMENT_3D('',#7750,#7751,#7752);
#3386=EDGE_LOOP('',(#7753,#7754,#7755,#7756));
#3387=AXIS2_PLACEMENT_3D('',#7757,#7758,#7759);
#3388=EDGE_LOOP('',(#7760,#7761,#7762,#7763));
#3389=AXIS2_PLACEMENT_3D('',#7764,#7765,#7766);
#3390=EDGE_LOOP('',(#7767,#7768,#7769,#7770));
#3391=AXIS2_PLACEMENT_3D('',#7771,#7772,#7773);
#3392=EDGE_LOOP('',(#7774,#7775,#7776,#7777));
#3393=AXIS2_PLACEMENT_3D('',#7778,#7779,#7780);
#3394=EDGE_LOOP('',(#7781,#7782,#7783,#7784));
#3395=AXIS2_PLACEMENT_3D('',#7785,#7786,#7787);
#3396=EDGE_LOOP('',(#7788,#7789,#7790,#7791));
#3397=AXIS2_PLACEMENT_3D('',#7792,#7793,#7794);
#3398=EDGE_LOOP('',(#7795,#7796,#7797,#7798));
#3399=AXIS2_PLACEMENT_3D('',#7799,#7800,#7801);
#3400=EDGE_LOOP('',(#7802,#7803,#7804,#7805));
#3401=AXIS2_PLACEMENT_3D('',#7806,#7807,#7808);
#3402=EDGE_LOOP('',(#7809,#7810,#7811,#7812));
#3403=AXIS2_PLACEMENT_3D('',#7813,#7814,#7815);
#3404=EDGE_LOOP('',(#7816,#7817,#7818,#7819));
#3405=AXIS2_PLACEMENT_3D('',#7820,#7821,#7822);
#3406=EDGE_LOOP('',(#7823,#7824,#7825,#7826));
#3407=AXIS2_PLACEMENT_3D('',#7827,#7828,#7829);
#3408=EDGE_LOOP('',(#7830,#7831,#7832,#7833));
#3409=AXIS2_PLACEMENT_3D('',#7834,#7835,#7836);
#3410=EDGE_LOOP('',(#7837,#7838,#7839,#7840));
#3411=AXIS2_PLACEMENT_3D('',#7841,#7842,#7843);
#3412=EDGE_LOOP('',(#7844,#7845,#7846,#7847));
#3413=AXIS2_PLACEMENT_3D('',#7848,#7849,#7850);
#3414=EDGE_LOOP('',(#7851,#7852,#7853,#7854));
#3415=AXIS2_PLACEMENT_3D('',#7855,#7856,#7857);
#3416=EDGE_LOOP('',(#7858,#7859,#7860,#7861));
#3417=AXIS2_PLACEMENT_3D('',#7862,#7863,#7864);
#3418=EDGE_LOOP('',(#7865,#7866,#7867,#7868));
#3419=AXIS2_PLACEMENT_3D('',#7869,#7870,#7871);
#3420=EDGE_LOOP('',(#7872,#7873,#7874,#7875));
#3421=AXIS2_PLACEMENT_3D('',#7876,#7877,#7878);
#3422=EDGE_LOOP('',(#7879,#7880,#7881,#7882));
#3423=AXIS2_PLACEMENT_3D('',#7883,#7884,#7885);
#3424=EDGE_LOOP('',(#7886,#7887,#7888,#7889));
#3425=AXIS2_PLACEMENT_3D('',#7890,#7891,#7892);
#3426=EDGE_LOOP('',(#7893,#7894,#7895,#7896));
#3427=AXIS2_PLACEMENT_3D('',#7897,#7898,#7899);
#3428=EDGE_LOOP('',(#7900,#7901,#7902,#7903));
#3429=AXIS2_PLACEMENT_3D('',#7904,#7905,#7906);
#3430=EDGE_LOOP('',(#7907,#7908,#7909,#7910));
#3431=AXIS2_PLACEMENT_3D('',#7911,#7912,#7913);
#3432=EDGE_LOOP('',(#7914,#7915,#7916,#7917));
#3433=AXIS2_PLACEMENT_3D('',#7918,#7919,#7920);
#3434=EDGE_LOOP('',(#7921,#7922,#7923,#7924));
#3435=AXIS2_PLACEMENT_3D('',#7925,#7926,#7927);
#3436=EDGE_LOOP('',(#7928,#7929,#7930,#7931));
#3437=AXIS2_PLACEMENT_3D('',#7932,#7933,#7934);
#3438=EDGE_LOOP('',(#7935,#7936,#7937,#7938));
#3439=AXIS2_PLACEMENT_3D('',#7939,#7940,#7941);
#3440=EDGE_LOOP('',(#7942,#7943,#7944,#7945));
#3441=AXIS2_PLACEMENT_3D('',#7946,#7947,#7948);
#3442=EDGE_LOOP('',(#7949,#7950,#7951,#7952));
#3443=AXIS2_PLACEMENT_3D('',#7953,#7954,#7955);
#3444=EDGE_LOOP('',(#7956,#7957,#7958,#7959));
#3445=AXIS2_PLACEMENT_3D('',#7960,#7961,#7962);
#3446=EDGE_LOOP('',(#7963,#7964,#7965,#7966));
#3447=AXIS2_PLACEMENT_3D('',#7967,#7968,#7969);
#3448=EDGE_LOOP('',(#7970,#7971,#7972,#7973));
#3449=AXIS2_PLACEMENT_3D('',#7974,#7975,#7976);
#3450=EDGE_LOOP('',(#7977,#7978,#7979,#7980));
#3451=AXIS2_PLACEMENT_3D('',#7981,#7982,#7983);
#3452=EDGE_LOOP('',(#7984,#7985,#7986,#7987));
#3453=AXIS2_PLACEMENT_3D('',#7988,#7989,#7990);
#3454=EDGE_LOOP('',(#7991,#7992,#7993,#7994));
#3455=AXIS2_PLACEMENT_3D('',#7995,#7996,#7997);
#3456=EDGE_LOOP('',(#7998,#7999,#8000,#8001));
#3457=AXIS2_PLACEMENT_3D('',#8002,#8003,#8004);
#3458=EDGE_LOOP('',(#8005,#8006,#8007,#8008));
#3459=AXIS2_PLACEMENT_3D('',#8009,#8010,#8011);
#3460=EDGE_LOOP('',(#8012,#8013,#8014,#8015));
#3461=AXIS2_PLACEMENT_3D('',#8016,#8017,#8018);
#3462=EDGE_LOOP('',(#8019,#8020,#8021,#8022));
#3463=AXIS2_PLACEMENT_3D('',#8023,#8024,#8025);
#3464=EDGE_LOOP('',(#8026,#8027,#8028,#8029));
#3465=AXIS2_PLACEMENT_3D('',#8030,#8031,#8032);
#3466=EDGE_LOOP('',(#8033,#8034,#8035,#8036));
#3467=AXIS2_PLACEMENT_3D('',#8037,#8038,#8039);
#3468=EDGE_LOOP('',(#8040,#8041,#8042,#8043));
#3469=AXIS2_PLACEMENT_3D('',#8044,#8045,#8046);
#3470=EDGE_LOOP('',(#8047,#8048,#8049,#8050));
#3471=AXIS2_PLACEMENT_3D('',#8051,#8052,#8053);
#3472=EDGE_LOOP('',(#8054,#8055,#8056,#8057));
#3473=AXIS2_PLACEMENT_3D('',#8058,#8059,#8060);
#3474=EDGE_LOOP('',(#8061,#8062,#8063,#8064));
#3475=AXIS2_PLACEMENT_3D('',#8065,#8066,#8067);
#3476=EDGE_LOOP('',(#8068,#8069,#8070,#8071));
#3477=AXIS2_PLACEMENT_3D('',#8072,#8073,#8074);
#3478=EDGE_LOOP('',(#8075,#8076,#8077,#8078));
#3479=AXIS2_PLACEMENT_3D('',#8079,#8080,#8081);
#3480=EDGE_LOOP('',(#8082,#8083,#8084,#8085));
#3481=AXIS2_PLACEMENT_3D('',#8086,#8087,#8088);
#3482=EDGE_LOOP('',(#8089,#8090,#8091,#8092));
#3483=AXIS2_PLACEMENT_3D('',#8093,#8094,#8095);
#3484=EDGE_LOOP('',(#8096,#8097,#8098,#8099));
#3485=AXIS2_PLACEMENT_3D('',#8100,#8101,#8102);
#3486=EDGE_LOOP('',(#8103,#8104,#8105,#8106));
#3487=AXIS2_PLACEMENT_3D('',#8107,#8108,#8109);
#3488=EDGE_LOOP('',(#8110,#8111,#8112,#8113));
#3489=AXIS2_PLACEMENT_3D('',#8114,#8115,#8116);
#3490=EDGE_LOOP('',(#8117,#8118,#8119,#8120));
#3491=AXIS2_PLACEMENT_3D('',#8121,#8122,#8123);
#3492=EDGE_LOOP('',(#8124,#8125,#8126,#8127));
#3493=AXIS2_PLACEMENT_3D('',#8128,#8129,#8130);
#3494=EDGE_LOOP('',(#8131,#8132,#8133,#8134));
#3495=AXIS2_PLACEMENT_3D('',#8135,#8136,#8137);
#3496=EDGE_LOOP('',(#8138,#8139,#8140,#8141));
#3497=AXIS2_PLACEMENT_3D('',#8142,#8143,#8144);
#3498=EDGE_LOOP('',(#8145,#8146,#8147,#8148));
#3499=AXIS2_PLACEMENT_3D('',#8149,#8150,#8151);
#3500=EDGE_LOOP('',(#8152,#8153,#8154,#8155));
#3501=AXIS2_PLACEMENT_3D('',#8156,#8157,#8158);
#3502=EDGE_LOOP('',(#8159,#8160,#8161,#8162));
#3503=AXIS2_PLACEMENT_3D('',#8163,#8164,#8165);
#3504=EDGE_LOOP('',(#8166,#8167,#8168,#8169));
#3505=AXIS2_PLACEMENT_3D('',#8170,#8171,#8172);
#3506=EDGE_LOOP('',(#8173,#8174,#8175,#8176));
#3507=AXIS2_PLACEMENT_3D('',#8177,#8178,#8179);
#3508=EDGE_LOOP('',(#8180,#8181,#8182,#8183));
#3509=AXIS2_PLACEMENT_3D('',#8184,#8185,#8186);
#3510=EDGE_LOOP('',(#8187,#8188,#8189,#8190));
#3511=AXIS2_PLACEMENT_3D('',#8191,#8192,#8193);
#3512=EDGE_LOOP('',(#8194,#8195,#8196,#8197));
#3513=AXIS2_PLACEMENT_3D('',#8198,#8199,#8200);
#3514=EDGE_LOOP('',(#8201,#8202,#8203,#8204));
#3515=AXIS2_PLACEMENT_3D('',#8205,#8206,#8207);
#3516=EDGE_LOOP('',(#8208,#8209,#8210,#8211));
#3517=AXIS2_PLACEMENT_3D('',#8212,#8213,#8214);
#3518=EDGE_LOOP('',(#8215,#8216,#8217,#8218,#8219,#8220,#8221,#8222,#8223,#8224,#8225,#8226));
#3519=AXIS2_PLACEMENT_3D('',#8227,#8228,#8229);
#3520=EDGE_LOOP('',(#8230,#8231,#8232,#8233));
#3521=AXIS2_PLACEMENT_3D('',#8234,#8235,#8236);
#3522=EDGE_LOOP('',(#8237,#8238,#8239));
#3523=AXIS2_PLACEMENT_3D('',#8240,#8241,#8242);
#3524=EDGE_LOOP('',(#8243,#8244,#8245));
#3525=AXIS2_PLACEMENT_3D('',#8246,#8247,#8248);
#3526=EDGE_LOOP('',(#8249,#8250,#8251,#8252));
#3527=AXIS2_PLACEMENT_3D('',#8253,#8254,#8255);
#3528=EDGE_LOOP('',(#8256,#8257,#8258));
#3529=AXIS2_PLACEMENT_3D('',#8259,#8260,#8261);
#3530=EDGE_LOOP('',(#8262,#8263,#8264));
#3531=AXIS2_PLACEMENT_3D('',#8265,#8266,#8267);
#3532=EDGE_LOOP('',(#8268,#8269,#8270,#8271));
#3533=AXIS2_PLACEMENT_3D('',#8272,#8273,#8274);
#3534=EDGE_LOOP('',(#8275,#8276,#8277,#8278));
#3535=AXIS2_PLACEMENT_3D('',#8279,#8280,#8281);
#3536=EDGE_LOOP('',(#8282,#8283,#8284,#8285));
#3537=AXIS2_PLACEMENT_3D('',#8286,#8287,#8288);
#3538=EDGE_LOOP('',(#8289,#8290,#8291,#8292));
#3539=AXIS2_PLACEMENT_3D('',#8293,#8294,#8295);
#3540=EDGE_LOOP('',(#8296,#8297,#8298,#8299));
#3541=AXIS2_PLACEMENT_3D('',#8300,#8301,#8302);
#3542=EDGE_LOOP('',(#8303,#8304,#8305,#8306));
#3543=AXIS2_PLACEMENT_3D('',#8307,#8308,#8309);
#3544=EDGE_LOOP('',(#8310,#8311,#8312,#8313));
#3545=AXIS2_PLACEMENT_3D('',#8314,#8315,#8316);
#3546=EDGE_LOOP('',(#8317,#8318,#8319,#8320));
#3547=AXIS2_PLACEMENT_3D('',#8321,#8322,#8323);
#3548=EDGE_LOOP('',(#8324,#8325,#8326,#8327));
#3549=AXIS2_PLACEMENT_3D('',#8328,#8329,#8330);
#3550=EDGE_LOOP('',(#8331,#8332,#8333,#8334));
#3551=AXIS2_PLACEMENT_3D('',#8335,#8336,#8337);
#3552=EDGE_LOOP('',(#8338,#8339,#8340,#8341));
#3553=AXIS2_PLACEMENT_3D('',#8342,#8343,#8344);
#3554=EDGE_LOOP('',(#8345,#8346,#8347,#8348));
#3555=AXIS2_PLACEMENT_3D('',#8349,#8350,#8351);
#3556=EDGE_LOOP('',(#8352,#8353,#8354,#8355));
#3557=AXIS2_PLACEMENT_3D('',#8356,#8357,#8358);
#3558=EDGE_LOOP('',(#8359,#8360,#8361,#8362));
#3559=AXIS2_PLACEMENT_3D('',#8363,#8364,#8365);
#3560=EDGE_LOOP('',(#8366,#8367,#8368,#8369));
#3561=AXIS2_PLACEMENT_3D('',#8370,#8371,#8372);
#3562=EDGE_LOOP('',(#8373,#8374,#8375,#8376));
#3563=AXIS2_PLACEMENT_3D('',#8377,#8378,#8379);
#3564=EDGE_LOOP('',(#8380,#8381,#8382,#8383));
#3565=AXIS2_PLACEMENT_3D('',#8384,#8385,#8386);
#3566=EDGE_LOOP('',(#8387,#8388,#8389,#8390));
#3567=AXIS2_PLACEMENT_3D('',#8391,#8392,#8393);
#3568=EDGE_LOOP('',(#8394,#8395,#8396,#8397));
#3569=AXIS2_PLACEMENT_3D('',#8398,#8399,#8400);
#3570=EDGE_LOOP('',(#8401,#8402,#8403,#8404));
#3571=AXIS2_PLACEMENT_3D('',#8405,#8406,#8407);
#3572=EDGE_LOOP('',(#8408,#8409,#8410,#8411));
#3573=AXIS2_PLACEMENT_3D('',#8412,#8413,#8414);
#3574=EDGE_LOOP('',(#8415,#8416,#8417,#8418));
#3575=AXIS2_PLACEMENT_3D('',#8419,#8420,#8421);
#3576=EDGE_LOOP('',(#8422,#8423,#8424,#8425));
#3577=AXIS2_PLACEMENT_3D('',#8426,#8427,#8428);
#3578=EDGE_LOOP('',(#8429,#8430,#8431,#8432));
#3579=AXIS2_PLACEMENT_3D('',#8433,#8434,#8435);
#3580=EDGE_LOOP('',(#8436,#8437,#8438,#8439));
#3581=AXIS2_PLACEMENT_3D('',#8440,#8441,#8442);
#3582=EDGE_LOOP('',(#8443,#8444,#8445,#8446));
#3583=AXIS2_PLACEMENT_3D('',#8447,#8448,#8449);
#3584=EDGE_LOOP('',(#8450,#8451,#8452,#8453));
#3585=AXIS2_PLACEMENT_3D('',#8454,#8455,#8456);
#3586=EDGE_LOOP('',(#8457,#8458,#8459,#8460));
#3587=AXIS2_PLACEMENT_3D('',#8461,#8462,#8463);
#3588=EDGE_LOOP('',(#8464,#8465,#8466,#8467));
#3589=AXIS2_PLACEMENT_3D('',#8468,#8469,#8470);
#3590=EDGE_LOOP('',(#8471,#8472,#8473,#8474));
#3591=AXIS2_PLACEMENT_3D('',#8475,#8476,#8477);
#3592=EDGE_LOOP('',(#8478,#8479,#8480,#8481));
#3593=AXIS2_PLACEMENT_3D('',#8482,#8483,#8484);
#3594=EDGE_LOOP('',(#8485,#8486,#8487,#8488));
#3595=AXIS2_PLACEMENT_3D('',#8489,#8490,#8491);
#3596=EDGE_LOOP('',(#8492,#8493,#8494,#8495));
#3597=AXIS2_PLACEMENT_3D('',#8496,#8497,#8498);
#3598=EDGE_LOOP('',(#8499,#8500,#8501,#8502));
#3599=AXIS2_PLACEMENT_3D('',#8503,#8504,#8505);
#3600=EDGE_LOOP('',(#8506,#8507,#8508,#8509));
#3601=AXIS2_PLACEMENT_3D('',#8510,#8511,#8512);
#3602=EDGE_LOOP('',(#8513,#8514,#8515,#8516));
#3603=AXIS2_PLACEMENT_3D('',#8517,#8518,#8519);
#3604=EDGE_LOOP('',(#8520,#8521,#8522,#8523));
#3605=AXIS2_PLACEMENT_3D('',#8524,#8525,#8526);
#3606=EDGE_LOOP('',(#8527,#8528,#8529,#8530));
#3607=AXIS2_PLACEMENT_3D('',#8531,#8532,#8533);
#3608=EDGE_LOOP('',(#8534,#8535,#8536,#8537));
#3609=AXIS2_PLACEMENT_3D('',#8538,#8539,#8540);
#3610=EDGE_LOOP('',(#8541,#8542,#8543,#8544));
#3611=AXIS2_PLACEMENT_3D('',#8545,#8546,#8547);
#3612=EDGE_LOOP('',(#8548,#8549,#8550,#8551));
#3613=AXIS2_PLACEMENT_3D('',#8552,#8553,#8554);
#3614=EDGE_LOOP('',(#8555,#8556,#8557,#8558));
#3615=AXIS2_PLACEMENT_3D('',#8559,#8560,#8561);
#3616=EDGE_LOOP('',(#8562,#8563,#8564,#8565));
#3617=AXIS2_PLACEMENT_3D('',#8566,#8567,#8568);
#3618=EDGE_LOOP('',(#8569,#8570,#8571,#8572));
#3619=AXIS2_PLACEMENT_3D('',#8573,#8574,#8575);
#3620=EDGE_LOOP('',(#8576,#8577,#8578,#8579));
#3621=AXIS2_PLACEMENT_3D('',#8580,#8581,#8582);
#3622=EDGE_LOOP('',(#8583,#8584,#8585,#8586));
#3623=AXIS2_PLACEMENT_3D('',#8587,#8588,#8589);
#3624=EDGE_LOOP('',(#8590,#8591,#8592,#8593));
#3625=AXIS2_PLACEMENT_3D('',#8594,#8595,#8596);
#3626=EDGE_LOOP('',(#8597,#8598,#8599,#8600));
#3627=AXIS2_PLACEMENT_3D('',#8601,#8602,#8603);
#3628=EDGE_LOOP('',(#8604,#8605,#8606,#8607));
#3629=AXIS2_PLACEMENT_3D('',#8608,#8609,#8610);
#3630=EDGE_LOOP('',(#8611,#8612,#8613,#8614));
#3631=AXIS2_PLACEMENT_3D('',#8615,#8616,#8617);
#3632=EDGE_LOOP('',(#8618,#8619,#8620,#8621));
#3633=AXIS2_PLACEMENT_3D('',#8622,#8623,#8624);
#3634=EDGE_LOOP('',(#8625,#8626,#8627,#8628));
#3635=AXIS2_PLACEMENT_3D('',#8629,#8630,#8631);
#3636=EDGE_LOOP('',(#8632,#8633,#8634,#8635));
#3637=AXIS2_PLACEMENT_3D('',#8636,#8637,#8638);
#3638=EDGE_LOOP('',(#8639,#8640,#8641,#8642));
#3639=AXIS2_PLACEMENT_3D('',#8643,#8644,#8645);
#3640=EDGE_LOOP('',(#8646,#8647,#8648,#8649));
#3641=AXIS2_PLACEMENT_3D('',#8650,#8651,#8652);
#3642=EDGE_LOOP('',(#8653,#8654,#8655,#8656));
#3643=AXIS2_PLACEMENT_3D('',#8657,#8658,#8659);
#3644=EDGE_LOOP('',(#8660,#8661,#8662,#8663));
#3645=AXIS2_PLACEMENT_3D('',#8664,#8665,#8666);
#3646=EDGE_LOOP('',(#8667,#8668,#8669,#8670));
#3647=AXIS2_PLACEMENT_3D('',#8671,#8672,#8673);
#3648=EDGE_LOOP('',(#8674,#8675,#8676,#8677));
#3649=AXIS2_PLACEMENT_3D('',#8678,#8679,#8680);
#3650=EDGE_LOOP('',(#8681,#8682,#8683,#8684));
#3651=AXIS2_PLACEMENT_3D('',#8685,#8686,#8687);
#3652=EDGE_LOOP('',(#8688,#8689,#8690,#8691));
#3653=AXIS2_PLACEMENT_3D('',#8692,#8693,#8694);
#3654=EDGE_LOOP('',(#8695,#8696,#8697,#8698));
#3655=AXIS2_PLACEMENT_3D('',#8699,#8700,#8701);
#3656=EDGE_LOOP('',(#8702,#8703,#8704,#8705));
#3657=AXIS2_PLACEMENT_3D('',#8706,#8707,#8708);
#3658=EDGE_LOOP('',(#8709,#8710,#8711,#8712));
#3659=AXIS2_PLACEMENT_3D('',#8713,#8714,#8715);
#3660=EDGE_LOOP('',(#8716,#8717,#8718,#8719));
#3661=AXIS2_PLACEMENT_3D('',#8720,#8721,#8722);
#3662=EDGE_LOOP('',(#8723,#8724,#8725,#8726));
#3663=AXIS2_PLACEMENT_3D('',#8727,#8728,#8729);
#3664=EDGE_LOOP('',(#8730,#8731,#8732,#8733));
#3665=AXIS2_PLACEMENT_3D('',#8734,#8735,#8736);
#3666=EDGE_LOOP('',(#8737,#8738,#8739,#8740));
#3667=AXIS2_PLACEMENT_3D('',#8741,#8742,#8743);
#3668=EDGE_LOOP('',(#8744,#8745,#8746,#8747));
#3669=AXIS2_PLACEMENT_3D('',#8748,#8749,#8750);
#3670=EDGE_LOOP('',(#8751,#8752,#8753,#8754));
#3671=AXIS2_PLACEMENT_3D('',#8755,#8756,#8757);
#3672=EDGE_LOOP('',(#8758,#8759,#8760,#8761));
#3673=AXIS2_PLACEMENT_3D('',#8762,#8763,#8764);
#3674=EDGE_LOOP('',(#8765,#8766,#8767,#8768));
#3675=AXIS2_PLACEMENT_3D('',#8769,#8770,#8771);
#3676=EDGE_LOOP('',(#8772,#8773,#8774,#8775));
#3677=AXIS2_PLACEMENT_3D('',#8776,#8777,#8778);
#3678=EDGE_LOOP('',(#8779,#8780,#8781,#8782));
#3679=AXIS2_PLACEMENT_3D('',#8783,#8784,#8785);
#3680=EDGE_LOOP('',(#8786,#8787,#8788,#8789));
#3681=AXIS2_PLACEMENT_3D('',#8790,#8791,#8792);
#3682=EDGE_LOOP('',(#8793,#8794,#8795,#8796));
#3683=AXIS2_PLACEMENT_3D('',#8797,#8798,#8799);
#3684=EDGE_LOOP('',(#8800,#8801,#8802,#8803));
#3685=AXIS2_PLACEMENT_3D('',#8804,#8805,#8806);
#3686=EDGE_LOOP('',(#8807,#8808,#8809,#8810));
#3687=AXIS2_PLACEMENT_3D('',#8811,#8812,#8813);
#3688=EDGE_LOOP('',(#8814,#8815,#8816,#8817));
#3689=AXIS2_PLACEMENT_3D('',#8818,#8819,#8820);
#3690=EDGE_LOOP('',(#8821,#8822,#8823,#8824));
#3691=AXIS2_PLACEMENT_3D('',#8825,#8826,#8827);
#3692=EDGE_LOOP('',(#8828,#8829,#8830,#8831));
#3693=AXIS2_PLACEMENT_3D('',#8832,#8833,#8834);
#3694=EDGE_LOOP('',(#8835,#8836,#8837,#8838));
#3695=AXIS2_PLACEMENT_3D('',#8839,#8840,#8841);
#3696=EDGE_LOOP('',(#8842,#8843,#8844,#8845));
#3697=AXIS2_PLACEMENT_3D('',#8846,#8847,#8848);
#3698=EDGE_LOOP('',(#8849,#8850,#8851,#8852));
#3699=AXIS2_PLACEMENT_3D('',#8853,#8854,#8855);
#3700=EDGE_LOOP('',(#8856,#8857,#8858,#8859));
#3701=AXIS2_PLACEMENT_3D('',#8860,#8861,#8862);
#3702=EDGE_LOOP('',(#8863,#8864,#8865,#8866));
#3703=AXIS2_PLACEMENT_3D('',#8867,#8868,#8869);
#3704=EDGE_LOOP('',(#8870,#8871,#8872,#8873));
#3705=AXIS2_PLACEMENT_3D('',#8874,#8875,#8876);
#3706=EDGE_LOOP('',(#8877,#8878,#8879,#8880));
#3707=AXIS2_PLACEMENT_3D('',#8881,#8882,#8883);
#3708=EDGE_LOOP('',(#8884,#8885,#8886,#8887));
#3709=AXIS2_PLACEMENT_3D('',#8888,#8889,#8890);
#3710=EDGE_LOOP('',(#8891,#8892,#8893,#8894));
#3711=AXIS2_PLACEMENT_3D('',#8895,#8896,#8897);
#3712=EDGE_LOOP('',(#8898,#8899,#8900,#8901));
#3713=AXIS2_PLACEMENT_3D('',#8902,#8903,#8904);
#3714=EDGE_LOOP('',(#8905,#8906,#8907,#8908));
#3715=AXIS2_PLACEMENT_3D('',#8909,#8910,#8911);
#3716=EDGE_LOOP('',(#8912,#8913,#8914,#8915));
#3717=AXIS2_PLACEMENT_3D('',#8916,#8917,#8918);
#3718=EDGE_LOOP('',(#8919,#8920,#8921,#8922));
#3719=AXIS2_PLACEMENT_3D('',#8923,#8924,#8925);
#3720=EDGE_LOOP('',(#8926,#8927,#8928,#8929));
#3721=AXIS2_PLACEMENT_3D('',#8930,#8931,#8932);
#3722=EDGE_LOOP('',(#8933,#8934,#8935,#8936));
#3723=AXIS2_PLACEMENT_3D('',#8937,#8938,#8939);
#3724=EDGE_LOOP('',(#8940,#8941,#8942,#8943));
#3725=AXIS2_PLACEMENT_3D('',#8944,#8945,#8946);
#3726=EDGE_LOOP('',(#8947,#8948,#8949,#8950));
#3727=AXIS2_PLACEMENT_3D('',#8951,#8952,#8953);
#3728=EDGE_LOOP('',(#8954,#8955,#8956,#8957));
#3729=AXIS2_PLACEMENT_3D('',#8958,#8959,#8960);
#3730=EDGE_LOOP('',(#8961,#8962,#8963,#8964));
#3731=AXIS2_PLACEMENT_3D('',#8965,#8966,#8967);
#3732=EDGE_LOOP('',(#8968,#8969,#8970,#8971));
#3733=AXIS2_PLACEMENT_3D('',#8972,#8973,#8974);
#3734=EDGE_LOOP('',(#8975,#8976,#8977,#8978));
#3735=AXIS2_PLACEMENT_3D('',#8979,#8980,#8981);
#3736=EDGE_LOOP('',(#8982,#8983,#8984,#8985));
#3737=AXIS2_PLACEMENT_3D('',#8986,#8987,#8988);
#3738=EDGE_LOOP('',(#8989,#8990,#8991,#8992));
#3739=AXIS2_PLACEMENT_3D('',#8993,#8994,#8995);
#3740=EDGE_LOOP('',(#8996,#8997,#8998,#8999));
#3741=AXIS2_PLACEMENT_3D('',#9000,#9001,#9002);
#3742=EDGE_LOOP('',(#9003,#9004,#9005,#9006));
#3743=AXIS2_PLACEMENT_3D('',#9007,#9008,#9009);
#3744=EDGE_LOOP('',(#9010,#9011,#9012,#9013));
#3745=AXIS2_PLACEMENT_3D('',#9014,#9015,#9016);
#3746=EDGE_LOOP('',(#9017,#9018,#9019,#9020));
#3747=AXIS2_PLACEMENT_3D('',#9021,#9022,#9023);
#3748=EDGE_LOOP('',(#9024,#9025,#9026,#9027));
#3749=AXIS2_PLACEMENT_3D('',#9028,#9029,#9030);
#3750=EDGE_LOOP('',(#9031,#9032,#9033,#9034));
#3751=AXIS2_PLACEMENT_3D('',#9035,#9036,#9037);
#3752=EDGE_LOOP('',(#9038,#9039,#9040,#9041));
#3753=AXIS2_PLACEMENT_3D('',#9042,#9043,#9044);
#3754=EDGE_LOOP('',(#9045,#9046,#9047,#9048));
#3755=AXIS2_PLACEMENT_3D('',#9049,#9050,#9051);
#3756=EDGE_LOOP('',(#9052,#9053,#9054,#9055));
#3757=AXIS2_PLACEMENT_3D('',#9056,#9057,#9058);
#3758=EDGE_LOOP('',(#9059,#9060,#9061,#9062));
#3759=AXIS2_PLACEMENT_3D('',#9063,#9064,#9065);
#3760=EDGE_LOOP('',(#9066,#9067,#9068,#9069));
#3761=AXIS2_PLACEMENT_3D('',#9070,#9071,#9072);
#3762=EDGE_LOOP('',(#9073,#9074,#9075,#9076));
#3763=AXIS2_PLACEMENT_3D('',#9077,#9078,#9079);
#3764=EDGE_LOOP('',(#9080,#9081,#9082,#9083));
#3765=AXIS2_PLACEMENT_3D('',#9084,#9085,#9086);
#3766=EDGE_LOOP('',(#9087,#9088,#9089,#9090));
#3767=AXIS2_PLACEMENT_3D('',#9091,#9092,#9093);
#3768=EDGE_LOOP('',(#9094,#9095,#9096,#9097));
#3769=AXIS2_PLACEMENT_3D('',#9098,#9099,#9100);
#3770=EDGE_LOOP('',(#9101,#9102,#9103,#9104));
#3771=AXIS2_PLACEMENT_3D('',#9105,#9106,#9107);
#3772=EDGE_LOOP('',(#9108,#9109,#9110,#9111));
#3773=AXIS2_PLACEMENT_3D('',#9112,#9113,#9114);
#3774=EDGE_LOOP('',(#9115,#9116,#9117,#9118));
#3775=AXIS2_PLACEMENT_3D('',#9119,#9120,#9121);
#3776=EDGE_LOOP('',(#9122,#9123,#9124,#9125));
#3777=AXIS2_PLACEMENT_3D('',#9126,#9127,#9128);
#3778=EDGE_LOOP('',(#9129,#9130,#9131,#9132));
#3779=AXIS2_PLACEMENT_3D('',#9133,#9134,#9135);
#3780=EDGE_LOOP('',(#9136,#9137,#9138,#9139));
#3781=AXIS2_PLACEMENT_3D('',#9140,#9141,#9142);
#3782=EDGE_LOOP('',(#9143,#9144,#9145,#9146));
#3783=AXIS2_PLACEMENT_3D('',#9147,#9148,#9149);
#3784=EDGE_LOOP('',(#9150,#9151,#9152,#9153));
#3785=AXIS2_PLACEMENT_3D('',#9154,#9155,#9156);
#3786=EDGE_LOOP('',(#9157,#9158,#9159,#9160));
#3787=AXIS2_PLACEMENT_3D('',#9161,#9162,#9163);
#3788=EDGE_LOOP('',(#9164,#9165,#9166,#9167));
#3789=AXIS2_PLACEMENT_3D('',#9168,#9169,#9170);
#3790=EDGE_LOOP('',(#9171,#9172,#9173,#9174));
#3791=AXIS2_PLACEMENT_3D('',#9175,#9176,#9177);
#3792=EDGE_LOOP('',(#9178,#9179,#9180,#9181));
#3793=AXIS2_PLACEMENT_3D('',#9182,#9183,#9184);
#3794=EDGE_LOOP('',(#9185,#9186,#9187,#9188));
#3795=AXIS2_PLACEMENT_3D('',#9189,#9190,#9191);
#3796=EDGE_LOOP('',(#9192,#9193,#9194,#9195));
#3797=AXIS2_PLACEMENT_3D('',#9196,#9197,#9198);
#3798=EDGE_LOOP('',(#9199,#9200,#9201,#9202));
#3799=AXIS2_PLACEMENT_3D('',#9203,#9204,#9205);
#3800=EDGE_LOOP('',(#9206,#9207,#9208,#9209));
#3801=AXIS2_PLACEMENT_3D('',#9210,#9211,#9212);
#3802=EDGE_LOOP('',(#9213,#9214,#9215,#9216));
#3803=AXIS2_PLACEMENT_3D('',#9217,#9218,#9219);
#3804=EDGE_LOOP('',(#9220,#9221,#9222,#9223));
#3805=AXIS2_PLACEMENT_3D('',#9224,#9225,#9226);
#3806=EDGE_LOOP('',(#9227,#9228,#9229,#9230));
#3807=AXIS2_PLACEMENT_3D('',#9231,#9232,#9233);
#3808=EDGE_LOOP('',(#9234,#9235,#9236,#9237));
#3809=AXIS2_PLACEMENT_3D('',#9238,#9239,#9240);
#3810=EDGE_LOOP('',(#9241,#9242,#9243,#9244));
#3811=AXIS2_PLACEMENT_3D('',#9245,#9246,#9247);
#3812=EDGE_LOOP('',(#9248,#9249,#9250,#9251));
#3813=AXIS2_PLACEMENT_3D('',#9252,#9253,#9254);
#3814=EDGE_LOOP('',(#9255,#9256,#9257,#9258));
#3815=AXIS2_PLACEMENT_3D('',#9259,#9260,#9261);
#3816=EDGE_LOOP('',(#9262,#9263,#9264,#9265));
#3817=AXIS2_PLACEMENT_3D('',#9266,#9267,#9268);
#3818=EDGE_LOOP('',(#9269,#9270,#9271,#9272));
#3819=AXIS2_PLACEMENT_3D('',#9273,#9274,#9275);
#3820=EDGE_LOOP('',(#9276,#9277,#9278,#9279));
#3821=AXIS2_PLACEMENT_3D('',#9280,#9281,#9282);
#3822=EDGE_LOOP('',(#9283,#9284,#9285,#9286));
#3823=AXIS2_PLACEMENT_3D('',#9287,#9288,#9289);
#3824=EDGE_LOOP('',(#9290,#9291,#9292,#9293));
#3825=AXIS2_PLACEMENT_3D('',#9294,#9295,#9296);
#3826=EDGE_LOOP('',(#9297,#9298,#9299,#9300));
#3827=AXIS2_PLACEMENT_3D('',#9301,#9302,#9303);
#3828=EDGE_LOOP('',(#9304,#9305,#9306,#9307));
#3829=AXIS2_PLACEMENT_3D('',#9308,#9309,#9310);
#3830=EDGE_LOOP('',(#9311,#9312,#9313,#9314));
#3831=AXIS2_PLACEMENT_3D('',#9315,#9316,#9317);
#3832=EDGE_LOOP('',(#9318,#9319,#9320,#9321));
#3833=AXIS2_PLACEMENT_3D('',#9322,#9323,#9324);
#3834=EDGE_LOOP('',(#9325,#9326,#9327,#9328));
#3835=AXIS2_PLACEMENT_3D('',#9329,#9330,#9331);
#3836=EDGE_LOOP('',(#9332,#9333,#9334,#9335));
#3837=AXIS2_PLACEMENT_3D('',#9336,#9337,#9338);
#3838=EDGE_LOOP('',(#9339,#9340,#9341,#9342));
#3839=AXIS2_PLACEMENT_3D('',#9343,#9344,#9345);
#3840=EDGE_LOOP('',(#9346,#9347,#9348,#9349));
#3841=AXIS2_PLACEMENT_3D('',#9350,#9351,#9352);
#3842=EDGE_LOOP('',(#9353,#9354,#9355,#9356));
#3843=AXIS2_PLACEMENT_3D('',#9357,#9358,#9359);
#3844=EDGE_LOOP('',(#9360,#9361,#9362,#9363));
#3845=AXIS2_PLACEMENT_3D('',#9364,#9365,#9366);
#3846=EDGE_LOOP('',(#9367,#9368,#9369,#9370));
#3847=AXIS2_PLACEMENT_3D('',#9371,#9372,#9373);
#3848=EDGE_LOOP('',(#9374,#9375,#9376,#9377));
#3849=AXIS2_PLACEMENT_3D('',#9378,#9379,#9380);
#3850=EDGE_LOOP('',(#9381,#9382,#9383,#9384));
#3851=AXIS2_PLACEMENT_3D('',#9385,#9386,#9387);
#3852=EDGE_LOOP('',(#9388,#9389,#9390,#9391));
#3853=AXIS2_PLACEMENT_3D('',#9392,#9393,#9394);
#3854=EDGE_LOOP('',(#9395,#9396,#9397,#9398));
#3855=AXIS2_PLACEMENT_3D('',#9399,#9400,#9401);
#3856=EDGE_LOOP('',(#9402,#9403,#9404,#9405));
#3857=AXIS2_PLACEMENT_3D('',#9406,#9407,#9408);
#3858=EDGE_LOOP('',(#9409,#9410,#9411,#9412));
#3859=AXIS2_PLACEMENT_3D('',#9413,#9414,#9415);
#3860=EDGE_LOOP('',(#9416,#9417,#9418,#9419));
#3861=AXIS2_PLACEMENT_3D('',#9420,#9421,#9422);
#3862=EDGE_LOOP('',(#9423,#9424,#9425,#9426));
#3863=AXIS2_PLACEMENT_3D('',#9427,#9428,#9429);
#3864=EDGE_LOOP('',(#9430,#9431,#9432,#9433));
#3865=AXIS2_PLACEMENT_3D('',#9434,#9435,#9436);
#3866=EDGE_LOOP('',(#9437,#9438,#9439,#9440));
#3867=AXIS2_PLACEMENT_3D('',#9441,#9442,#9443);
#3868=EDGE_LOOP('',(#9444,#9445,#9446,#9447));
#3869=AXIS2_PLACEMENT_3D('',#9448,#9449,#9450);
#3870=EDGE_LOOP('',(#9451,#9452,#9453,#9454));
#3871=AXIS2_PLACEMENT_3D('',#9455,#9456,#9457);
#3872=EDGE_LOOP('',(#9458,#9459,#9460,#9461));
#3873=AXIS2_PLACEMENT_3D('',#9462,#9463,#9464);
#3874=EDGE_LOOP('',(#9465,#9466,#9467,#9468));
#3875=AXIS2_PLACEMENT_3D('',#9469,#9470,#9471);
#3876=EDGE_LOOP('',(#9472,#9473,#9474,#9475));
#3877=AXIS2_PLACEMENT_3D('',#9476,#9477,#9478);
#3878=EDGE_LOOP('',(#9479,#9480,#9481,#9482));
#3879=AXIS2_PLACEMENT_3D('',#9483,#9484,#9485);
#3880=EDGE_LOOP('',(#9486,#9487,#9488,#9489));
#3881=AXIS2_PLACEMENT_3D('',#9490,#9491,#9492);
#3882=EDGE_LOOP('',(#9493,#9494,#9495,#9496));
#3883=AXIS2_PLACEMENT_3D('',#9497,#9498,#9499);
#3884=EDGE_LOOP('',(#9500,#9501,#9502,#9503));
#3885=AXIS2_PLACEMENT_3D('',#9504,#9505,#9506);
#3886=EDGE_LOOP('',(#9507,#9508,#9509,#9510));
#3887=AXIS2_PLACEMENT_3D('',#9511,#9512,#9513);
#3888=EDGE_LOOP('',(#9514,#9515,#9516,#9517));
#3889=AXIS2_PLACEMENT_3D('',#9518,#9519,#9520);
#3890=EDGE_LOOP('',(#9521,#9522,#9523,#9524));
#3891=AXIS2_PLACEMENT_3D('',#9525,#9526,#9527);
#3892=EDGE_LOOP('',(#9528,#9529,#9530,#9531));
#3893=AXIS2_PLACEMENT_3D('',#9532,#9533,#9534);
#3894=EDGE_LOOP('',(#9535,#9536,#9537,#9538));
#3895=AXIS2_PLACEMENT_3D('',#9539,#9540,#9541);
#3896=EDGE_LOOP('',(#9542,#9543,#9544,#9545));
#3897=AXIS2_PLACEMENT_3D('',#9546,#9547,#9548);
#3898=EDGE_LOOP('',(#9549,#9550,#9551,#9552));
#3899=AXIS2_PLACEMENT_3D('',#9553,#9554,#9555);
#3900=EDGE_LOOP('',(#9556,#9557,#9558,#9559));
#3901=AXIS2_PLACEMENT_3D('',#9560,#9561,#9562);
#3902=EDGE_LOOP('',(#9563,#9564,#9565,#9566));
#3903=AXIS2_PLACEMENT_3D('',#9567,#9568,#9569);
#3904=EDGE_LOOP('',(#9570,#9571,#9572,#9573));
#3905=AXIS2_PLACEMENT_3D('',#9574,#9575,#9576);
#3906=EDGE_LOOP('',(#9577,#9578,#9579,#9580));
#3907=AXIS2_PLACEMENT_3D('',#9581,#9582,#9583);
#3908=EDGE_LOOP('',(#9584,#9585,#9586,#9587));
#3909=AXIS2_PLACEMENT_3D('',#9588,#9589,#9590);
#3910=EDGE_LOOP('',(#9591,#9592,#9593,#9594));
#3911=AXIS2_PLACEMENT_3D('',#9595,#9596,#9597);
#3912=EDGE_LOOP('',(#9598,#9599,#9600,#9601));
#3913=AXIS2_PLACEMENT_3D('',#9602,#9603,#9604);
#3914=EDGE_LOOP('',(#9605,#9606,#9607,#9608));
#3915=AXIS2_PLACEMENT_3D('',#9609,#9610,#9611);
#3916=EDGE_LOOP('',(#9612,#9613,#9614,#9615));
#3917=AXIS2_PLACEMENT_3D('',#9616,#9617,#9618);
#3918=EDGE_LOOP('',(#9619,#9620,#9621,#9622));
#3919=AXIS2_PLACEMENT_3D('',#9623,#9624,#9625);
#3920=EDGE_LOOP('',(#9626,#9627,#9628,#9629));
#3921=AXIS2_PLACEMENT_3D('',#9630,#9631,#9632);
#3922=EDGE_LOOP('',(#9633,#9634,#9635,#9636));
#3923=AXIS2_PLACEMENT_3D('',#9637,#9638,#9639);
#3924=EDGE_LOOP('',(#9640,#9641,#9642,#9643));
#3925=AXIS2_PLACEMENT_3D('',#9644,#9645,#9646);
#3926=EDGE_LOOP('',(#9647,#9648,#9649,#9650));
#3927=AXIS2_PLACEMENT_3D('',#9651,#9652,#9653);
#3928=EDGE_LOOP('',(#9654,#9655,#9656,#9657));
#3929=AXIS2_PLACEMENT_3D('',#9658,#9659,#9660);
#3930=EDGE_LOOP('',(#9661,#9662,#9663,#9664));
#3931=AXIS2_PLACEMENT_3D('',#9665,#9666,#9667);
#3932=EDGE_LOOP('',(#9668,#9669,#9670,#9671));
#3933=AXIS2_PLACEMENT_3D('',#9672,#9673,#9674);
#3934=EDGE_LOOP('',(#9675,#9676,#9677,#9678));
#3935=AXIS2_PLACEMENT_3D('',#9679,#9680,#9681);
#3936=EDGE_LOOP('',(#9682,#9683,#9684,#9685));
#3937=AXIS2_PLACEMENT_3D('',#9686,#9687,#9688);
#3938=EDGE_LOOP('',(#9689,#9690,#9691,#9692));
#3939=AXIS2_PLACEMENT_3D('',#9693,#9694,#9695);
#3940=EDGE_LOOP('',(#9696,#9697,#9698,#9699));
#3941=AXIS2_PLACEMENT_3D('',#9700,#9701,#9702);
#3942=EDGE_LOOP('',(#9703,#9704,#9705,#9706));
#3943=AXIS2_PLACEMENT_3D('',#9707,#9708,#9709);
#3944=EDGE_LOOP('',(#9710,#9711,#9712,#9713));
#3945=AXIS2_PLACEMENT_3D('',#9714,#9715,#9716);
#3946=EDGE_LOOP('',(#9717,#9718,#9719,#9720));
#3947=AXIS2_PLACEMENT_3D('',#9721,#9722,#9723);
#3948=EDGE_LOOP('',(#9724,#9725,#9726,#9727));
#3949=AXIS2_PLACEMENT_3D('',#9728,#9729,#9730);
#3950=EDGE_LOOP('',(#9731,#9732,#9733,#9734));
#3951=AXIS2_PLACEMENT_3D('',#9735,#9736,#9737);
#3952=EDGE_LOOP('',(#9738,#9739,#9740,#9741));
#3953=AXIS2_PLACEMENT_3D('',#9742,#9743,#9744);
#3954=EDGE_LOOP('',(#9745,#9746,#9747,#9748));
#3955=AXIS2_PLACEMENT_3D('',#9749,#9750,#9751);
#3956=EDGE_LOOP('',(#9752,#9753,#9754,#9755));
#3957=AXIS2_PLACEMENT_3D('',#9756,#9757,#9758);
#3958=EDGE_LOOP('',(#9759,#9760,#9761,#9762));
#3959=AXIS2_PLACEMENT_3D('',#9763,#9764,#9765);
#3960=EDGE_LOOP('',(#9766,#9767,#9768,#9769));
#3961=AXIS2_PLACEMENT_3D('',#9770,#9771,#9772);
#3962=EDGE_LOOP('',(#9773,#9774,#9775,#9776));
#3963=AXIS2_PLACEMENT_3D('',#9777,#9778,#9779);
#3964=EDGE_LOOP('',(#9780,#9781,#9782,#9783));
#3965=AXIS2_PLACEMENT_3D('',#9784,#9785,#9786);
#3966=EDGE_LOOP('',(#9787,#9788,#9789,#9790));
#3967=AXIS2_PLACEMENT_3D('',#9791,#9792,#9793);
#3968=EDGE_LOOP('',(#9794,#9795,#9796,#9797));
#3969=AXIS2_PLACEMENT_3D('',#9798,#9799,#9800);
#3970=EDGE_LOOP('',(#9801,#9802,#9803,#9804));
#3971=AXIS2_PLACEMENT_3D('',#9805,#9806,#9807);
#3972=EDGE_LOOP('',(#9808,#9809,#9810,#9811));
#3973=AXIS2_PLACEMENT_3D('',#9812,#9813,#9814);
#3974=EDGE_LOOP('',(#9815,#9816,#9817,#9818));
#3975=AXIS2_PLACEMENT_3D('',#9819,#9820,#9821);
#3976=EDGE_LOOP('',(#9822,#9823,#9824,#9825));
#3977=AXIS2_PLACEMENT_3D('',#9826,#9827,#9828);
#3978=EDGE_LOOP('',(#9829,#9830,#9831,#9832));
#3979=AXIS2_PLACEMENT_3D('',#9833,#9834,#9835);
#3980=EDGE_LOOP('',(#9836,#9837,#9838,#9839));
#3981=AXIS2_PLACEMENT_3D('',#9840,#9841,#9842);
#3982=EDGE_LOOP('',(#9843,#9844,#9845,#9846));
#3983=AXIS2_PLACEMENT_3D('',#9847,#9848,#9849);
#3984=EDGE_LOOP('',(#9850,#9851,#9852,#9853));
#3985=AXIS2_PLACEMENT_3D('',#9854,#9855,#9856);
#3986=EDGE_LOOP('',(#9857,#9858,#9859,#9860));
#3987=AXIS2_PLACEMENT_3D('',#9861,#9862,#9863);
#3988=EDGE_LOOP('',(#9864,#9865,#9866,#9867));
#3989=AXIS2_PLACEMENT_3D('',#9868,#9869,#9870);
#3990=EDGE_LOOP('',(#9871,#9872,#9873,#9874));
#3991=AXIS2_PLACEMENT_3D('',#9875,#9876,#9877);
#3992=EDGE_LOOP('',(#9878,#9879,#9880,#9881));
#3993=AXIS2_PLACEMENT_3D('',#9882,#9883,#9884);
#3994=EDGE_LOOP('',(#9885,#9886,#9887,#9888));
#3995=AXIS2_PLACEMENT_3D('',#9889,#9890,#9891);
#3996=EDGE_LOOP('',(#9892,#9893,#9894,#9895));
#3997=AXIS2_PLACEMENT_3D('',#9896,#9897,#9898);
#3998=EDGE_LOOP('',(#9899,#9900,#9901,#9902));
#3999=AXIS2_PLACEMENT_3D('',#9903,#9904,#9905);
#4000=EDGE_LOOP('',(#9906,#9907,#9908,#9909));
#4001=AXIS2_PLACEMENT_3D('',#9910,#9911,#9912);
#4002=EDGE_LOOP('',(#9913,#9914,#9915,#9916));
#4003=AXIS2_PLACEMENT_3D('',#9917,#9918,#9919);
#4004=EDGE_LOOP('',(#9920,#9921,#9922,#9923));
#4005=AXIS2_PLACEMENT_3D('',#9924,#9925,#9926);
#4006=EDGE_LOOP('',(#9927,#9928,#9929,#9930));
#4007=AXIS2_PLACEMENT_3D('',#9931,#9932,#9933);
#4008=EDGE_LOOP('',(#9934,#9935,#9936,#9937));
#4009=AXIS2_PLACEMENT_3D('',#9938,#9939,#9940);
#4010=EDGE_LOOP('',(#9941,#9942,#9943,#9944));
#4011=AXIS2_PLACEMENT_3D('',#9945,#9946,#9947);
#4012=EDGE_LOOP('',(#9948,#9949,#9950,#9951));
#4013=AXIS2_PLACEMENT_3D('',#9952,#9953,#9954);
#4014=EDGE_LOOP('',(#9955,#9956,#9957,#9958));
#4015=AXIS2_PLACEMENT_3D('',#9959,#9960,#9961);
#4016=EDGE_LOOP('',(#9962,#9963,#9964,#9965));
#4017=AXIS2_PLACEMENT_3D('',#9966,#9967,#9968);
#4018=EDGE_LOOP('',(#9969,#9970,#9971,#9972));
#4019=AXIS2_PLACEMENT_3D('',#9973,#9974,#9975);
#4020=EDGE_LOOP('',(#9976,#9977,#9978,#9979));
#4021=AXIS2_PLACEMENT_3D('',#9980,#9981,#9982);
#4022=EDGE_LOOP('',(#9983,#9984,#9985,#9986));
#4023=AXIS2_PLACEMENT_3D('',#9987,#9988,#9989);
#4024=EDGE_LOOP('',(#9990,#9991,#9992,#9993));
#4025=AXIS2_PLACEMENT_3D('',#9994,#9995,#9996);
#4026=EDGE_LOOP('',(#9997,#9998,#9999,#10000));
#4027=AXIS2_PLACEMENT_3D('',#10001,#10002,#10003);
#4028=EDGE_LOOP('',(#10004,#10005,#10006,#10007));
#4029=AXIS2_PLACEMENT_3D('',#10008,#10009,#10010);
#4030=EDGE_LOOP('',(#10011,#10012,#10013,#10014));
#4031=AXIS2_PLACEMENT_3D('',#10015,#10016,#10017);
#4032=EDGE_LOOP('',(#10018,#10019,#10020,#10021));
#4033=AXIS2_PLACEMENT_3D('',#10022,#10023,#10024);
#4034=EDGE_LOOP('',(#10025,#10026,#10027,#10028));
#4035=AXIS2_PLACEMENT_3D('',#10029,#10030,#10031);
#4036=EDGE_LOOP('',(#10032,#10033,#10034,#10035));
#4037=AXIS2_PLACEMENT_3D('',#10036,#10037,#10038);
#4038=EDGE_LOOP('',(#10039,#10040,#10041,#10042));
#4039=AXIS2_PLACEMENT_3D('',#10043,#10044,#10045);
#4040=EDGE_LOOP('',(#10046,#10047,#10048,#10049));
#4041=AXIS2_PLACEMENT_3D('',#10050,#10051,#10052);
#4042=EDGE_LOOP('',(#10053,#10054,#10055,#10056));
#4043=AXIS2_PLACEMENT_3D('',#10057,#10058,#10059);
#4044=EDGE_LOOP('',(#10060,#10061,#10062,#10063));
#4045=AXIS2_PLACEMENT_3D('',#10064,#10065,#10066);
#4046=EDGE_LOOP('',(#10067,#10068,#10069,#10070));
#4047=AXIS2_PLACEMENT_3D('',#10071,#10072,#10073);
#4048=EDGE_LOOP('',(#10074,#10075,#10076,#10077));
#4049=AXIS2_PLACEMENT_3D('',#10078,#10079,#10080);
#4050=EDGE_LOOP('',(#10081,#10082,#10083,#10084));
#4051=AXIS2_PLACEMENT_3D('',#10085,#10086,#10087);
#4052=EDGE_LOOP('',(#10088,#10089,#10090,#10091));
#4053=AXIS2_PLACEMENT_3D('',#10092,#10093,#10094);
#4054=EDGE_LOOP('',(#10095,#10096,#10097,#10098));
#4055=AXIS2_PLACEMENT_3D('',#10099,#10100,#10101);
#4056=EDGE_LOOP('',(#10102,#10103,#10104,#10105));
#4057=AXIS2_PLACEMENT_3D('',#10106,#10107,#10108);
#4058=EDGE_LOOP('',(#10109,#10110,#10111,#10112));
#4059=AXIS2_PLACEMENT_3D('',#10113,#10114,#10115);
#4060=EDGE_LOOP('',(#10116,#10117,#10118,#10119));
#4061=AXIS2_PLACEMENT_3D('',#10120,#10121,#10122);
#4062=EDGE_LOOP('',(#10123,#10124,#10125,#10126));
#4063=AXIS2_PLACEMENT_3D('',#10127,#10128,#10129);
#4064=EDGE_LOOP('',(#10130,#10131,#10132,#10133));
#4065=AXIS2_PLACEMENT_3D('',#10134,#10135,#10136);
#4066=EDGE_LOOP('',(#10137,#10138,#10139,#10140));
#4067=AXIS2_PLACEMENT_3D('',#10141,#10142,#10143);
#4068=EDGE_LOOP('',(#10144,#10145,#10146,#10147));
#4069=AXIS2_PLACEMENT_3D('',#10148,#10149,#10150);
#4070=EDGE_LOOP('',(#10151,#10152,#10153,#10154));
#4071=AXIS2_PLACEMENT_3D('',#10155,#10156,#10157);
#4072=EDGE_LOOP('',(#10158,#10159,#10160,#10161));
#4073=AXIS2_PLACEMENT_3D('',#10162,#10163,#10164);
#4074=EDGE_LOOP('',(#10165,#10166,#10167,#10168));
#4075=AXIS2_PLACEMENT_3D('',#10169,#10170,#10171);
#4076=EDGE_LOOP('',(#10172,#10173,#10174,#10175));
#4077=AXIS2_PLACEMENT_3D('',#10176,#10177,#10178);
#4078=EDGE_LOOP('',(#10179,#10180,#10181,#10182));
#4079=AXIS2_PLACEMENT_3D('',#10183,#10184,#10185);
#4080=EDGE_LOOP('',(#10186,#10187,#10188,#10189));
#4081=AXIS2_PLACEMENT_3D('',#10190,#10191,#10192);
#4082=EDGE_LOOP('',(#10193,#10194,#10195,#10196));
#4083=AXIS2_PLACEMENT_3D('',#10197,#10198,#10199);
#4084=EDGE_LOOP('',(#10200,#10201,#10202,#10203));
#4085=AXIS2_PLACEMENT_3D('',#10204,#10205,#10206);
#4086=EDGE_LOOP('',(#10207,#10208,#10209,#10210));
#4087=AXIS2_PLACEMENT_3D('',#10211,#10212,#10213);
#4088=EDGE_LOOP('',(#10214,#10215,#10216,#10217));
#4089=AXIS2_PLACEMENT_3D('',#10218,#10219,#10220);
#4090=EDGE_LOOP('',(#10221,#10222,#10223,#10224));
#4091=AXIS2_PLACEMENT_3D('',#10225,#10226,#10227);
#4092=EDGE_LOOP('',(#10228,#10229,#10230,#10231));
#4093=AXIS2_PLACEMENT_3D('',#10232,#10233,#10234);
#4094=EDGE_LOOP('',(#10235,#10236,#10237,#10238));
#4095=AXIS2_PLACEMENT_3D('',#10239,#10240,#10241);
#4096=EDGE_LOOP('',(#10242,#10243,#10244,#10245));
#4097=AXIS2_PLACEMENT_3D('',#10246,#10247,#10248);
#4098=EDGE_LOOP('',(#10249,#10250,#10251,#10252));
#4099=AXIS2_PLACEMENT_3D('',#10253,#10254,#10255);
#4100=EDGE_LOOP('',(#10256,#10257,#10258,#10259));
#4101=AXIS2_PLACEMENT_3D('',#10260,#10261,#10262);
#4102=EDGE_LOOP('',(#10263,#10264,#10265,#10266));
#4103=AXIS2_PLACEMENT_3D('',#10267,#10268,#10269);
#4104=EDGE_LOOP('',(#10270,#10271,#10272,#10273));
#4105=AXIS2_PLACEMENT_3D('',#10274,#10275,#10276);
#4106=EDGE_LOOP('',(#10277,#10278,#10279,#10280));
#4107=AXIS2_PLACEMENT_3D('',#10281,#10282,#10283);
#4108=EDGE_LOOP('',(#10284,#10285,#10286,#10287));
#4109=AXIS2_PLACEMENT_3D('',#10288,#10289,#10290);
#4110=EDGE_LOOP('',(#10291,#10292,#10293,#10294));
#4111=AXIS2_PLACEMENT_3D('',#10295,#10296,#10297);
#4112=EDGE_LOOP('',(#10298,#10299,#10300,#10301));
#4113=AXIS2_PLACEMENT_3D('',#10302,#10303,#10304);
#4114=EDGE_LOOP('',(#10305,#10306,#10307,#10308));
#4115=AXIS2_PLACEMENT_3D('',#10309,#10310,#10311);
#4116=EDGE_LOOP('',(#10312,#10313,#10314,#10315));
#4117=AXIS2_PLACEMENT_3D('',#10316,#10317,#10318);
#4118=EDGE_LOOP('',(#10319,#10320,#10321,#10322));
#4119=AXIS2_PLACEMENT_3D('',#10323,#10324,#10325);
#4120=EDGE_LOOP('',(#10326,#10327,#10328,#10329));
#4121=AXIS2_PLACEMENT_3D('',#10330,#10331,#10332);
#4122=EDGE_LOOP('',(#10333,#10334,#10335,#10336));
#4123=AXIS2_PLACEMENT_3D('',#10337,#10338,#10339);
#4124=CIRCLE('',#10340,0.508);
#4125=CIRCLE('',#10341,0.508);
#4126=CIRCLE('',#10342,0.508);
#4127=CIRCLE('',#10343,0.508);
#4128=CIRCLE('',#10344,0.508);
#4129=CIRCLE('',#10345,0.508);
#4130=CIRCLE('',#10346,0.508);
#4131=CIRCLE('',#10347,0.508);
#4132=CIRCLE('',#10348,0.508);
#4133=CIRCLE('',#10349,0.508);
#4134=CIRCLE('',#10350,0.508);
#4135=CIRCLE('',#10351,0.508);
#4136=CIRCLE('',#10352,0.508);
#4137=CIRCLE('',#10353,0.508);
#4138=CIRCLE('',#10354,0.508);
#4139=CIRCLE('',#10355,0.508);
#4140=CIRCLE('',#10356,0.508);
#4141=CIRCLE('',#10357,0.508);
#4142=CIRCLE('',#10358,0.508);
#4143=CIRCLE('',#10359,0.508);
#4144=CIRCLE('',#10360,0.508);
#4145=CIRCLE('',#10361,0.508);
#4146=CIRCLE('',#10362,0.508);
#4147=CIRCLE('',#10363,0.508);
#4148=CIRCLE('',#10364,0.508);
#4149=CIRCLE('',#10365,0.508);
#4150=CIRCLE('',#10366,0.508);
#4151=CIRCLE('',#10367,0.508);
#4152=ORIENTED_EDGE('',*,*,#10368,.F.);
#4153=ORIENTED_EDGE('',*,*,#10369,.F.);
#4154=ORIENTED_EDGE('',*,*,#10370,.F.);
#4155=ORIENTED_EDGE('',*,*,#10371,.T.);
#4156=CARTESIAN_POINT('',(-16.51,1.143,0.0));
#4157=DIRECTION('',(0.0,-1.0,0.0));
#4158=DIRECTION('',(1.0,0.0,0.0));
#4159=ORIENTED_EDGE('',*,*,#10372,.F.);
#4160=ORIENTED_EDGE('',*,*,#10373,.T.);
#4161=ORIENTED_EDGE('',*,*,#10374,.T.);
#4162=ORIENTED_EDGE('',*,*,#10375,.F.);
#4163=CARTESIAN_POINT('',(-16.51,1.143,0.0));
#4164=DIRECTION('',(0.0,-1.0,0.0));
#4165=DIRECTION('',(1.0,0.0,0.0));
#4166=ORIENTED_EDGE('',*,*,#10376,.F.);
#4167=ORIENTED_EDGE('',*,*,#10377,.F.);
#4168=ORIENTED_EDGE('',*,*,#10378,.F.);
#4169=ORIENTED_EDGE('',*,*,#10379,.T.);
#4170=CARTESIAN_POINT('',(-13.97,1.143,0.0));
#4171=DIRECTION('',(0.0,-1.0,0.0));
#4172=DIRECTION('',(1.0,0.0,0.0));
#4173=ORIENTED_EDGE('',*,*,#10380,.F.);
#4174=ORIENTED_EDGE('',*,*,#10381,.T.);
#4175=ORIENTED_EDGE('',*,*,#10382,.T.);
#4176=ORIENTED_EDGE('',*,*,#10383,.F.);
#4177=CARTESIAN_POINT('',(-13.97,1.143,0.0));
#4178=DIRECTION('',(0.0,-1.0,0.0));
#4179=DIRECTION('',(1.0,0.0,0.0));
#4180=ORIENTED_EDGE('',*,*,#10384,.F.);
#4181=ORIENTED_EDGE('',*,*,#10385,.F.);
#4182=ORIENTED_EDGE('',*,*,#10386,.F.);
#4183=ORIENTED_EDGE('',*,*,#10387,.T.);
#4184=CARTESIAN_POINT('',(-11.43,1.143,0.0));
#4185=DIRECTION('',(0.0,-1.0,0.0));
#4186=DIRECTION('',(1.0,0.0,0.0));
#4187=ORIENTED_EDGE('',*,*,#10388,.F.);
#4188=ORIENTED_EDGE('',*,*,#10389,.T.);
#4189=ORIENTED_EDGE('',*,*,#10390,.T.);
#4190=ORIENTED_EDGE('',*,*,#10391,.F.);
#4191=CARTESIAN_POINT('',(-11.43,1.143,0.0));
#4192=DIRECTION('',(0.0,-1.0,0.0));
#4193=DIRECTION('',(1.0,0.0,0.0));
#4194=ORIENTED_EDGE('',*,*,#10392,.F.);
#4195=ORIENTED_EDGE('',*,*,#10393,.F.);
#4196=ORIENTED_EDGE('',*,*,#10394,.F.);
#4197=ORIENTED_EDGE('',*,*,#10395,.T.);
#4198=CARTESIAN_POINT('',(-8.89,1.143,0.0));
#4199=DIRECTION('',(0.0,-1.0,0.0));
#4200=DIRECTION('',(1.0,0.0,0.0));
#4201=ORIENTED_EDGE('',*,*,#10396,.F.);
#4202=ORIENTED_EDGE('',*,*,#10397,.T.);
#4203=ORIENTED_EDGE('',*,*,#10398,.T.);
#4204=ORIENTED_EDGE('',*,*,#10399,.F.);
#4205=CARTESIAN_POINT('',(-8.89,1.143,0.0));
#4206=DIRECTION('',(0.0,-1.0,0.0));
#4207=DIRECTION('',(1.0,0.0,0.0));
#4208=ORIENTED_EDGE('',*,*,#10400,.F.);
#4209=ORIENTED_EDGE('',*,*,#10401,.F.);
#4210=ORIENTED_EDGE('',*,*,#10402,.F.);
#4211=ORIENTED_EDGE('',*,*,#10403,.T.);
#4212=CARTESIAN_POINT('',(-6.35,1.143,0.0));
#4213=DIRECTION('',(0.0,-1.0,0.0));
#4214=DIRECTION('',(1.0,0.0,0.0));
#4215=ORIENTED_EDGE('',*,*,#10404,.F.);
#4216=ORIENTED_EDGE('',*,*,#10405,.T.);
#4217=ORIENTED_EDGE('',*,*,#10406,.T.);
#4218=ORIENTED_EDGE('',*,*,#10407,.F.);
#4219=CARTESIAN_POINT('',(-6.35,1.143,0.0));
#4220=DIRECTION('',(0.0,-1.0,0.0));
#4221=DIRECTION('',(1.0,0.0,0.0));
#4222=ORIENTED_EDGE('',*,*,#10408,.F.);
#4223=ORIENTED_EDGE('',*,*,#10409,.F.);
#4224=ORIENTED_EDGE('',*,*,#10410,.F.);
#4225=ORIENTED_EDGE('',*,*,#10411,.T.);
#4226=CARTESIAN_POINT('',(-3.81,1.143,0.0));
#4227=DIRECTION('',(0.0,-1.0,0.0));
#4228=DIRECTION('',(1.0,0.0,0.0));
#4229=ORIENTED_EDGE('',*,*,#10412,.F.);
#4230=ORIENTED_EDGE('',*,*,#10413,.T.);
#4231=ORIENTED_EDGE('',*,*,#10414,.T.);
#4232=ORIENTED_EDGE('',*,*,#10415,.F.);
#4233=CARTESIAN_POINT('',(-3.81,1.143,0.0));
#4234=DIRECTION('',(0.0,-1.0,0.0));
#4235=DIRECTION('',(1.0,0.0,0.0));
#4236=ORIENTED_EDGE('',*,*,#10416,.F.);
#4237=ORIENTED_EDGE('',*,*,#10417,.F.);
#4238=ORIENTED_EDGE('',*,*,#10418,.F.);
#4239=ORIENTED_EDGE('',*,*,#10419,.T.);
#4240=CARTESIAN_POINT('',(-1.27,1.143,0.0));
#4241=DIRECTION('',(0.0,-1.0,0.0));
#4242=DIRECTION('',(1.0,0.0,0.0));
#4243=ORIENTED_EDGE('',*,*,#10420,.F.);
#4244=ORIENTED_EDGE('',*,*,#10421,.T.);
#4245=ORIENTED_EDGE('',*,*,#10422,.T.);
#4246=ORIENTED_EDGE('',*,*,#10423,.F.);
#4247=CARTESIAN_POINT('',(-1.27,1.143,0.0));
#4248=DIRECTION('',(0.0,-1.0,0.0));
#4249=DIRECTION('',(1.0,0.0,0.0));
#4250=ORIENTED_EDGE('',*,*,#10424,.F.);
#4251=ORIENTED_EDGE('',*,*,#10425,.F.);
#4252=ORIENTED_EDGE('',*,*,#10426,.F.);
#4253=ORIENTED_EDGE('',*,*,#10427,.T.);
#4254=CARTESIAN_POINT('',(1.27,1.143,0.0));
#4255=DIRECTION('',(0.0,-1.0,0.0));
#4256=DIRECTION('',(1.0,0.0,0.0));
#4257=ORIENTED_EDGE('',*,*,#10428,.F.);
#4258=ORIENTED_EDGE('',*,*,#10429,.T.);
#4259=ORIENTED_EDGE('',*,*,#10430,.T.);
#4260=ORIENTED_EDGE('',*,*,#10431,.F.);
#4261=CARTESIAN_POINT('',(1.27,1.143,0.0));
#4262=DIRECTION('',(0.0,-1.0,0.0));
#4263=DIRECTION('',(1.0,0.0,0.0));
#4264=ORIENTED_EDGE('',*,*,#10432,.F.);
#4265=ORIENTED_EDGE('',*,*,#10433,.F.);
#4266=ORIENTED_EDGE('',*,*,#10434,.F.);
#4267=ORIENTED_EDGE('',*,*,#10435,.T.);
#4268=CARTESIAN_POINT('',(3.81,1.143,0.0));
#4269=DIRECTION('',(0.0,-1.0,0.0));
#4270=DIRECTION('',(1.0,0.0,0.0));
#4271=ORIENTED_EDGE('',*,*,#10436,.F.);
#4272=ORIENTED_EDGE('',*,*,#10437,.T.);
#4273=ORIENTED_EDGE('',*,*,#10438,.T.);
#4274=ORIENTED_EDGE('',*,*,#10439,.F.);
#4275=CARTESIAN_POINT('',(3.81,1.143,0.0));
#4276=DIRECTION('',(0.0,-1.0,0.0));
#4277=DIRECTION('',(1.0,0.0,0.0));
#4278=ORIENTED_EDGE('',*,*,#10440,.F.);
#4279=ORIENTED_EDGE('',*,*,#10441,.F.);
#4280=ORIENTED_EDGE('',*,*,#10442,.F.);
#4281=ORIENTED_EDGE('',*,*,#10443,.T.);
#4282=CARTESIAN_POINT('',(6.35,1.143,0.0));
#4283=DIRECTION('',(0.0,-1.0,0.0));
#4284=DIRECTION('',(1.0,0.0,0.0));
#4285=ORIENTED_EDGE('',*,*,#10444,.F.);
#4286=ORIENTED_EDGE('',*,*,#10445,.T.);
#4287=ORIENTED_EDGE('',*,*,#10446,.T.);
#4288=ORIENTED_EDGE('',*,*,#10447,.F.);
#4289=CARTESIAN_POINT('',(6.35,1.143,0.0));
#4290=DIRECTION('',(0.0,-1.0,0.0));
#4291=DIRECTION('',(1.0,0.0,0.0));
#4292=ORIENTED_EDGE('',*,*,#10448,.F.);
#4293=ORIENTED_EDGE('',*,*,#10449,.F.);
#4294=ORIENTED_EDGE('',*,*,#10450,.F.);
#4295=ORIENTED_EDGE('',*,*,#10451,.T.);
#4296=CARTESIAN_POINT('',(8.89,1.143,0.0));
#4297=DIRECTION('',(0.0,-1.0,0.0));
#4298=DIRECTION('',(1.0,0.0,0.0));
#4299=ORIENTED_EDGE('',*,*,#10452,.F.);
#4300=ORIENTED_EDGE('',*,*,#10453,.T.);
#4301=ORIENTED_EDGE('',*,*,#10454,.T.);
#4302=ORIENTED_EDGE('',*,*,#10455,.F.);
#4303=CARTESIAN_POINT('',(8.89,1.143,0.0));
#4304=DIRECTION('',(0.0,-1.0,0.0));
#4305=DIRECTION('',(1.0,0.0,0.0));
#4306=ORIENTED_EDGE('',*,*,#10456,.F.);
#4307=ORIENTED_EDGE('',*,*,#10457,.F.);
#4308=ORIENTED_EDGE('',*,*,#10458,.F.);
#4309=ORIENTED_EDGE('',*,*,#10459,.T.);
#4310=CARTESIAN_POINT('',(11.43,1.143,0.0));
#4311=DIRECTION('',(0.0,-1.0,0.0));
#4312=DIRECTION('',(1.0,0.0,0.0));
#4313=ORIENTED_EDGE('',*,*,#10460,.F.);
#4314=ORIENTED_EDGE('',*,*,#10461,.T.);
#4315=ORIENTED_EDGE('',*,*,#10462,.T.);
#4316=ORIENTED_EDGE('',*,*,#10463,.F.);
#4317=CARTESIAN_POINT('',(11.43,1.143,0.0));
#4318=DIRECTION('',(0.0,-1.0,0.0));
#4319=DIRECTION('',(1.0,0.0,0.0));
#4320=ORIENTED_EDGE('',*,*,#10464,.F.);
#4321=ORIENTED_EDGE('',*,*,#10465,.F.);
#4322=ORIENTED_EDGE('',*,*,#10466,.F.);
#4323=ORIENTED_EDGE('',*,*,#10467,.T.);
#4324=CARTESIAN_POINT('',(13.97,1.143,0.0));
#4325=DIRECTION('',(0.0,-1.0,0.0));
#4326=DIRECTION('',(1.0,0.0,0.0));
#4327=ORIENTED_EDGE('',*,*,#10468,.F.);
#4328=ORIENTED_EDGE('',*,*,#10469,.T.);
#4329=ORIENTED_EDGE('',*,*,#10470,.T.);
#4330=ORIENTED_EDGE('',*,*,#10471,.F.);
#4331=CARTESIAN_POINT('',(13.97,1.143,0.0));
#4332=DIRECTION('',(0.0,-1.0,0.0));
#4333=DIRECTION('',(1.0,0.0,0.0));
#4334=ORIENTED_EDGE('',*,*,#10472,.F.);
#4335=ORIENTED_EDGE('',*,*,#10473,.F.);
#4336=ORIENTED_EDGE('',*,*,#10474,.F.);
#4337=ORIENTED_EDGE('',*,*,#10475,.T.);
#4338=CARTESIAN_POINT('',(16.51,1.143,0.0));
#4339=DIRECTION('',(0.0,-1.0,0.0));
#4340=DIRECTION('',(1.0,0.0,0.0));
#4341=ORIENTED_EDGE('',*,*,#10476,.F.);
#4342=ORIENTED_EDGE('',*,*,#10477,.T.);
#4343=ORIENTED_EDGE('',*,*,#10478,.T.);
#4344=ORIENTED_EDGE('',*,*,#10479,.F.);
#4345=CARTESIAN_POINT('',(16.51,1.143,0.0));
#4346=DIRECTION('',(0.0,-1.0,0.0));
#4347=DIRECTION('',(1.0,0.0,0.0));
#4348=ORIENTED_EDGE('',*,*,#10480,.F.);
#4349=ORIENTED_EDGE('',*,*,#10481,.F.);
#4350=ORIENTED_EDGE('',*,*,#10482,.F.);
#4351=ORIENTED_EDGE('',*,*,#10483,.F.);
#4352=ORIENTED_EDGE('',*,*,#10484,.F.);
#4353=ORIENTED_EDGE('',*,*,#10485,.F.);
#4354=CARTESIAN_POINT('',(17.4625,0.0,0.0));
#4355=DIRECTION('',(-1.0,0.0,0.0));
#4356=DIRECTION('',(0.0,0.0,1.0));
#4357=ORIENTED_EDGE('',*,*,#10486,.F.);
#4358=ORIENTED_EDGE('',*,*,#10487,.T.);
#4359=ORIENTED_EDGE('',*,*,#10488,.F.);
#4360=ORIENTED_EDGE('',*,*,#10489,.F.);
#4361=ORIENTED_EDGE('',*,*,#10490,.F.);
#4362=ORIENTED_EDGE('',*,*,#10491,.T.);
#4363=CARTESIAN_POINT('',(17.4625,0.0,0.0));
#4364=DIRECTION('',(-1.0,0.0,0.0));
#4365=DIRECTION('',(0.0,0.0,1.0));
#4366=ORIENTED_EDGE('',*,*,#10492,.F.);
#4367=ORIENTED_EDGE('',*,*,#10493,.F.);
#4368=ORIENTED_EDGE('',*,*,#10494,.F.);
#4369=ORIENTED_EDGE('',*,*,#10495,.F.);
#4370=ORIENTED_EDGE('',*,*,#10496,.F.);
#4371=ORIENTED_EDGE('',*,*,#10497,.F.);
#4372=ORIENTED_EDGE('',*,*,#10498,.F.);
#4373=ORIENTED_EDGE('',*,*,#10499,.F.);
#4374=ORIENTED_EDGE('',*,*,#10500,.F.);
#4375=ORIENTED_EDGE('',*,*,#10501,.F.);
#4376=ORIENTED_EDGE('',*,*,#10502,.F.);
#4377=ORIENTED_EDGE('',*,*,#10503,.F.);
#4378=ORIENTED_EDGE('',*,*,#10504,.F.);
#4379=ORIENTED_EDGE('',*,*,#10505,.F.);
#4380=ORIENTED_EDGE('',*,*,#10506,.F.);
#4381=ORIENTED_EDGE('',*,*,#10507,.F.);
#4382=ORIENTED_EDGE('',*,*,#10508,.F.);
#4383=ORIENTED_EDGE('',*,*,#10509,.F.);
#4384=ORIENTED_EDGE('',*,*,#10510,.F.);
#4385=ORIENTED_EDGE('',*,*,#10511,.F.);
#4386=ORIENTED_EDGE('',*,*,#10512,.F.);
#4387=ORIENTED_EDGE('',*,*,#10513,.F.);
#4388=ORIENTED_EDGE('',*,*,#10514,.F.);
#4389=ORIENTED_EDGE('',*,*,#10515,.F.);
#4390=ORIENTED_EDGE('',*,*,#10516,.F.);
#4391=ORIENTED_EDGE('',*,*,#10517,.F.);
#4392=ORIENTED_EDGE('',*,*,#10518,.F.);
#4393=ORIENTED_EDGE('',*,*,#10519,.F.);
#4394=ORIENTED_EDGE('',*,*,#10520,.F.);
#4395=ORIENTED_EDGE('',*,*,#10521,.F.);
#4396=ORIENTED_EDGE('',*,*,#10522,.F.);
#4397=ORIENTED_EDGE('',*,*,#10523,.F.);
#4398=ORIENTED_EDGE('',*,*,#10524,.F.);
#4399=ORIENTED_EDGE('',*,*,#10525,.F.);
#4400=ORIENTED_EDGE('',*,*,#10526,.F.);
#4401=ORIENTED_EDGE('',*,*,#10527,.F.);
#4402=ORIENTED_EDGE('',*,*,#10528,.F.);
#4403=ORIENTED_EDGE('',*,*,#10529,.F.);
#4404=ORIENTED_EDGE('',*,*,#10530,.F.);
#4405=ORIENTED_EDGE('',*,*,#10531,.F.);
#4406=ORIENTED_EDGE('',*,*,#10532,.F.);
#4407=ORIENTED_EDGE('',*,*,#10533,.F.);
#4408=ORIENTED_EDGE('',*,*,#10534,.F.);
#4409=ORIENTED_EDGE('',*,*,#10535,.F.);
#4410=ORIENTED_EDGE('',*,*,#10536,.F.);
#4411=ORIENTED_EDGE('',*,*,#10537,.F.);
#4412=ORIENTED_EDGE('',*,*,#10538,.F.);
#4413=ORIENTED_EDGE('',*,*,#10483,.T.);
#4414=ORIENTED_EDGE('',*,*,#10539,.T.);
#4415=ORIENTED_EDGE('',*,*,#10540,.T.);
#4416=ORIENTED_EDGE('',*,*,#10541,.T.);
#4417=ORIENTED_EDGE('',*,*,#10479,.T.);
#4418=ORIENTED_EDGE('',*,*,#10542,.T.);
#4419=ORIENTED_EDGE('',*,*,#10543,.F.);
#4420=ORIENTED_EDGE('',*,*,#10485,.T.);
#4421=ORIENTED_EDGE('',*,*,#10544,.F.);
#4422=ORIENTED_EDGE('',*,*,#10545,.F.);
#4423=ORIENTED_EDGE('',*,*,#10546,.F.);
#4424=ORIENTED_EDGE('',*,*,#10547,.T.);
#4425=ORIENTED_EDGE('',*,*,#10548,.F.);
#4426=ORIENTED_EDGE('',*,*,#10549,.F.);
#4427=ORIENTED_EDGE('',*,*,#10550,.T.);
#4428=ORIENTED_EDGE('',*,*,#10551,.F.);
#4429=ORIENTED_EDGE('',*,*,#10552,.F.);
#4430=ORIENTED_EDGE('',*,*,#10553,.T.);
#4431=ORIENTED_EDGE('',*,*,#10554,.F.);
#4432=ORIENTED_EDGE('',*,*,#10555,.F.);
#4433=ORIENTED_EDGE('',*,*,#10556,.T.);
#4434=ORIENTED_EDGE('',*,*,#10557,.F.);
#4435=ORIENTED_EDGE('',*,*,#10558,.F.);
#4436=ORIENTED_EDGE('',*,*,#10559,.T.);
#4437=ORIENTED_EDGE('',*,*,#10560,.F.);
#4438=ORIENTED_EDGE('',*,*,#10561,.F.);
#4439=ORIENTED_EDGE('',*,*,#10562,.T.);
#4440=ORIENTED_EDGE('',*,*,#10563,.F.);
#4441=ORIENTED_EDGE('',*,*,#10564,.F.);
#4442=ORIENTED_EDGE('',*,*,#10565,.T.);
#4443=ORIENTED_EDGE('',*,*,#10566,.F.);
#4444=ORIENTED_EDGE('',*,*,#10567,.F.);
#4445=ORIENTED_EDGE('',*,*,#10568,.T.);
#4446=ORIENTED_EDGE('',*,*,#10569,.F.);
#4447=ORIENTED_EDGE('',*,*,#10570,.F.);
#4448=ORIENTED_EDGE('',*,*,#10571,.T.);
#4449=ORIENTED_EDGE('',*,*,#10572,.F.);
#4450=ORIENTED_EDGE('',*,*,#10573,.F.);
#4451=ORIENTED_EDGE('',*,*,#10574,.T.);
#4452=ORIENTED_EDGE('',*,*,#10575,.F.);
#4453=ORIENTED_EDGE('',*,*,#10576,.F.);
#4454=ORIENTED_EDGE('',*,*,#10577,.T.);
#4455=ORIENTED_EDGE('',*,*,#10578,.F.);
#4456=ORIENTED_EDGE('',*,*,#10579,.F.);
#4457=ORIENTED_EDGE('',*,*,#10580,.T.);
#4458=ORIENTED_EDGE('',*,*,#10581,.F.);
#4459=ORIENTED_EDGE('',*,*,#10582,.F.);
#4460=ORIENTED_EDGE('',*,*,#10583,.T.);
#4461=ORIENTED_EDGE('',*,*,#10584,.F.);
#4462=ORIENTED_EDGE('',*,*,#10585,.F.);
#4463=ORIENTED_EDGE('',*,*,#10586,.T.);
#4464=ORIENTED_EDGE('',*,*,#10587,.F.);
#4465=ORIENTED_EDGE('',*,*,#10588,.F.);
#4466=ORIENTED_EDGE('',*,*,#10589,.F.);
#4467=ORIENTED_EDGE('',*,*,#10590,.F.);
#4468=ORIENTED_EDGE('',*,*,#10591,.F.);
#4469=ORIENTED_EDGE('',*,*,#10592,.T.);
#4470=ORIENTED_EDGE('',*,*,#10369,.T.);
#4471=ORIENTED_EDGE('',*,*,#10593,.T.);
#4472=ORIENTED_EDGE('',*,*,#10594,.T.);
#4473=ORIENTED_EDGE('',*,*,#10595,.T.);
#4474=ORIENTED_EDGE('',*,*,#10596,.T.);
#4475=ORIENTED_EDGE('',*,*,#10597,.F.);
#4476=ORIENTED_EDGE('',*,*,#10598,.T.);
#4477=ORIENTED_EDGE('',*,*,#10377,.T.);
#4478=ORIENTED_EDGE('',*,*,#10599,.T.);
#4479=ORIENTED_EDGE('',*,*,#10600,.T.);
#4480=ORIENTED_EDGE('',*,*,#10601,.T.);
#4481=ORIENTED_EDGE('',*,*,#10602,.T.);
#4482=ORIENTED_EDGE('',*,*,#10603,.F.);
#4483=ORIENTED_EDGE('',*,*,#10604,.T.);
#4484=ORIENTED_EDGE('',*,*,#10385,.T.);
#4485=ORIENTED_EDGE('',*,*,#10605,.T.);
#4486=ORIENTED_EDGE('',*,*,#10606,.T.);
#4487=ORIENTED_EDGE('',*,*,#10607,.T.);
#4488=ORIENTED_EDGE('',*,*,#10608,.T.);
#4489=ORIENTED_EDGE('',*,*,#10609,.F.);
#4490=ORIENTED_EDGE('',*,*,#10610,.T.);
#4491=ORIENTED_EDGE('',*,*,#10393,.T.);
#4492=ORIENTED_EDGE('',*,*,#10611,.T.);
#4493=ORIENTED_EDGE('',*,*,#10612,.T.);
#4494=ORIENTED_EDGE('',*,*,#10613,.T.);
#4495=ORIENTED_EDGE('',*,*,#10614,.T.);
#4496=ORIENTED_EDGE('',*,*,#10615,.F.);
#4497=ORIENTED_EDGE('',*,*,#10616,.T.);
#4498=ORIENTED_EDGE('',*,*,#10401,.T.);
#4499=ORIENTED_EDGE('',*,*,#10617,.T.);
#4500=ORIENTED_EDGE('',*,*,#10618,.T.);
#4501=ORIENTED_EDGE('',*,*,#10619,.T.);
#4502=ORIENTED_EDGE('',*,*,#10620,.T.);
#4503=ORIENTED_EDGE('',*,*,#10621,.F.);
#4504=ORIENTED_EDGE('',*,*,#10622,.T.);
#4505=ORIENTED_EDGE('',*,*,#10409,.T.);
#4506=ORIENTED_EDGE('',*,*,#10623,.T.);
#4507=ORIENTED_EDGE('',*,*,#10624,.T.);
#4508=ORIENTED_EDGE('',*,*,#10625,.T.);
#4509=ORIENTED_EDGE('',*,*,#10626,.T.);
#4510=ORIENTED_EDGE('',*,*,#10627,.F.);
#4511=ORIENTED_EDGE('',*,*,#10628,.T.);
#4512=ORIENTED_EDGE('',*,*,#10417,.T.);
#4513=ORIENTED_EDGE('',*,*,#10629,.T.);
#4514=ORIENTED_EDGE('',*,*,#10630,.T.);
#4515=ORIENTED_EDGE('',*,*,#10631,.T.);
#4516=ORIENTED_EDGE('',*,*,#10632,.T.);
#4517=ORIENTED_EDGE('',*,*,#10633,.F.);
#4518=ORIENTED_EDGE('',*,*,#10634,.T.);
#4519=ORIENTED_EDGE('',*,*,#10425,.T.);
#4520=ORIENTED_EDGE('',*,*,#10635,.T.);
#4521=ORIENTED_EDGE('',*,*,#10636,.T.);
#4522=ORIENTED_EDGE('',*,*,#10637,.T.);
#4523=ORIENTED_EDGE('',*,*,#10638,.T.);
#4524=ORIENTED_EDGE('',*,*,#10639,.F.);
#4525=ORIENTED_EDGE('',*,*,#10640,.T.);
#4526=ORIENTED_EDGE('',*,*,#10433,.T.);
#4527=ORIENTED_EDGE('',*,*,#10641,.T.);
#4528=ORIENTED_EDGE('',*,*,#10642,.T.);
#4529=ORIENTED_EDGE('',*,*,#10643,.T.);
#4530=ORIENTED_EDGE('',*,*,#10644,.T.);
#4531=ORIENTED_EDGE('',*,*,#10645,.F.);
#4532=ORIENTED_EDGE('',*,*,#10646,.T.);
#4533=ORIENTED_EDGE('',*,*,#10441,.T.);
#4534=ORIENTED_EDGE('',*,*,#10647,.T.);
#4535=ORIENTED_EDGE('',*,*,#10648,.T.);
#4536=ORIENTED_EDGE('',*,*,#10649,.T.);
#4537=ORIENTED_EDGE('',*,*,#10650,.T.);
#4538=ORIENTED_EDGE('',*,*,#10651,.F.);
#4539=ORIENTED_EDGE('',*,*,#10652,.T.);
#4540=ORIENTED_EDGE('',*,*,#10449,.T.);
#4541=ORIENTED_EDGE('',*,*,#10653,.T.);
#4542=ORIENTED_EDGE('',*,*,#10654,.T.);
#4543=ORIENTED_EDGE('',*,*,#10655,.T.);
#4544=ORIENTED_EDGE('',*,*,#10656,.T.);
#4545=ORIENTED_EDGE('',*,*,#10657,.F.);
#4546=ORIENTED_EDGE('',*,*,#10658,.T.);
#4547=ORIENTED_EDGE('',*,*,#10457,.T.);
#4548=ORIENTED_EDGE('',*,*,#10659,.T.);
#4549=ORIENTED_EDGE('',*,*,#10660,.T.);
#4550=ORIENTED_EDGE('',*,*,#10661,.T.);
#4551=ORIENTED_EDGE('',*,*,#10662,.T.);
#4552=ORIENTED_EDGE('',*,*,#10663,.F.);
#4553=ORIENTED_EDGE('',*,*,#10664,.T.);
#4554=ORIENTED_EDGE('',*,*,#10465,.T.);
#4555=ORIENTED_EDGE('',*,*,#10665,.T.);
#4556=ORIENTED_EDGE('',*,*,#10666,.T.);
#4557=ORIENTED_EDGE('',*,*,#10667,.T.);
#4558=ORIENTED_EDGE('',*,*,#10668,.T.);
#4559=ORIENTED_EDGE('',*,*,#10669,.F.);
#4560=ORIENTED_EDGE('',*,*,#10670,.T.);
#4561=ORIENTED_EDGE('',*,*,#10473,.T.);
#4562=ORIENTED_EDGE('',*,*,#10671,.T.);
#4563=ORIENTED_EDGE('',*,*,#10672,.T.);
#4564=ORIENTED_EDGE('',*,*,#10673,.T.);
#4565=ORIENTED_EDGE('',*,*,#10674,.F.);
#4566=ORIENTED_EDGE('',*,*,#10675,.T.);
#4567=ORIENTED_EDGE('',*,*,#10676,.T.);
#4568=ORIENTED_EDGE('',*,*,#10677,.T.);
#4569=ORIENTED_EDGE('',*,*,#10471,.T.);
#4570=ORIENTED_EDGE('',*,*,#10678,.T.);
#4571=ORIENTED_EDGE('',*,*,#10679,.F.);
#4572=ORIENTED_EDGE('',*,*,#10680,.F.);
#4573=ORIENTED_EDGE('',*,*,#10681,.T.);
#4574=ORIENTED_EDGE('',*,*,#10682,.T.);
#4575=ORIENTED_EDGE('',*,*,#10683,.T.);
#4576=ORIENTED_EDGE('',*,*,#10463,.T.);
#4577=ORIENTED_EDGE('',*,*,#10684,.T.);
#4578=ORIENTED_EDGE('',*,*,#10685,.F.);
#4579=ORIENTED_EDGE('',*,*,#10686,.F.);
#4580=ORIENTED_EDGE('',*,*,#10687,.T.);
#4581=ORIENTED_EDGE('',*,*,#10688,.T.);
#4582=ORIENTED_EDGE('',*,*,#10689,.T.);
#4583=ORIENTED_EDGE('',*,*,#10455,.T.);
#4584=ORIENTED_EDGE('',*,*,#10690,.T.);
#4585=ORIENTED_EDGE('',*,*,#10691,.F.);
#4586=ORIENTED_EDGE('',*,*,#10692,.F.);
#4587=ORIENTED_EDGE('',*,*,#10693,.T.);
#4588=ORIENTED_EDGE('',*,*,#10694,.T.);
#4589=ORIENTED_EDGE('',*,*,#10695,.T.);
#4590=ORIENTED_EDGE('',*,*,#10447,.T.);
#4591=ORIENTED_EDGE('',*,*,#10696,.T.);
#4592=ORIENTED_EDGE('',*,*,#10697,.F.);
#4593=ORIENTED_EDGE('',*,*,#10698,.F.);
#4594=ORIENTED_EDGE('',*,*,#10699,.T.);
#4595=ORIENTED_EDGE('',*,*,#10700,.T.);
#4596=ORIENTED_EDGE('',*,*,#10701,.T.);
#4597=ORIENTED_EDGE('',*,*,#10439,.T.);
#4598=ORIENTED_EDGE('',*,*,#10702,.T.);
#4599=ORIENTED_EDGE('',*,*,#10703,.F.);
#4600=ORIENTED_EDGE('',*,*,#10704,.F.);
#4601=ORIENTED_EDGE('',*,*,#10705,.T.);
#4602=ORIENTED_EDGE('',*,*,#10706,.T.);
#4603=ORIENTED_EDGE('',*,*,#10707,.T.);
#4604=ORIENTED_EDGE('',*,*,#10431,.T.);
#4605=ORIENTED_EDGE('',*,*,#10708,.T.);
#4606=ORIENTED_EDGE('',*,*,#10709,.F.);
#4607=ORIENTED_EDGE('',*,*,#10710,.F.);
#4608=ORIENTED_EDGE('',*,*,#10711,.T.);
#4609=ORIENTED_EDGE('',*,*,#10712,.T.);
#4610=ORIENTED_EDGE('',*,*,#10713,.T.);
#4611=ORIENTED_EDGE('',*,*,#10423,.T.);
#4612=ORIENTED_EDGE('',*,*,#10714,.T.);
#4613=ORIENTED_EDGE('',*,*,#10715,.F.);
#4614=ORIENTED_EDGE('',*,*,#10716,.F.);
#4615=ORIENTED_EDGE('',*,*,#10717,.T.);
#4616=ORIENTED_EDGE('',*,*,#10718,.T.);
#4617=ORIENTED_EDGE('',*,*,#10719,.T.);
#4618=ORIENTED_EDGE('',*,*,#10415,.T.);
#4619=ORIENTED_EDGE('',*,*,#10720,.T.);
#4620=ORIENTED_EDGE('',*,*,#10721,.F.);
#4621=ORIENTED_EDGE('',*,*,#10722,.F.);
#4622=ORIENTED_EDGE('',*,*,#10723,.T.);
#4623=ORIENTED_EDGE('',*,*,#10724,.T.);
#4624=ORIENTED_EDGE('',*,*,#10725,.T.);
#4625=ORIENTED_EDGE('',*,*,#10407,.T.);
#4626=ORIENTED_EDGE('',*,*,#10726,.T.);
#4627=ORIENTED_EDGE('',*,*,#10727,.F.);
#4628=ORIENTED_EDGE('',*,*,#10728,.F.);
#4629=ORIENTED_EDGE('',*,*,#10729,.T.);
#4630=ORIENTED_EDGE('',*,*,#10730,.T.);
#4631=ORIENTED_EDGE('',*,*,#10731,.T.);
#4632=ORIENTED_EDGE('',*,*,#10399,.T.);
#4633=ORIENTED_EDGE('',*,*,#10732,.T.);
#4634=ORIENTED_EDGE('',*,*,#10733,.F.);
#4635=ORIENTED_EDGE('',*,*,#10734,.F.);
#4636=ORIENTED_EDGE('',*,*,#10735,.T.);
#4637=ORIENTED_EDGE('',*,*,#10736,.T.);
#4638=ORIENTED_EDGE('',*,*,#10737,.T.);
#4639=ORIENTED_EDGE('',*,*,#10391,.T.);
#4640=ORIENTED_EDGE('',*,*,#10738,.T.);
#4641=ORIENTED_EDGE('',*,*,#10739,.F.);
#4642=ORIENTED_EDGE('',*,*,#10740,.F.);
#4643=ORIENTED_EDGE('',*,*,#10741,.T.);
#4644=ORIENTED_EDGE('',*,*,#10742,.T.);
#4645=ORIENTED_EDGE('',*,*,#10743,.T.);
#4646=ORIENTED_EDGE('',*,*,#10383,.T.);
#4647=ORIENTED_EDGE('',*,*,#10744,.T.);
#4648=ORIENTED_EDGE('',*,*,#10745,.F.);
#4649=ORIENTED_EDGE('',*,*,#10746,.F.);
#4650=ORIENTED_EDGE('',*,*,#10747,.T.);
#4651=ORIENTED_EDGE('',*,*,#10748,.T.);
#4652=ORIENTED_EDGE('',*,*,#10749,.T.);
#4653=ORIENTED_EDGE('',*,*,#10375,.T.);
#4654=ORIENTED_EDGE('',*,*,#10750,.T.);
#4655=ORIENTED_EDGE('',*,*,#10751,.F.);
#4656=ORIENTED_EDGE('',*,*,#10752,.T.);
#4657=ORIENTED_EDGE('',*,*,#10753,.F.);
#4658=ORIENTED_EDGE('',*,*,#10754,.F.);
#4659=ORIENTED_EDGE('',*,*,#10755,.T.);
#4660=ORIENTED_EDGE('',*,*,#10756,.T.);
#4661=ORIENTED_EDGE('',*,*,#10757,.F.);
#4662=ORIENTED_EDGE('',*,*,#10758,.F.);
#4663=ORIENTED_EDGE('',*,*,#10759,.T.);
#4664=ORIENTED_EDGE('',*,*,#10760,.T.);
#4665=ORIENTED_EDGE('',*,*,#10761,.F.);
#4666=ORIENTED_EDGE('',*,*,#10762,.F.);
#4667=ORIENTED_EDGE('',*,*,#10763,.T.);
#4668=ORIENTED_EDGE('',*,*,#10764,.T.);
#4669=ORIENTED_EDGE('',*,*,#10765,.F.);
#4670=ORIENTED_EDGE('',*,*,#10766,.F.);
#4671=ORIENTED_EDGE('',*,*,#10767,.T.);
#4672=ORIENTED_EDGE('',*,*,#10768,.T.);
#4673=ORIENTED_EDGE('',*,*,#10769,.F.);
#4674=ORIENTED_EDGE('',*,*,#10770,.F.);
#4675=ORIENTED_EDGE('',*,*,#10771,.T.);
#4676=ORIENTED_EDGE('',*,*,#10772,.T.);
#4677=ORIENTED_EDGE('',*,*,#10773,.F.);
#4678=ORIENTED_EDGE('',*,*,#10774,.F.);
#4679=ORIENTED_EDGE('',*,*,#10775,.T.);
#4680=ORIENTED_EDGE('',*,*,#10776,.T.);
#4681=ORIENTED_EDGE('',*,*,#10777,.F.);
#4682=ORIENTED_EDGE('',*,*,#10778,.F.);
#4683=ORIENTED_EDGE('',*,*,#10779,.T.);
#4684=ORIENTED_EDGE('',*,*,#10780,.T.);
#4685=ORIENTED_EDGE('',*,*,#10781,.F.);
#4686=ORIENTED_EDGE('',*,*,#10782,.F.);
#4687=ORIENTED_EDGE('',*,*,#10783,.T.);
#4688=ORIENTED_EDGE('',*,*,#10784,.T.);
#4689=ORIENTED_EDGE('',*,*,#10785,.F.);
#4690=ORIENTED_EDGE('',*,*,#10786,.F.);
#4691=ORIENTED_EDGE('',*,*,#10787,.T.);
#4692=ORIENTED_EDGE('',*,*,#10788,.T.);
#4693=ORIENTED_EDGE('',*,*,#10789,.F.);
#4694=ORIENTED_EDGE('',*,*,#10790,.F.);
#4695=ORIENTED_EDGE('',*,*,#10791,.T.);
#4696=ORIENTED_EDGE('',*,*,#10792,.T.);
#4697=ORIENTED_EDGE('',*,*,#10793,.F.);
#4698=ORIENTED_EDGE('',*,*,#10794,.F.);
#4699=ORIENTED_EDGE('',*,*,#10795,.T.);
#4700=ORIENTED_EDGE('',*,*,#10796,.T.);
#4701=ORIENTED_EDGE('',*,*,#10797,.F.);
#4702=ORIENTED_EDGE('',*,*,#10798,.F.);
#4703=ORIENTED_EDGE('',*,*,#10799,.T.);
#4704=ORIENTED_EDGE('',*,*,#10800,.T.);
#4705=ORIENTED_EDGE('',*,*,#10801,.F.);
#4706=ORIENTED_EDGE('',*,*,#10802,.F.);
#4707=ORIENTED_EDGE('',*,*,#10803,.T.);
#4708=ORIENTED_EDGE('',*,*,#10804,.T.);
#4709=ORIENTED_EDGE('',*,*,#10805,.F.);
#4710=ORIENTED_EDGE('',*,*,#10806,.F.);
#4711=ORIENTED_EDGE('',*,*,#10807,.T.);
#4712=CARTESIAN_POINT('',(17.4625,0.9398,-1.1684));
#4713=DIRECTION('',(-0.0,1.0,0.0));
#4714=DIRECTION('',(1.0,0.0,0.0));
#4715=ORIENTED_EDGE('',*,*,#10808,.T.);
#4716=ORIENTED_EDGE('',*,*,#10809,.F.);
#4717=ORIENTED_EDGE('',*,*,#10673,.F.);
#4718=ORIENTED_EDGE('',*,*,#10810,.T.);
#4719=CARTESIAN_POINT('',(17.4625,0.9398,1.1684));
#4720=DIRECTION('',(0.0,0.0,1.0));
#4721=DIRECTION('',(1.0,0.0,0.0));
#4722=ORIENTED_EDGE('',*,*,#10539,.F.);
#4723=ORIENTED_EDGE('',*,*,#10482,.T.);
#4724=ORIENTED_EDGE('',*,*,#10811,.T.);
#4725=ORIENTED_EDGE('',*,*,#10812,.F.);
#4726=CARTESIAN_POINT('',(17.4625,0.9398,1.1684));
#4727=DIRECTION('',(0.0,0.0,1.0));
#4728=DIRECTION('',(1.0,0.0,0.0));
#4729=ORIENTED_EDGE('',*,*,#10813,.T.);
#4730=ORIENTED_EDGE('',*,*,#10814,.F.);
#4731=ORIENTED_EDGE('',*,*,#10667,.F.);
#4732=ORIENTED_EDGE('',*,*,#10815,.T.);
#4733=CARTESIAN_POINT('',(17.4625,0.9398,1.1684));
#4734=DIRECTION('',(0.0,0.0,1.0));
#4735=DIRECTION('',(1.0,0.0,0.0));
#4736=ORIENTED_EDGE('',*,*,#10675,.F.);
#4737=ORIENTED_EDGE('',*,*,#10816,.T.);
#4738=ORIENTED_EDGE('',*,*,#10817,.T.);
#4739=ORIENTED_EDGE('',*,*,#10818,.F.);
#4740=CARTESIAN_POINT('',(17.4625,0.9398,1.1684));
#4741=DIRECTION('',(0.0,0.0,1.0));
#4742=DIRECTION('',(1.0,0.0,0.0));
#4743=ORIENTED_EDGE('',*,*,#10819,.T.);
#4744=ORIENTED_EDGE('',*,*,#10820,.F.);
#4745=ORIENTED_EDGE('',*,*,#10661,.F.);
#4746=ORIENTED_EDGE('',*,*,#10821,.T.);
#4747=CARTESIAN_POINT('',(17.4625,0.9398,1.1684));
#4748=DIRECTION('',(0.0,0.0,1.0));
#4749=DIRECTION('',(1.0,0.0,0.0));
#4750=ORIENTED_EDGE('',*,*,#10681,.F.);
#4751=ORIENTED_EDGE('',*,*,#10822,.T.);
#4752=ORIENTED_EDGE('',*,*,#10823,.T.);
#4753=ORIENTED_EDGE('',*,*,#10824,.F.);
#4754=CARTESIAN_POINT('',(17.4625,0.9398,1.1684));
#4755=DIRECTION('',(0.0,0.0,1.0));
#4756=DIRECTION('',(1.0,0.0,0.0));
#4757=ORIENTED_EDGE('',*,*,#10825,.T.);
#4758=ORIENTED_EDGE('',*,*,#10826,.F.);
#4759=ORIENTED_EDGE('',*,*,#10655,.F.);
#4760=ORIENTED_EDGE('',*,*,#10827,.T.);
#4761=CARTESIAN_POINT('',(17.4625,0.9398,1.1684));
#4762=DIRECTION('',(0.0,0.0,1.0));
#4763=DIRECTION('',(1.0,0.0,0.0));
#4764=ORIENTED_EDGE('',*,*,#10687,.F.);
#4765=ORIENTED_EDGE('',*,*,#10828,.T.);
#4766=ORIENTED_EDGE('',*,*,#10829,.T.);
#4767=ORIENTED_EDGE('',*,*,#10830,.F.);
#4768=CARTESIAN_POINT('',(17.4625,0.9398,1.1684));
#4769=DIRECTION('',(0.0,0.0,1.0));
#4770=DIRECTION('',(1.0,0.0,0.0));
#4771=ORIENTED_EDGE('',*,*,#10831,.T.);
#4772=ORIENTED_EDGE('',*,*,#10832,.F.);
#4773=ORIENTED_EDGE('',*,*,#10649,.F.);
#4774=ORIENTED_EDGE('',*,*,#10833,.T.);
#4775=CARTESIAN_POINT('',(17.4625,0.9398,1.1684));
#4776=DIRECTION('',(0.0,0.0,1.0));
#4777=DIRECTION('',(1.0,0.0,0.0));
#4778=ORIENTED_EDGE('',*,*,#10693,.F.);
#4779=ORIENTED_EDGE('',*,*,#10834,.T.);
#4780=ORIENTED_EDGE('',*,*,#10835,.T.);
#4781=ORIENTED_EDGE('',*,*,#10836,.F.);
#4782=CARTESIAN_POINT('',(17.4625,0.9398,1.1684));
#4783=DIRECTION('',(0.0,0.0,1.0));
#4784=DIRECTION('',(1.0,0.0,0.0));
#4785=ORIENTED_EDGE('',*,*,#10837,.T.);
#4786=ORIENTED_EDGE('',*,*,#10838,.F.);
#4787=ORIENTED_EDGE('',*,*,#10643,.F.);
#4788=ORIENTED_EDGE('',*,*,#10839,.T.);
#4789=CARTESIAN_POINT('',(17.4625,0.9398,1.1684));
#4790=DIRECTION('',(0.0,0.0,1.0));
#4791=DIRECTION('',(1.0,0.0,0.0));
#4792=ORIENTED_EDGE('',*,*,#10699,.F.);
#4793=ORIENTED_EDGE('',*,*,#10840,.T.);
#4794=ORIENTED_EDGE('',*,*,#10841,.T.);
#4795=ORIENTED_EDGE('',*,*,#10842,.F.);
#4796=CARTESIAN_POINT('',(17.4625,0.9398,1.1684));
#4797=DIRECTION('',(0.0,0.0,1.0));
#4798=DIRECTION('',(1.0,0.0,0.0));
#4799=ORIENTED_EDGE('',*,*,#10843,.T.);
#4800=ORIENTED_EDGE('',*,*,#10844,.F.);
#4801=ORIENTED_EDGE('',*,*,#10637,.F.);
#4802=ORIENTED_EDGE('',*,*,#10845,.T.);
#4803=CARTESIAN_POINT('',(17.4625,0.9398,1.1684));
#4804=DIRECTION('',(0.0,0.0,1.0));
#4805=DIRECTION('',(1.0,0.0,0.0));
#4806=ORIENTED_EDGE('',*,*,#10705,.F.);
#4807=ORIENTED_EDGE('',*,*,#10846,.T.);
#4808=ORIENTED_EDGE('',*,*,#10847,.T.);
#4809=ORIENTED_EDGE('',*,*,#10848,.F.);
#4810=CARTESIAN_POINT('',(17.4625,0.9398,1.1684));
#4811=DIRECTION('',(0.0,0.0,1.0));
#4812=DIRECTION('',(1.0,0.0,0.0));
#4813=ORIENTED_EDGE('',*,*,#10849,.T.);
#4814=ORIENTED_EDGE('',*,*,#10850,.F.);
#4815=ORIENTED_EDGE('',*,*,#10631,.F.);
#4816=ORIENTED_EDGE('',*,*,#10851,.T.);
#4817=CARTESIAN_POINT('',(17.4625,0.9398,1.1684));
#4818=DIRECTION('',(0.0,0.0,1.0));
#4819=DIRECTION('',(1.0,0.0,0.0));
#4820=ORIENTED_EDGE('',*,*,#10711,.F.);
#4821=ORIENTED_EDGE('',*,*,#10852,.T.);
#4822=ORIENTED_EDGE('',*,*,#10853,.T.);
#4823=ORIENTED_EDGE('',*,*,#10854,.F.);
#4824=CARTESIAN_POINT('',(17.4625,0.9398,1.1684));
#4825=DIRECTION('',(0.0,0.0,1.0));
#4826=DIRECTION('',(1.0,0.0,0.0));
#4827=ORIENTED_EDGE('',*,*,#10855,.T.);
#4828=ORIENTED_EDGE('',*,*,#10856,.F.);
#4829=ORIENTED_EDGE('',*,*,#10625,.F.);
#4830=ORIENTED_EDGE('',*,*,#10857,.T.);
#4831=CARTESIAN_POINT('',(17.4625,0.9398,1.1684));
#4832=DIRECTION('',(0.0,0.0,1.0));
#4833=DIRECTION('',(1.0,0.0,0.0));
#4834=ORIENTED_EDGE('',*,*,#10717,.F.);
#4835=ORIENTED_EDGE('',*,*,#10858,.T.);
#4836=ORIENTED_EDGE('',*,*,#10859,.T.);
#4837=ORIENTED_EDGE('',*,*,#10860,.F.);
#4838=CARTESIAN_POINT('',(17.4625,0.9398,1.1684));
#4839=DIRECTION('',(0.0,0.0,1.0));
#4840=DIRECTION('',(1.0,0.0,0.0));
#4841=ORIENTED_EDGE('',*,*,#10861,.T.);
#4842=ORIENTED_EDGE('',*,*,#10862,.F.);
#4843=ORIENTED_EDGE('',*,*,#10619,.F.);
#4844=ORIENTED_EDGE('',*,*,#10863,.T.);
#4845=CARTESIAN_POINT('',(17.4625,0.9398,1.1684));
#4846=DIRECTION('',(0.0,0.0,1.0));
#4847=DIRECTION('',(1.0,0.0,0.0));
#4848=ORIENTED_EDGE('',*,*,#10723,.F.);
#4849=ORIENTED_EDGE('',*,*,#10864,.T.);
#4850=ORIENTED_EDGE('',*,*,#10865,.T.);
#4851=ORIENTED_EDGE('',*,*,#10866,.F.);
#4852=CARTESIAN_POINT('',(17.4625,0.9398,1.1684));
#4853=DIRECTION('',(0.0,0.0,1.0));
#4854=DIRECTION('',(1.0,0.0,0.0));
#4855=ORIENTED_EDGE('',*,*,#10867,.T.);
#4856=ORIENTED_EDGE('',*,*,#10868,.F.);
#4857=ORIENTED_EDGE('',*,*,#10613,.F.);
#4858=ORIENTED_EDGE('',*,*,#10869,.T.);
#4859=CARTESIAN_POINT('',(17.4625,0.9398,1.1684));
#4860=DIRECTION('',(0.0,0.0,1.0));
#4861=DIRECTION('',(1.0,0.0,0.0));
#4862=ORIENTED_EDGE('',*,*,#10729,.F.);
#4863=ORIENTED_EDGE('',*,*,#10870,.T.);
#4864=ORIENTED_EDGE('',*,*,#10871,.T.);
#4865=ORIENTED_EDGE('',*,*,#10872,.F.);
#4866=CARTESIAN_POINT('',(17.4625,0.9398,1.1684));
#4867=DIRECTION('',(0.0,0.0,1.0));
#4868=DIRECTION('',(1.0,0.0,0.0));
#4869=ORIENTED_EDGE('',*,*,#10873,.T.);
#4870=ORIENTED_EDGE('',*,*,#10874,.F.);
#4871=ORIENTED_EDGE('',*,*,#10607,.F.);
#4872=ORIENTED_EDGE('',*,*,#10875,.T.);
#4873=CARTESIAN_POINT('',(17.4625,0.9398,1.1684));
#4874=DIRECTION('',(0.0,0.0,1.0));
#4875=DIRECTION('',(1.0,0.0,0.0));
#4876=ORIENTED_EDGE('',*,*,#10735,.F.);
#4877=ORIENTED_EDGE('',*,*,#10876,.T.);
#4878=ORIENTED_EDGE('',*,*,#10877,.T.);
#4879=ORIENTED_EDGE('',*,*,#10878,.F.);
#4880=CARTESIAN_POINT('',(17.4625,0.9398,1.1684));
#4881=DIRECTION('',(0.0,0.0,1.0));
#4882=DIRECTION('',(1.0,0.0,0.0));
#4883=ORIENTED_EDGE('',*,*,#10879,.T.);
#4884=ORIENTED_EDGE('',*,*,#10880,.F.);
#4885=ORIENTED_EDGE('',*,*,#10601,.F.);
#4886=ORIENTED_EDGE('',*,*,#10881,.T.);
#4887=CARTESIAN_POINT('',(17.4625,0.9398,1.1684));
#4888=DIRECTION('',(0.0,0.0,1.0));
#4889=DIRECTION('',(1.0,0.0,0.0));
#4890=ORIENTED_EDGE('',*,*,#10741,.F.);
#4891=ORIENTED_EDGE('',*,*,#10882,.T.);
#4892=ORIENTED_EDGE('',*,*,#10883,.T.);
#4893=ORIENTED_EDGE('',*,*,#10884,.F.);
#4894=CARTESIAN_POINT('',(17.4625,0.9398,1.1684));
#4895=DIRECTION('',(0.0,0.0,1.0));
#4896=DIRECTION('',(1.0,0.0,0.0));
#4897=ORIENTED_EDGE('',*,*,#10885,.T.);
#4898=ORIENTED_EDGE('',*,*,#10886,.F.);
#4899=ORIENTED_EDGE('',*,*,#10595,.F.);
#4900=ORIENTED_EDGE('',*,*,#10887,.T.);
#4901=CARTESIAN_POINT('',(17.4625,0.9398,1.1684));
#4902=DIRECTION('',(0.0,0.0,1.0));
#4903=DIRECTION('',(1.0,0.0,0.0));
#4904=ORIENTED_EDGE('',*,*,#10747,.F.);
#4905=ORIENTED_EDGE('',*,*,#10888,.T.);
#4906=ORIENTED_EDGE('',*,*,#10889,.T.);
#4907=ORIENTED_EDGE('',*,*,#10890,.F.);
#4908=CARTESIAN_POINT('',(17.4625,0.9398,1.1684));
#4909=DIRECTION('',(0.0,0.0,1.0));
#4910=DIRECTION('',(1.0,0.0,0.0));
#4911=ORIENTED_EDGE('',*,*,#10810,.F.);
#4912=ORIENTED_EDGE('',*,*,#10672,.F.);
#4913=ORIENTED_EDGE('',*,*,#10891,.F.);
#4914=ORIENTED_EDGE('',*,*,#10892,.F.);
#4915=CARTESIAN_POINT('',(15.9893,1.143,0.484434670518104));
#4916=DIRECTION('',(-1.0,0.0,0.0));
#4917=DIRECTION('',(0.0,0.0,1.0));
#4918=ORIENTED_EDGE('',*,*,#10893,.F.);
#4919=ORIENTED_EDGE('',*,*,#10811,.F.);
#4920=ORIENTED_EDGE('',*,*,#10481,.T.);
#4921=ORIENTED_EDGE('',*,*,#10894,.T.);
#4922=ORIENTED_EDGE('',*,*,#10895,.T.);
#4923=ORIENTED_EDGE('',*,*,#10477,.F.);
#4924=ORIENTED_EDGE('',*,*,#10896,.F.);
#4925=CARTESIAN_POINT('',(17.4625,1.143,1.1684));
#4926=DIRECTION('',(-0.0,1.0,0.0));
#4927=DIRECTION('',(1.0,0.0,0.0));
#4928=ORIENTED_EDGE('',*,*,#10897,.T.);
#4929=ORIENTED_EDGE('',*,*,#10898,.F.);
#4930=ORIENTED_EDGE('',*,*,#10808,.F.);
#4931=ORIENTED_EDGE('',*,*,#10892,.T.);
#4932=ORIENTED_EDGE('',*,*,#10899,.F.);
#4933=ORIENTED_EDGE('',*,*,#10475,.F.);
#4934=ORIENTED_EDGE('',*,*,#10900,.F.);
#4935=CARTESIAN_POINT('',(17.4625,1.143,1.1684));
#4936=DIRECTION('',(-0.0,1.0,0.0));
#4937=DIRECTION('',(1.0,0.0,0.0));
#4938=ORIENTED_EDGE('',*,*,#10901,.F.);
#4939=ORIENTED_EDGE('',*,*,#10817,.F.);
#4940=ORIENTED_EDGE('',*,*,#10902,.T.);
#4941=ORIENTED_EDGE('',*,*,#10903,.T.);
#4942=ORIENTED_EDGE('',*,*,#10904,.T.);
#4943=ORIENTED_EDGE('',*,*,#10469,.F.);
#4944=ORIENTED_EDGE('',*,*,#10905,.F.);
#4945=CARTESIAN_POINT('',(17.4625,1.143,1.1684));
#4946=DIRECTION('',(-0.0,1.0,0.0));
#4947=DIRECTION('',(1.0,0.0,0.0));
#4948=ORIENTED_EDGE('',*,*,#10906,.T.);
#4949=ORIENTED_EDGE('',*,*,#10907,.F.);
#4950=ORIENTED_EDGE('',*,*,#10813,.F.);
#4951=ORIENTED_EDGE('',*,*,#10908,.T.);
#4952=ORIENTED_EDGE('',*,*,#10909,.F.);
#4953=ORIENTED_EDGE('',*,*,#10467,.F.);
#4954=ORIENTED_EDGE('',*,*,#10910,.F.);
#4955=CARTESIAN_POINT('',(17.4625,1.143,1.1684));
#4956=DIRECTION('',(-0.0,1.0,0.0));
#4957=DIRECTION('',(1.0,0.0,0.0));
#4958=ORIENTED_EDGE('',*,*,#10911,.F.);
#4959=ORIENTED_EDGE('',*,*,#10823,.F.);
#4960=ORIENTED_EDGE('',*,*,#10912,.T.);
#4961=ORIENTED_EDGE('',*,*,#10913,.T.);
#4962=ORIENTED_EDGE('',*,*,#10914,.T.);
#4963=ORIENTED_EDGE('',*,*,#10461,.F.);
#4964=ORIENTED_EDGE('',*,*,#10915,.F.);
#4965=CARTESIAN_POINT('',(17.4625,1.143,1.1684));
#4966=DIRECTION('',(-0.0,1.0,0.0));
#4967=DIRECTION('',(1.0,0.0,0.0));
#4968=ORIENTED_EDGE('',*,*,#10916,.T.);
#4969=ORIENTED_EDGE('',*,*,#10917,.F.);
#4970=ORIENTED_EDGE('',*,*,#10819,.F.);
#4971=ORIENTED_EDGE('',*,*,#10918,.T.);
#4972=ORIENTED_EDGE('',*,*,#10919,.F.);
#4973=ORIENTED_EDGE('',*,*,#10459,.F.);
#4974=ORIENTED_EDGE('',*,*,#10920,.F.);
#4975=CARTESIAN_POINT('',(17.4625,1.143,1.1684));
#4976=DIRECTION('',(-0.0,1.0,0.0));
#4977=DIRECTION('',(1.0,0.0,0.0));
#4978=ORIENTED_EDGE('',*,*,#10921,.F.);
#4979=ORIENTED_EDGE('',*,*,#10829,.F.);
#4980=ORIENTED_EDGE('',*,*,#10922,.T.);
#4981=ORIENTED_EDGE('',*,*,#10923,.T.);
#4982=ORIENTED_EDGE('',*,*,#10924,.T.);
#4983=ORIENTED_EDGE('',*,*,#10453,.F.);
#4984=ORIENTED_EDGE('',*,*,#10925,.F.);
#4985=CARTESIAN_POINT('',(17.4625,1.143,1.1684));
#4986=DIRECTION('',(-0.0,1.0,0.0));
#4987=DIRECTION('',(1.0,0.0,0.0));
#4988=ORIENTED_EDGE('',*,*,#10926,.T.);
#4989=ORIENTED_EDGE('',*,*,#10927,.F.);
#4990=ORIENTED_EDGE('',*,*,#10825,.F.);
#4991=ORIENTED_EDGE('',*,*,#10928,.T.);
#4992=ORIENTED_EDGE('',*,*,#10929,.F.);
#4993=ORIENTED_EDGE('',*,*,#10451,.F.);
#4994=ORIENTED_EDGE('',*,*,#10930,.F.);
#4995=CARTESIAN_POINT('',(17.4625,1.143,1.1684));
#4996=DIRECTION('',(-0.0,1.0,0.0));
#4997=DIRECTION('',(1.0,0.0,0.0));
#4998=ORIENTED_EDGE('',*,*,#10931,.F.);
#4999=ORIENTED_EDGE('',*,*,#10835,.F.);
#5000=ORIENTED_EDGE('',*,*,#10932,.T.);
#5001=ORIENTED_EDGE('',*,*,#10933,.T.);
#5002=ORIENTED_EDGE('',*,*,#10934,.T.);
#5003=ORIENTED_EDGE('',*,*,#10445,.F.);
#5004=ORIENTED_EDGE('',*,*,#10935,.F.);
#5005=CARTESIAN_POINT('',(17.4625,1.143,1.1684));
#5006=DIRECTION('',(-0.0,1.0,0.0));
#5007=DIRECTION('',(1.0,0.0,0.0));
#5008=ORIENTED_EDGE('',*,*,#10936,.T.);
#5009=ORIENTED_EDGE('',*,*,#10937,.F.);
#5010=ORIENTED_EDGE('',*,*,#10831,.F.);
#5011=ORIENTED_EDGE('',*,*,#10938,.T.);
#5012=ORIENTED_EDGE('',*,*,#10939,.F.);
#5013=ORIENTED_EDGE('',*,*,#10443,.F.);
#5014=ORIENTED_EDGE('',*,*,#10940,.F.);
#5015=CARTESIAN_POINT('',(17.4625,1.143,1.1684));
#5016=DIRECTION('',(-0.0,1.0,0.0));
#5017=DIRECTION('',(1.0,0.0,0.0));
#5018=ORIENTED_EDGE('',*,*,#10941,.F.);
#5019=ORIENTED_EDGE('',*,*,#10841,.F.);
#5020=ORIENTED_EDGE('',*,*,#10942,.T.);
#5021=ORIENTED_EDGE('',*,*,#10943,.T.);
#5022=ORIENTED_EDGE('',*,*,#10944,.T.);
#5023=ORIENTED_EDGE('',*,*,#10437,.F.);
#5024=ORIENTED_EDGE('',*,*,#10945,.F.);
#5025=CARTESIAN_POINT('',(17.4625,1.143,1.1684));
#5026=DIRECTION('',(-0.0,1.0,0.0));
#5027=DIRECTION('',(1.0,0.0,0.0));
#5028=ORIENTED_EDGE('',*,*,#10946,.T.);
#5029=ORIENTED_EDGE('',*,*,#10947,.F.);
#5030=ORIENTED_EDGE('',*,*,#10837,.F.);
#5031=ORIENTED_EDGE('',*,*,#10948,.T.);
#5032=ORIENTED_EDGE('',*,*,#10949,.F.);
#5033=ORIENTED_EDGE('',*,*,#10435,.F.);
#5034=ORIENTED_EDGE('',*,*,#10950,.F.);
#5035=CARTESIAN_POINT('',(17.4625,1.143,1.1684));
#5036=DIRECTION('',(-0.0,1.0,0.0));
#5037=DIRECTION('',(1.0,0.0,0.0));
#5038=ORIENTED_EDGE('',*,*,#10951,.F.);
#5039=ORIENTED_EDGE('',*,*,#10847,.F.);
#5040=ORIENTED_EDGE('',*,*,#10952,.T.);
#5041=ORIENTED_EDGE('',*,*,#10953,.T.);
#5042=ORIENTED_EDGE('',*,*,#10954,.T.);
#5043=ORIENTED_EDGE('',*,*,#10429,.F.);
#5044=ORIENTED_EDGE('',*,*,#10955,.F.);
#5045=CARTESIAN_POINT('',(17.4625,1.143,1.1684));
#5046=DIRECTION('',(-0.0,1.0,0.0));
#5047=DIRECTION('',(1.0,0.0,0.0));
#5048=ORIENTED_EDGE('',*,*,#10956,.T.);
#5049=ORIENTED_EDGE('',*,*,#10957,.F.);
#5050=ORIENTED_EDGE('',*,*,#10843,.F.);
#5051=ORIENTED_EDGE('',*,*,#10958,.T.);
#5052=ORIENTED_EDGE('',*,*,#10959,.F.);
#5053=ORIENTED_EDGE('',*,*,#10427,.F.);
#5054=ORIENTED_EDGE('',*,*,#10960,.F.);
#5055=CARTESIAN_POINT('',(17.4625,1.143,1.1684));
#5056=DIRECTION('',(-0.0,1.0,0.0));
#5057=DIRECTION('',(1.0,0.0,0.0));
#5058=ORIENTED_EDGE('',*,*,#10961,.F.);
#5059=ORIENTED_EDGE('',*,*,#10853,.F.);
#5060=ORIENTED_EDGE('',*,*,#10962,.T.);
#5061=ORIENTED_EDGE('',*,*,#10963,.T.);
#5062=ORIENTED_EDGE('',*,*,#10964,.T.);
#5063=ORIENTED_EDGE('',*,*,#10421,.F.);
#5064=ORIENTED_EDGE('',*,*,#10965,.F.);
#5065=CARTESIAN_POINT('',(17.4625,1.143,1.1684));
#5066=DIRECTION('',(-0.0,1.0,0.0));
#5067=DIRECTION('',(1.0,0.0,0.0));
#5068=ORIENTED_EDGE('',*,*,#10966,.T.);
#5069=ORIENTED_EDGE('',*,*,#10967,.F.);
#5070=ORIENTED_EDGE('',*,*,#10849,.F.);
#5071=ORIENTED_EDGE('',*,*,#10968,.T.);
#5072=ORIENTED_EDGE('',*,*,#10969,.F.);
#5073=ORIENTED_EDGE('',*,*,#10419,.F.);
#5074=ORIENTED_EDGE('',*,*,#10970,.F.);
#5075=CARTESIAN_POINT('',(17.4625,1.143,1.1684));
#5076=DIRECTION('',(-0.0,1.0,0.0));
#5077=DIRECTION('',(1.0,0.0,0.0));
#5078=ORIENTED_EDGE('',*,*,#10971,.F.);
#5079=ORIENTED_EDGE('',*,*,#10859,.F.);
#5080=ORIENTED_EDGE('',*,*,#10972,.T.);
#5081=ORIENTED_EDGE('',*,*,#10973,.T.);
#5082=ORIENTED_EDGE('',*,*,#10974,.T.);
#5083=ORIENTED_EDGE('',*,*,#10413,.F.);
#5084=ORIENTED_EDGE('',*,*,#10975,.F.);
#5085=CARTESIAN_POINT('',(17.4625,1.143,1.1684));
#5086=DIRECTION('',(-0.0,1.0,0.0));
#5087=DIRECTION('',(1.0,0.0,0.0));
#5088=ORIENTED_EDGE('',*,*,#10976,.T.);
#5089=ORIENTED_EDGE('',*,*,#10977,.F.);
#5090=ORIENTED_EDGE('',*,*,#10855,.F.);
#5091=ORIENTED_EDGE('',*,*,#10978,.T.);
#5092=ORIENTED_EDGE('',*,*,#10979,.F.);
#5093=ORIENTED_EDGE('',*,*,#10411,.F.);
#5094=ORIENTED_EDGE('',*,*,#10980,.F.);
#5095=CARTESIAN_POINT('',(17.4625,1.143,1.1684));
#5096=DIRECTION('',(-0.0,1.0,0.0));
#5097=DIRECTION('',(1.0,0.0,0.0));
#5098=ORIENTED_EDGE('',*,*,#10981,.F.);
#5099=ORIENTED_EDGE('',*,*,#10865,.F.);
#5100=ORIENTED_EDGE('',*,*,#10982,.T.);
#5101=ORIENTED_EDGE('',*,*,#10983,.T.);
#5102=ORIENTED_EDGE('',*,*,#10984,.T.);
#5103=ORIENTED_EDGE('',*,*,#10405,.F.);
#5104=ORIENTED_EDGE('',*,*,#10985,.F.);
#5105=CARTESIAN_POINT('',(17.4625,1.143,1.1684));
#5106=DIRECTION('',(-0.0,1.0,0.0));
#5107=DIRECTION('',(1.0,0.0,0.0));
#5108=ORIENTED_EDGE('',*,*,#10986,.T.);
#5109=ORIENTED_EDGE('',*,*,#10987,.F.);
#5110=ORIENTED_EDGE('',*,*,#10861,.F.);
#5111=ORIENTED_EDGE('',*,*,#10988,.T.);
#5112=ORIENTED_EDGE('',*,*,#10989,.F.);
#5113=ORIENTED_EDGE('',*,*,#10403,.F.);
#5114=ORIENTED_EDGE('',*,*,#10990,.F.);
#5115=CARTESIAN_POINT('',(17.4625,1.143,1.1684));
#5116=DIRECTION('',(-0.0,1.0,0.0));
#5117=DIRECTION('',(1.0,0.0,0.0));
#5118=ORIENTED_EDGE('',*,*,#10991,.F.);
#5119=ORIENTED_EDGE('',*,*,#10871,.F.);
#5120=ORIENTED_EDGE('',*,*,#10992,.T.);
#5121=ORIENTED_EDGE('',*,*,#10993,.T.);
#5122=ORIENTED_EDGE('',*,*,#10994,.T.);
#5123=ORIENTED_EDGE('',*,*,#10397,.F.);
#5124=ORIENTED_EDGE('',*,*,#10995,.F.);
#5125=CARTESIAN_POINT('',(17.4625,1.143,1.1684));
#5126=DIRECTION('',(-0.0,1.0,0.0));
#5127=DIRECTION('',(1.0,0.0,0.0));
#5128=ORIENTED_EDGE('',*,*,#10996,.T.);
#5129=ORIENTED_EDGE('',*,*,#10997,.F.);
#5130=ORIENTED_EDGE('',*,*,#10867,.F.);
#5131=ORIENTED_EDGE('',*,*,#10998,.T.);
#5132=ORIENTED_EDGE('',*,*,#10999,.F.);
#5133=ORIENTED_EDGE('',*,*,#10395,.F.);
#5134=ORIENTED_EDGE('',*,*,#11000,.F.);
#5135=CARTESIAN_POINT('',(17.4625,1.143,1.1684));
#5136=DIRECTION('',(-0.0,1.0,0.0));
#5137=DIRECTION('',(1.0,0.0,0.0));
#5138=ORIENTED_EDGE('',*,*,#11001,.F.);
#5139=ORIENTED_EDGE('',*,*,#10877,.F.);
#5140=ORIENTED_EDGE('',*,*,#11002,.T.);
#5141=ORIENTED_EDGE('',*,*,#11003,.T.);
#5142=ORIENTED_EDGE('',*,*,#11004,.T.);
#5143=ORIENTED_EDGE('',*,*,#10389,.F.);
#5144=ORIENTED_EDGE('',*,*,#11005,.F.);
#5145=CARTESIAN_POINT('',(17.4625,1.143,1.1684));
#5146=DIRECTION('',(-0.0,1.0,0.0));
#5147=DIRECTION('',(1.0,0.0,0.0));
#5148=ORIENTED_EDGE('',*,*,#11006,.T.);
#5149=ORIENTED_EDGE('',*,*,#11007,.F.);
#5150=ORIENTED_EDGE('',*,*,#10873,.F.);
#5151=ORIENTED_EDGE('',*,*,#11008,.T.);
#5152=ORIENTED_EDGE('',*,*,#11009,.F.);
#5153=ORIENTED_EDGE('',*,*,#10387,.F.);
#5154=ORIENTED_EDGE('',*,*,#11010,.F.);
#5155=CARTESIAN_POINT('',(17.4625,1.143,1.1684));
#5156=DIRECTION('',(-0.0,1.0,0.0));
#5157=DIRECTION('',(1.0,0.0,0.0));
#5158=ORIENTED_EDGE('',*,*,#11011,.F.);
#5159=ORIENTED_EDGE('',*,*,#10883,.F.);
#5160=ORIENTED_EDGE('',*,*,#11012,.T.);
#5161=ORIENTED_EDGE('',*,*,#11013,.T.);
#5162=ORIENTED_EDGE('',*,*,#11014,.T.);
#5163=ORIENTED_EDGE('',*,*,#10381,.F.);
#5164=ORIENTED_EDGE('',*,*,#11015,.F.);
#5165=CARTESIAN_POINT('',(17.4625,1.143,1.1684));
#5166=DIRECTION('',(-0.0,1.0,0.0));
#5167=DIRECTION('',(1.0,0.0,0.0));
#5168=ORIENTED_EDGE('',*,*,#11016,.T.);
#5169=ORIENTED_EDGE('',*,*,#11017,.F.);
#5170=ORIENTED_EDGE('',*,*,#10879,.F.);
#5171=ORIENTED_EDGE('',*,*,#11018,.T.);
#5172=ORIENTED_EDGE('',*,*,#11019,.F.);
#5173=ORIENTED_EDGE('',*,*,#10379,.F.);
#5174=ORIENTED_EDGE('',*,*,#11020,.F.);
#5175=CARTESIAN_POINT('',(17.4625,1.143,1.1684));
#5176=DIRECTION('',(-0.0,1.0,0.0));
#5177=DIRECTION('',(1.0,0.0,0.0));
#5178=ORIENTED_EDGE('',*,*,#11021,.F.);
#5179=ORIENTED_EDGE('',*,*,#10889,.F.);
#5180=ORIENTED_EDGE('',*,*,#11022,.T.);
#5181=ORIENTED_EDGE('',*,*,#11023,.T.);
#5182=ORIENTED_EDGE('',*,*,#11024,.T.);
#5183=ORIENTED_EDGE('',*,*,#10373,.F.);
#5184=ORIENTED_EDGE('',*,*,#11025,.F.);
#5185=CARTESIAN_POINT('',(17.4625,1.143,1.1684));
#5186=DIRECTION('',(-0.0,1.0,0.0));
#5187=DIRECTION('',(1.0,0.0,0.0));
#5188=ORIENTED_EDGE('',*,*,#11026,.T.);
#5189=ORIENTED_EDGE('',*,*,#11027,.F.);
#5190=ORIENTED_EDGE('',*,*,#10885,.F.);
#5191=ORIENTED_EDGE('',*,*,#11028,.T.);
#5192=ORIENTED_EDGE('',*,*,#11029,.F.);
#5193=ORIENTED_EDGE('',*,*,#10371,.F.);
#5194=ORIENTED_EDGE('',*,*,#11030,.F.);
#5195=CARTESIAN_POINT('',(17.4625,1.143,1.1684));
#5196=DIRECTION('',(-0.0,1.0,0.0));
#5197=DIRECTION('',(1.0,0.0,0.0));
#5198=ORIENTED_EDGE('',*,*,#10476,.T.);
#5199=ORIENTED_EDGE('',*,*,#10541,.F.);
#5200=ORIENTED_EDGE('',*,*,#11031,.F.);
#5201=ORIENTED_EDGE('',*,*,#10896,.T.);
#5202=CARTESIAN_POINT('',(16.51,1.143,0.0));
#5203=DIRECTION('',(0.0,-1.0,0.0));
#5204=DIRECTION('',(1.0,0.0,0.0));
#5205=ORIENTED_EDGE('',*,*,#11031,.T.);
#5206=ORIENTED_EDGE('',*,*,#10540,.F.);
#5207=ORIENTED_EDGE('',*,*,#10812,.T.);
#5208=ORIENTED_EDGE('',*,*,#10893,.T.);
#5209=CARTESIAN_POINT('',(16.51,1.143,1.1684));
#5210=DIRECTION('',(1.0,0.0,0.0));
#5211=DIRECTION('',(0.0,1.0,0.0));
#5212=ORIENTED_EDGE('',*,*,#11032,.T.);
#5213=ORIENTED_EDGE('',*,*,#10542,.F.);
#5214=ORIENTED_EDGE('',*,*,#10478,.F.);
#5215=ORIENTED_EDGE('',*,*,#10895,.F.);
#5216=CARTESIAN_POINT('',(17.0307,1.143,-0.484434670518104));
#5217=DIRECTION('',(1.0,0.0,0.0));
#5218=DIRECTION('',(0.0,1.0,0.0));
#5219=ORIENTED_EDGE('',*,*,#10894,.F.);
#5220=ORIENTED_EDGE('',*,*,#10480,.T.);
#5221=ORIENTED_EDGE('',*,*,#10543,.T.);
#5222=ORIENTED_EDGE('',*,*,#11032,.F.);
#5223=CARTESIAN_POINT('',(17.4625,1.143,-1.1684));
#5224=DIRECTION('',(0.0,0.0,-1.0));
#5225=DIRECTION('',(0.0,-1.0,0.0));
#5226=ORIENTED_EDGE('',*,*,#10669,.T.);
#5227=ORIENTED_EDGE('',*,*,#11033,.F.);
#5228=ORIENTED_EDGE('',*,*,#10897,.F.);
#5229=ORIENTED_EDGE('',*,*,#11034,.T.);
#5230=CARTESIAN_POINT('',(17.4625,1.143,-1.1684));
#5231=DIRECTION('',(0.0,0.0,-1.0));
#5232=DIRECTION('',(0.0,-1.0,0.0));
#5233=ORIENTED_EDGE('',*,*,#10903,.F.);
#5234=ORIENTED_EDGE('',*,*,#11035,.T.);
#5235=ORIENTED_EDGE('',*,*,#10679,.T.);
#5236=ORIENTED_EDGE('',*,*,#11036,.F.);
#5237=CARTESIAN_POINT('',(17.4625,1.143,-1.1684));
#5238=DIRECTION('',(0.0,0.0,-1.0));
#5239=DIRECTION('',(0.0,-1.0,0.0));
#5240=ORIENTED_EDGE('',*,*,#10663,.T.);
#5241=ORIENTED_EDGE('',*,*,#11037,.F.);
#5242=ORIENTED_EDGE('',*,*,#10906,.F.);
#5243=ORIENTED_EDGE('',*,*,#11038,.T.);
#5244=CARTESIAN_POINT('',(17.4625,1.143,-1.1684));
#5245=DIRECTION('',(0.0,0.0,-1.0));
#5246=DIRECTION('',(0.0,-1.0,0.0));
#5247=ORIENTED_EDGE('',*,*,#10913,.F.);
#5248=ORIENTED_EDGE('',*,*,#11039,.T.);
#5249=ORIENTED_EDGE('',*,*,#10685,.T.);
#5250=ORIENTED_EDGE('',*,*,#11040,.F.);
#5251=CARTESIAN_POINT('',(17.4625,1.143,-1.1684));
#5252=DIRECTION('',(0.0,0.0,-1.0));
#5253=DIRECTION('',(0.0,-1.0,0.0));
#5254=ORIENTED_EDGE('',*,*,#10657,.T.);
#5255=ORIENTED_EDGE('',*,*,#11041,.F.);
#5256=ORIENTED_EDGE('',*,*,#10916,.F.);
#5257=ORIENTED_EDGE('',*,*,#11042,.T.);
#5258=CARTESIAN_POINT('',(17.4625,1.143,-1.1684));
#5259=DIRECTION('',(0.0,0.0,-1.0));
#5260=DIRECTION('',(0.0,-1.0,0.0));
#5261=ORIENTED_EDGE('',*,*,#10923,.F.);
#5262=ORIENTED_EDGE('',*,*,#11043,.T.);
#5263=ORIENTED_EDGE('',*,*,#10691,.T.);
#5264=ORIENTED_EDGE('',*,*,#11044,.F.);
#5265=CARTESIAN_POINT('',(17.4625,1.143,-1.1684));
#5266=DIRECTION('',(0.0,0.0,-1.0));
#5267=DIRECTION('',(0.0,-1.0,0.0));
#5268=ORIENTED_EDGE('',*,*,#10651,.T.);
#5269=ORIENTED_EDGE('',*,*,#11045,.F.);
#5270=ORIENTED_EDGE('',*,*,#10926,.F.);
#5271=ORIENTED_EDGE('',*,*,#11046,.T.);
#5272=CARTESIAN_POINT('',(17.4625,1.143,-1.1684));
#5273=DIRECTION('',(0.0,0.0,-1.0));
#5274=DIRECTION('',(0.0,-1.0,0.0));
#5275=ORIENTED_EDGE('',*,*,#10933,.F.);
#5276=ORIENTED_EDGE('',*,*,#11047,.T.);
#5277=ORIENTED_EDGE('',*,*,#10697,.T.);
#5278=ORIENTED_EDGE('',*,*,#11048,.F.);
#5279=CARTESIAN_POINT('',(17.4625,1.143,-1.1684));
#5280=DIRECTION('',(0.0,0.0,-1.0));
#5281=DIRECTION('',(0.0,-1.0,0.0));
#5282=ORIENTED_EDGE('',*,*,#10645,.T.);
#5283=ORIENTED_EDGE('',*,*,#11049,.F.);
#5284=ORIENTED_EDGE('',*,*,#10936,.F.);
#5285=ORIENTED_EDGE('',*,*,#11050,.T.);
#5286=CARTESIAN_POINT('',(17.4625,1.143,-1.1684));
#5287=DIRECTION('',(0.0,0.0,-1.0));
#5288=DIRECTION('',(0.0,-1.0,0.0));
#5289=ORIENTED_EDGE('',*,*,#10943,.F.);
#5290=ORIENTED_EDGE('',*,*,#11051,.T.);
#5291=ORIENTED_EDGE('',*,*,#10703,.T.);
#5292=ORIENTED_EDGE('',*,*,#11052,.F.);
#5293=CARTESIAN_POINT('',(17.4625,1.143,-1.1684));
#5294=DIRECTION('',(0.0,0.0,-1.0));
#5295=DIRECTION('',(0.0,-1.0,0.0));
#5296=ORIENTED_EDGE('',*,*,#10639,.T.);
#5297=ORIENTED_EDGE('',*,*,#11053,.F.);
#5298=ORIENTED_EDGE('',*,*,#10946,.F.);
#5299=ORIENTED_EDGE('',*,*,#11054,.T.);
#5300=CARTESIAN_POINT('',(17.4625,1.143,-1.1684));
#5301=DIRECTION('',(0.0,0.0,-1.0));
#5302=DIRECTION('',(0.0,-1.0,0.0));
#5303=ORIENTED_EDGE('',*,*,#10953,.F.);
#5304=ORIENTED_EDGE('',*,*,#11055,.T.);
#5305=ORIENTED_EDGE('',*,*,#10709,.T.);
#5306=ORIENTED_EDGE('',*,*,#11056,.F.);
#5307=CARTESIAN_POINT('',(17.4625,1.143,-1.1684));
#5308=DIRECTION('',(0.0,0.0,-1.0));
#5309=DIRECTION('',(0.0,-1.0,0.0));
#5310=ORIENTED_EDGE('',*,*,#10633,.T.);
#5311=ORIENTED_EDGE('',*,*,#11057,.F.);
#5312=ORIENTED_EDGE('',*,*,#10956,.F.);
#5313=ORIENTED_EDGE('',*,*,#11058,.T.);
#5314=CARTESIAN_POINT('',(17.4625,1.143,-1.1684));
#5315=DIRECTION('',(0.0,0.0,-1.0));
#5316=DIRECTION('',(0.0,-1.0,0.0));
#5317=ORIENTED_EDGE('',*,*,#10963,.F.);
#5318=ORIENTED_EDGE('',*,*,#11059,.T.);
#5319=ORIENTED_EDGE('',*,*,#10715,.T.);
#5320=ORIENTED_EDGE('',*,*,#11060,.F.);
#5321=CARTESIAN_POINT('',(17.4625,1.143,-1.1684));
#5322=DIRECTION('',(0.0,0.0,-1.0));
#5323=DIRECTION('',(0.0,-1.0,0.0));
#5324=ORIENTED_EDGE('',*,*,#10627,.T.);
#5325=ORIENTED_EDGE('',*,*,#11061,.F.);
#5326=ORIENTED_EDGE('',*,*,#10966,.F.);
#5327=ORIENTED_EDGE('',*,*,#11062,.T.);
#5328=CARTESIAN_POINT('',(17.4625,1.143,-1.1684));
#5329=DIRECTION('',(0.0,0.0,-1.0));
#5330=DIRECTION('',(0.0,-1.0,0.0));
#5331=ORIENTED_EDGE('',*,*,#10973,.F.);
#5332=ORIENTED_EDGE('',*,*,#11063,.T.);
#5333=ORIENTED_EDGE('',*,*,#10721,.T.);
#5334=ORIENTED_EDGE('',*,*,#11064,.F.);
#5335=CARTESIAN_POINT('',(17.4625,1.143,-1.1684));
#5336=DIRECTION('',(0.0,0.0,-1.0));
#5337=DIRECTION('',(0.0,-1.0,0.0));
#5338=ORIENTED_EDGE('',*,*,#10621,.T.);
#5339=ORIENTED_EDGE('',*,*,#11065,.F.);
#5340=ORIENTED_EDGE('',*,*,#10976,.F.);
#5341=ORIENTED_EDGE('',*,*,#11066,.T.);
#5342=CARTESIAN_POINT('',(17.4625,1.143,-1.1684));
#5343=DIRECTION('',(0.0,0.0,-1.0));
#5344=DIRECTION('',(0.0,-1.0,0.0));
#5345=ORIENTED_EDGE('',*,*,#10983,.F.);
#5346=ORIENTED_EDGE('',*,*,#11067,.T.);
#5347=ORIENTED_EDGE('',*,*,#10727,.T.);
#5348=ORIENTED_EDGE('',*,*,#11068,.F.);
#5349=CARTESIAN_POINT('',(17.4625,1.143,-1.1684));
#5350=DIRECTION('',(0.0,0.0,-1.0));
#5351=DIRECTION('',(0.0,-1.0,0.0));
#5352=ORIENTED_EDGE('',*,*,#10615,.T.);
#5353=ORIENTED_EDGE('',*,*,#11069,.F.);
#5354=ORIENTED_EDGE('',*,*,#10986,.F.);
#5355=ORIENTED_EDGE('',*,*,#11070,.T.);
#5356=CARTESIAN_POINT('',(17.4625,1.143,-1.1684));
#5357=DIRECTION('',(0.0,0.0,-1.0));
#5358=DIRECTION('',(0.0,-1.0,0.0));
#5359=ORIENTED_EDGE('',*,*,#10993,.F.);
#5360=ORIENTED_EDGE('',*,*,#11071,.T.);
#5361=ORIENTED_EDGE('',*,*,#10733,.T.);
#5362=ORIENTED_EDGE('',*,*,#11072,.F.);
#5363=CARTESIAN_POINT('',(17.4625,1.143,-1.1684));
#5364=DIRECTION('',(0.0,0.0,-1.0));
#5365=DIRECTION('',(0.0,-1.0,0.0));
#5366=ORIENTED_EDGE('',*,*,#10609,.T.);
#5367=ORIENTED_EDGE('',*,*,#11073,.F.);
#5368=ORIENTED_EDGE('',*,*,#10996,.F.);
#5369=ORIENTED_EDGE('',*,*,#11074,.T.);
#5370=CARTESIAN_POINT('',(17.4625,1.143,-1.1684));
#5371=DIRECTION('',(0.0,0.0,-1.0));
#5372=DIRECTION('',(0.0,-1.0,0.0));
#5373=ORIENTED_EDGE('',*,*,#11003,.F.);
#5374=ORIENTED_EDGE('',*,*,#11075,.T.);
#5375=ORIENTED_EDGE('',*,*,#10739,.T.);
#5376=ORIENTED_EDGE('',*,*,#11076,.F.);
#5377=CARTESIAN_POINT('',(17.4625,1.143,-1.1684));
#5378=DIRECTION('',(0.0,0.0,-1.0));
#5379=DIRECTION('',(0.0,-1.0,0.0));
#5380=ORIENTED_EDGE('',*,*,#10603,.T.);
#5381=ORIENTED_EDGE('',*,*,#11077,.F.);
#5382=ORIENTED_EDGE('',*,*,#11006,.F.);
#5383=ORIENTED_EDGE('',*,*,#11078,.T.);
#5384=CARTESIAN_POINT('',(17.4625,1.143,-1.1684));
#5385=DIRECTION('',(0.0,0.0,-1.0));
#5386=DIRECTION('',(0.0,-1.0,0.0));
#5387=ORIENTED_EDGE('',*,*,#11013,.F.);
#5388=ORIENTED_EDGE('',*,*,#11079,.T.);
#5389=ORIENTED_EDGE('',*,*,#10745,.T.);
#5390=ORIENTED_EDGE('',*,*,#11080,.F.);
#5391=CARTESIAN_POINT('',(17.4625,1.143,-1.1684));
#5392=DIRECTION('',(0.0,0.0,-1.0));
#5393=DIRECTION('',(0.0,-1.0,0.0));
#5394=ORIENTED_EDGE('',*,*,#10597,.T.);
#5395=ORIENTED_EDGE('',*,*,#11081,.F.);
#5396=ORIENTED_EDGE('',*,*,#11016,.F.);
#5397=ORIENTED_EDGE('',*,*,#11082,.T.);
#5398=CARTESIAN_POINT('',(17.4625,1.143,-1.1684));
#5399=DIRECTION('',(0.0,0.0,-1.0));
#5400=DIRECTION('',(0.0,-1.0,0.0));
#5401=ORIENTED_EDGE('',*,*,#11023,.F.);
#5402=ORIENTED_EDGE('',*,*,#11083,.T.);
#5403=ORIENTED_EDGE('',*,*,#10751,.T.);
#5404=ORIENTED_EDGE('',*,*,#11084,.F.);
#5405=CARTESIAN_POINT('',(17.4625,1.143,-1.1684));
#5406=DIRECTION('',(0.0,0.0,-1.0));
#5407=DIRECTION('',(0.0,-1.0,0.0));
#5408=ORIENTED_EDGE('',*,*,#10591,.T.);
#5409=ORIENTED_EDGE('',*,*,#11085,.F.);
#5410=ORIENTED_EDGE('',*,*,#11026,.F.);
#5411=ORIENTED_EDGE('',*,*,#11086,.T.);
#5412=CARTESIAN_POINT('',(17.4625,1.143,-1.1684));
#5413=DIRECTION('',(0.0,0.0,-1.0));
#5414=DIRECTION('',(0.0,-1.0,0.0));
#5415=ORIENTED_EDGE('',*,*,#10474,.T.);
#5416=ORIENTED_EDGE('',*,*,#10670,.F.);
#5417=ORIENTED_EDGE('',*,*,#11034,.F.);
#5418=ORIENTED_EDGE('',*,*,#10900,.T.);
#5419=CARTESIAN_POINT('',(16.51,1.143,-1.1684));
#5420=DIRECTION('',(-1.0,0.0,0.0));
#5421=DIRECTION('',(0.0,0.0,1.0));
#5422=ORIENTED_EDGE('',*,*,#10472,.T.);
#5423=ORIENTED_EDGE('',*,*,#10899,.T.);
#5424=ORIENTED_EDGE('',*,*,#10891,.T.);
#5425=ORIENTED_EDGE('',*,*,#10671,.F.);
#5426=CARTESIAN_POINT('',(16.51,1.143,0.0));
#5427=DIRECTION('',(0.0,-1.0,0.0));
#5428=DIRECTION('',(1.0,0.0,0.0));
#5429=ORIENTED_EDGE('',*,*,#11033,.T.);
#5430=ORIENTED_EDGE('',*,*,#10668,.F.);
#5431=ORIENTED_EDGE('',*,*,#10809,.T.);
#5432=ORIENTED_EDGE('',*,*,#10898,.T.);
#5433=CARTESIAN_POINT('',(15.5575,0.9398,1.2446));
#5434=DIRECTION('',(1.0,0.0,0.0));
#5435=DIRECTION('',(0.0,1.0,0.0));
#5436=ORIENTED_EDGE('',*,*,#11036,.T.);
#5437=ORIENTED_EDGE('',*,*,#10678,.F.);
#5438=ORIENTED_EDGE('',*,*,#10470,.F.);
#5439=ORIENTED_EDGE('',*,*,#10904,.F.);
#5440=CARTESIAN_POINT('',(14.4907,1.143,-0.484434670518104));
#5441=DIRECTION('',(1.0,0.0,0.0));
#5442=DIRECTION('',(0.0,1.0,0.0));
#5443=ORIENTED_EDGE('',*,*,#10468,.T.);
#5444=ORIENTED_EDGE('',*,*,#10677,.F.);
#5445=ORIENTED_EDGE('',*,*,#11087,.F.);
#5446=ORIENTED_EDGE('',*,*,#10905,.T.);
#5447=CARTESIAN_POINT('',(13.97,1.143,0.0));
#5448=DIRECTION('',(0.0,-1.0,0.0));
#5449=DIRECTION('',(1.0,0.0,0.0));
#5450=ORIENTED_EDGE('',*,*,#11087,.T.);
#5451=ORIENTED_EDGE('',*,*,#10676,.F.);
#5452=ORIENTED_EDGE('',*,*,#10818,.T.);
#5453=ORIENTED_EDGE('',*,*,#10901,.T.);
#5454=CARTESIAN_POINT('',(13.97,1.143,1.1684));
#5455=DIRECTION('',(1.0,0.0,0.0));
#5456=DIRECTION('',(0.0,1.0,0.0));
#5457=ORIENTED_EDGE('',*,*,#10816,.F.);
#5458=ORIENTED_EDGE('',*,*,#10674,.T.);
#5459=ORIENTED_EDGE('',*,*,#11035,.F.);
#5460=ORIENTED_EDGE('',*,*,#10902,.F.);
#5461=CARTESIAN_POINT('',(14.9225,1.1938,1.2446));
#5462=DIRECTION('',(-1.0,0.0,0.0));
#5463=DIRECTION('',(0.0,0.0,1.0));
#5464=ORIENTED_EDGE('',*,*,#10466,.T.);
#5465=ORIENTED_EDGE('',*,*,#10664,.F.);
#5466=ORIENTED_EDGE('',*,*,#11038,.F.);
#5467=ORIENTED_EDGE('',*,*,#10910,.T.);
#5468=CARTESIAN_POINT('',(13.97,1.143,-1.1684));
#5469=DIRECTION('',(-1.0,0.0,0.0));
#5470=DIRECTION('',(0.0,0.0,1.0));
#5471=ORIENTED_EDGE('',*,*,#10464,.T.);
#5472=ORIENTED_EDGE('',*,*,#10909,.T.);
#5473=ORIENTED_EDGE('',*,*,#11088,.T.);
#5474=ORIENTED_EDGE('',*,*,#10665,.F.);
#5475=CARTESIAN_POINT('',(13.97,1.143,0.0));
#5476=DIRECTION('',(0.0,-1.0,0.0));
#5477=DIRECTION('',(1.0,0.0,0.0));
#5478=ORIENTED_EDGE('',*,*,#10815,.F.);
#5479=ORIENTED_EDGE('',*,*,#10666,.F.);
#5480=ORIENTED_EDGE('',*,*,#11088,.F.);
#5481=ORIENTED_EDGE('',*,*,#10908,.F.);
#5482=CARTESIAN_POINT('',(13.4493,1.143,0.484434670518104));
#5483=DIRECTION('',(-1.0,0.0,0.0));
#5484=DIRECTION('',(0.0,0.0,1.0));
#5485=ORIENTED_EDGE('',*,*,#11037,.T.);
#5486=ORIENTED_EDGE('',*,*,#10662,.F.);
#5487=ORIENTED_EDGE('',*,*,#10814,.T.);
#5488=ORIENTED_EDGE('',*,*,#10907,.T.);
#5489=CARTESIAN_POINT('',(13.0175,0.9398,1.2446));
#5490=DIRECTION('',(1.0,0.0,0.0));
#5491=DIRECTION('',(0.0,1.0,0.0));
#5492=ORIENTED_EDGE('',*,*,#11040,.T.);
#5493=ORIENTED_EDGE('',*,*,#10684,.F.);
#5494=ORIENTED_EDGE('',*,*,#10462,.F.);
#5495=ORIENTED_EDGE('',*,*,#10914,.F.);
#5496=CARTESIAN_POINT('',(11.9507,1.143,-0.484434670518104));
#5497=DIRECTION('',(1.0,0.0,0.0));
#5498=DIRECTION('',(0.0,1.0,0.0));
#5499=ORIENTED_EDGE('',*,*,#10460,.T.);
#5500=ORIENTED_EDGE('',*,*,#10683,.F.);
#5501=ORIENTED_EDGE('',*,*,#11089,.F.);
#5502=ORIENTED_EDGE('',*,*,#10915,.T.);
#5503=CARTESIAN_POINT('',(11.43,1.143,0.0));
#5504=DIRECTION('',(0.0,-1.0,0.0));
#5505=DIRECTION('',(1.0,0.0,0.0));
#5506=ORIENTED_EDGE('',*,*,#11089,.T.);
#5507=ORIENTED_EDGE('',*,*,#10682,.F.);
#5508=ORIENTED_EDGE('',*,*,#10824,.T.);
#5509=ORIENTED_EDGE('',*,*,#10911,.T.);
#5510=CARTESIAN_POINT('',(11.43,1.143,1.1684));
#5511=DIRECTION('',(1.0,0.0,0.0));
#5512=DIRECTION('',(0.0,1.0,0.0));
#5513=ORIENTED_EDGE('',*,*,#10822,.F.);
#5514=ORIENTED_EDGE('',*,*,#10680,.T.);
#5515=ORIENTED_EDGE('',*,*,#11039,.F.);
#5516=ORIENTED_EDGE('',*,*,#10912,.F.);
#5517=CARTESIAN_POINT('',(12.3825,1.1938,1.2446));
#5518=DIRECTION('',(-1.0,0.0,0.0));
#5519=DIRECTION('',(0.0,0.0,1.0));
#5520=ORIENTED_EDGE('',*,*,#10458,.T.);
#5521=ORIENTED_EDGE('',*,*,#10658,.F.);
#5522=ORIENTED_EDGE('',*,*,#11042,.F.);
#5523=ORIENTED_EDGE('',*,*,#10920,.T.);
#5524=CARTESIAN_POINT('',(11.43,1.143,-1.1684));
#5525=DIRECTION('',(-1.0,0.0,0.0));
#5526=DIRECTION('',(0.0,0.0,1.0));
#5527=ORIENTED_EDGE('',*,*,#10456,.T.);
#5528=ORIENTED_EDGE('',*,*,#10919,.T.);
#5529=ORIENTED_EDGE('',*,*,#11090,.T.);
#5530=ORIENTED_EDGE('',*,*,#10659,.F.);
#5531=CARTESIAN_POINT('',(11.43,1.143,0.0));
#5532=DIRECTION('',(0.0,-1.0,0.0));
#5533=DIRECTION('',(1.0,0.0,0.0));
#5534=ORIENTED_EDGE('',*,*,#10821,.F.);
#5535=ORIENTED_EDGE('',*,*,#10660,.F.);
#5536=ORIENTED_EDGE('',*,*,#11090,.F.);
#5537=ORIENTED_EDGE('',*,*,#10918,.F.);
#5538=CARTESIAN_POINT('',(10.9093,1.143,0.484434670518104));
#5539=DIRECTION('',(-1.0,0.0,0.0));
#5540=DIRECTION('',(0.0,0.0,1.0));
#5541=ORIENTED_EDGE('',*,*,#11041,.T.);
#5542=ORIENTED_EDGE('',*,*,#10656,.F.);
#5543=ORIENTED_EDGE('',*,*,#10820,.T.);
#5544=ORIENTED_EDGE('',*,*,#10917,.T.);
#5545=CARTESIAN_POINT('',(10.4775,0.9398,1.2446));
#5546=DIRECTION('',(1.0,0.0,0.0));
#5547=DIRECTION('',(0.0,1.0,0.0));
#5548=ORIENTED_EDGE('',*,*,#11044,.T.);
#5549=ORIENTED_EDGE('',*,*,#10690,.F.);
#5550=ORIENTED_EDGE('',*,*,#10454,.F.);
#5551=ORIENTED_EDGE('',*,*,#10924,.F.);
#5552=CARTESIAN_POINT('',(9.4107,1.143,-0.484434670518104));
#5553=DIRECTION('',(1.0,0.0,0.0));
#5554=DIRECTION('',(0.0,1.0,0.0));
#5555=ORIENTED_EDGE('',*,*,#10452,.T.);
#5556=ORIENTED_EDGE('',*,*,#10689,.F.);
#5557=ORIENTED_EDGE('',*,*,#11091,.F.);
#5558=ORIENTED_EDGE('',*,*,#10925,.T.);
#5559=CARTESIAN_POINT('',(8.89,1.143,0.0));
#5560=DIRECTION('',(0.0,-1.0,0.0));
#5561=DIRECTION('',(1.0,0.0,0.0));
#5562=ORIENTED_EDGE('',*,*,#11091,.T.);
#5563=ORIENTED_EDGE('',*,*,#10688,.F.);
#5564=ORIENTED_EDGE('',*,*,#10830,.T.);
#5565=ORIENTED_EDGE('',*,*,#10921,.T.);
#5566=CARTESIAN_POINT('',(8.89,1.143,1.1684));
#5567=DIRECTION('',(1.0,0.0,0.0));
#5568=DIRECTION('',(0.0,1.0,0.0));
#5569=ORIENTED_EDGE('',*,*,#10828,.F.);
#5570=ORIENTED_EDGE('',*,*,#10686,.T.);
#5571=ORIENTED_EDGE('',*,*,#11043,.F.);
#5572=ORIENTED_EDGE('',*,*,#10922,.F.);
#5573=CARTESIAN_POINT('',(9.8425,1.1938,1.2446));
#5574=DIRECTION('',(-1.0,0.0,0.0));
#5575=DIRECTION('',(0.0,0.0,1.0));
#5576=ORIENTED_EDGE('',*,*,#10450,.T.);
#5577=ORIENTED_EDGE('',*,*,#10652,.F.);
#5578=ORIENTED_EDGE('',*,*,#11046,.F.);
#5579=ORIENTED_EDGE('',*,*,#10930,.T.);
#5580=CARTESIAN_POINT('',(8.89,1.143,-1.1684));
#5581=DIRECTION('',(-1.0,0.0,0.0));
#5582=DIRECTION('',(0.0,0.0,1.0));
#5583=ORIENTED_EDGE('',*,*,#10448,.T.);
#5584=ORIENTED_EDGE('',*,*,#10929,.T.);
#5585=ORIENTED_EDGE('',*,*,#11092,.T.);
#5586=ORIENTED_EDGE('',*,*,#10653,.F.);
#5587=CARTESIAN_POINT('',(8.89,1.143,0.0));
#5588=DIRECTION('',(0.0,-1.0,0.0));
#5589=DIRECTION('',(1.0,0.0,0.0));
#5590=ORIENTED_EDGE('',*,*,#10827,.F.);
#5591=ORIENTED_EDGE('',*,*,#10654,.F.);
#5592=ORIENTED_EDGE('',*,*,#11092,.F.);
#5593=ORIENTED_EDGE('',*,*,#10928,.F.);
#5594=CARTESIAN_POINT('',(8.3693,1.143,0.484434670518104));
#5595=DIRECTION('',(-1.0,0.0,0.0));
#5596=DIRECTION('',(0.0,0.0,1.0));
#5597=ORIENTED_EDGE('',*,*,#11045,.T.);
#5598=ORIENTED_EDGE('',*,*,#10650,.F.);
#5599=ORIENTED_EDGE('',*,*,#10826,.T.);
#5600=ORIENTED_EDGE('',*,*,#10927,.T.);
#5601=CARTESIAN_POINT('',(7.9375,0.9398,1.2446));
#5602=DIRECTION('',(1.0,0.0,0.0));
#5603=DIRECTION('',(0.0,1.0,0.0));
#5604=ORIENTED_EDGE('',*,*,#11048,.T.);
#5605=ORIENTED_EDGE('',*,*,#10696,.F.);
#5606=ORIENTED_EDGE('',*,*,#10446,.F.);
#5607=ORIENTED_EDGE('',*,*,#10934,.F.);
#5608=CARTESIAN_POINT('',(6.8707,1.143,-0.484434670518104));
#5609=DIRECTION('',(1.0,0.0,0.0));
#5610=DIRECTION('',(0.0,1.0,0.0));
#5611=ORIENTED_EDGE('',*,*,#10444,.T.);
#5612=ORIENTED_EDGE('',*,*,#10695,.F.);
#5613=ORIENTED_EDGE('',*,*,#11093,.F.);
#5614=ORIENTED_EDGE('',*,*,#10935,.T.);
#5615=CARTESIAN_POINT('',(6.35,1.143,0.0));
#5616=DIRECTION('',(0.0,-1.0,0.0));
#5617=DIRECTION('',(1.0,0.0,0.0));
#5618=ORIENTED_EDGE('',*,*,#11093,.T.);
#5619=ORIENTED_EDGE('',*,*,#10694,.F.);
#5620=ORIENTED_EDGE('',*,*,#10836,.T.);
#5621=ORIENTED_EDGE('',*,*,#10931,.T.);
#5622=CARTESIAN_POINT('',(6.35,1.143,1.1684));
#5623=DIRECTION('',(1.0,0.0,0.0));
#5624=DIRECTION('',(0.0,1.0,0.0));
#5625=ORIENTED_EDGE('',*,*,#10834,.F.);
#5626=ORIENTED_EDGE('',*,*,#10692,.T.);
#5627=ORIENTED_EDGE('',*,*,#11047,.F.);
#5628=ORIENTED_EDGE('',*,*,#10932,.F.);
#5629=CARTESIAN_POINT('',(7.3025,1.1938,1.2446));
#5630=DIRECTION('',(-1.0,0.0,0.0));
#5631=DIRECTION('',(0.0,0.0,1.0));
#5632=ORIENTED_EDGE('',*,*,#10442,.T.);
#5633=ORIENTED_EDGE('',*,*,#10646,.F.);
#5634=ORIENTED_EDGE('',*,*,#11050,.F.);
#5635=ORIENTED_EDGE('',*,*,#10940,.T.);
#5636=CARTESIAN_POINT('',(6.35,1.143,-1.1684));
#5637=DIRECTION('',(-1.0,0.0,0.0));
#5638=DIRECTION('',(0.0,0.0,1.0));
#5639=ORIENTED_EDGE('',*,*,#10440,.T.);
#5640=ORIENTED_EDGE('',*,*,#10939,.T.);
#5641=ORIENTED_EDGE('',*,*,#11094,.T.);
#5642=ORIENTED_EDGE('',*,*,#10647,.F.);
#5643=CARTESIAN_POINT('',(6.35,1.143,0.0));
#5644=DIRECTION('',(0.0,-1.0,0.0));
#5645=DIRECTION('',(1.0,0.0,0.0));
#5646=ORIENTED_EDGE('',*,*,#10833,.F.);
#5647=ORIENTED_EDGE('',*,*,#10648,.F.);
#5648=ORIENTED_EDGE('',*,*,#11094,.F.);
#5649=ORIENTED_EDGE('',*,*,#10938,.F.);
#5650=CARTESIAN_POINT('',(5.8293,1.143,0.484434670518104));
#5651=DIRECTION('',(-1.0,0.0,0.0));
#5652=DIRECTION('',(0.0,0.0,1.0));
#5653=ORIENTED_EDGE('',*,*,#11049,.T.);
#5654=ORIENTED_EDGE('',*,*,#10644,.F.);
#5655=ORIENTED_EDGE('',*,*,#10832,.T.);
#5656=ORIENTED_EDGE('',*,*,#10937,.T.);
#5657=CARTESIAN_POINT('',(5.3975,0.9398,1.2446));
#5658=DIRECTION('',(1.0,0.0,0.0));
#5659=DIRECTION('',(0.0,1.0,0.0));
#5660=ORIENTED_EDGE('',*,*,#11052,.T.);
#5661=ORIENTED_EDGE('',*,*,#10702,.F.);
#5662=ORIENTED_EDGE('',*,*,#10438,.F.);
#5663=ORIENTED_EDGE('',*,*,#10944,.F.);
#5664=CARTESIAN_POINT('',(4.3307,1.143,-0.484434670518104));
#5665=DIRECTION('',(1.0,0.0,0.0));
#5666=DIRECTION('',(0.0,1.0,0.0));
#5667=ORIENTED_EDGE('',*,*,#10436,.T.);
#5668=ORIENTED_EDGE('',*,*,#10701,.F.);
#5669=ORIENTED_EDGE('',*,*,#11095,.F.);
#5670=ORIENTED_EDGE('',*,*,#10945,.T.);
#5671=CARTESIAN_POINT('',(3.81,1.143,0.0));
#5672=DIRECTION('',(0.0,-1.0,0.0));
#5673=DIRECTION('',(1.0,0.0,0.0));
#5674=ORIENTED_EDGE('',*,*,#11095,.T.);
#5675=ORIENTED_EDGE('',*,*,#10700,.F.);
#5676=ORIENTED_EDGE('',*,*,#10842,.T.);
#5677=ORIENTED_EDGE('',*,*,#10941,.T.);
#5678=CARTESIAN_POINT('',(3.81,1.143,1.1684));
#5679=DIRECTION('',(1.0,0.0,0.0));
#5680=DIRECTION('',(0.0,1.0,0.0));
#5681=ORIENTED_EDGE('',*,*,#10840,.F.);
#5682=ORIENTED_EDGE('',*,*,#10698,.T.);
#5683=ORIENTED_EDGE('',*,*,#11051,.F.);
#5684=ORIENTED_EDGE('',*,*,#10942,.F.);
#5685=CARTESIAN_POINT('',(4.7625,1.1938,1.2446));
#5686=DIRECTION('',(-1.0,0.0,0.0));
#5687=DIRECTION('',(0.0,0.0,1.0));
#5688=ORIENTED_EDGE('',*,*,#10434,.T.);
#5689=ORIENTED_EDGE('',*,*,#10640,.F.);
#5690=ORIENTED_EDGE('',*,*,#11054,.F.);
#5691=ORIENTED_EDGE('',*,*,#10950,.T.);
#5692=CARTESIAN_POINT('',(3.81,1.143,-1.1684));
#5693=DIRECTION('',(-1.0,0.0,0.0));
#5694=DIRECTION('',(0.0,0.0,1.0));
#5695=ORIENTED_EDGE('',*,*,#10432,.T.);
#5696=ORIENTED_EDGE('',*,*,#10949,.T.);
#5697=ORIENTED_EDGE('',*,*,#11096,.T.);
#5698=ORIENTED_EDGE('',*,*,#10641,.F.);
#5699=CARTESIAN_POINT('',(3.81,1.143,0.0));
#5700=DIRECTION('',(0.0,-1.0,0.0));
#5701=DIRECTION('',(1.0,0.0,0.0));
#5702=ORIENTED_EDGE('',*,*,#10839,.F.);
#5703=ORIENTED_EDGE('',*,*,#10642,.F.);
#5704=ORIENTED_EDGE('',*,*,#11096,.F.);
#5705=ORIENTED_EDGE('',*,*,#10948,.F.);
#5706=CARTESIAN_POINT('',(3.2893,1.143,0.484434670518104));
#5707=DIRECTION('',(-1.0,0.0,0.0));
#5708=DIRECTION('',(0.0,0.0,1.0));
#5709=ORIENTED_EDGE('',*,*,#11053,.T.);
#5710=ORIENTED_EDGE('',*,*,#10638,.F.);
#5711=ORIENTED_EDGE('',*,*,#10838,.T.);
#5712=ORIENTED_EDGE('',*,*,#10947,.T.);
#5713=CARTESIAN_POINT('',(2.8575,0.9398,1.2446));
#5714=DIRECTION('',(1.0,0.0,0.0));
#5715=DIRECTION('',(0.0,1.0,0.0));
#5716=ORIENTED_EDGE('',*,*,#11056,.T.);
#5717=ORIENTED_EDGE('',*,*,#10708,.F.);
#5718=ORIENTED_EDGE('',*,*,#10430,.F.);
#5719=ORIENTED_EDGE('',*,*,#10954,.F.);
#5720=CARTESIAN_POINT('',(1.7907,1.143,-0.484434670518104));
#5721=DIRECTION('',(1.0,0.0,0.0));
#5722=DIRECTION('',(0.0,1.0,0.0));
#5723=ORIENTED_EDGE('',*,*,#10428,.T.);
#5724=ORIENTED_EDGE('',*,*,#10707,.F.);
#5725=ORIENTED_EDGE('',*,*,#11097,.F.);
#5726=ORIENTED_EDGE('',*,*,#10955,.T.);
#5727=CARTESIAN_POINT('',(1.27,1.143,0.0));
#5728=DIRECTION('',(0.0,-1.0,0.0));
#5729=DIRECTION('',(1.0,0.0,0.0));
#5730=ORIENTED_EDGE('',*,*,#11097,.T.);
#5731=ORIENTED_EDGE('',*,*,#10706,.F.);
#5732=ORIENTED_EDGE('',*,*,#10848,.T.);
#5733=ORIENTED_EDGE('',*,*,#10951,.T.);
#5734=CARTESIAN_POINT('',(1.27,1.143,1.1684));
#5735=DIRECTION('',(1.0,0.0,0.0));
#5736=DIRECTION('',(0.0,1.0,0.0));
#5737=ORIENTED_EDGE('',*,*,#10846,.F.);
#5738=ORIENTED_EDGE('',*,*,#10704,.T.);
#5739=ORIENTED_EDGE('',*,*,#11055,.F.);
#5740=ORIENTED_EDGE('',*,*,#10952,.F.);
#5741=CARTESIAN_POINT('',(2.2225,1.1938,1.2446));
#5742=DIRECTION('',(-1.0,0.0,0.0));
#5743=DIRECTION('',(0.0,0.0,1.0));
#5744=ORIENTED_EDGE('',*,*,#10426,.T.);
#5745=ORIENTED_EDGE('',*,*,#10634,.F.);
#5746=ORIENTED_EDGE('',*,*,#11058,.F.);
#5747=ORIENTED_EDGE('',*,*,#10960,.T.);
#5748=CARTESIAN_POINT('',(1.27,1.143,-1.1684));
#5749=DIRECTION('',(-1.0,0.0,0.0));
#5750=DIRECTION('',(0.0,0.0,1.0));
#5751=ORIENTED_EDGE('',*,*,#10424,.T.);
#5752=ORIENTED_EDGE('',*,*,#10959,.T.);
#5753=ORIENTED_EDGE('',*,*,#11098,.T.);
#5754=ORIENTED_EDGE('',*,*,#10635,.F.);
#5755=CARTESIAN_POINT('',(1.27,1.143,0.0));
#5756=DIRECTION('',(0.0,-1.0,0.0));
#5757=DIRECTION('',(1.0,0.0,0.0));
#5758=ORIENTED_EDGE('',*,*,#10845,.F.);
#5759=ORIENTED_EDGE('',*,*,#10636,.F.);
#5760=ORIENTED_EDGE('',*,*,#11098,.F.);
#5761=ORIENTED_EDGE('',*,*,#10958,.F.);
#5762=CARTESIAN_POINT('',(0.7493,1.143,0.484434670518104));
#5763=DIRECTION('',(-1.0,0.0,0.0));
#5764=DIRECTION('',(0.0,0.0,1.0));
#5765=ORIENTED_EDGE('',*,*,#11057,.T.);
#5766=ORIENTED_EDGE('',*,*,#10632,.F.);
#5767=ORIENTED_EDGE('',*,*,#10844,.T.);
#5768=ORIENTED_EDGE('',*,*,#10957,.T.);
#5769=CARTESIAN_POINT('',(0.3175,0.9398,1.2446));
#5770=DIRECTION('',(1.0,0.0,0.0));
#5771=DIRECTION('',(0.0,1.0,0.0));
#5772=ORIENTED_EDGE('',*,*,#11060,.T.);
#5773=ORIENTED_EDGE('',*,*,#10714,.F.);
#5774=ORIENTED_EDGE('',*,*,#10422,.F.);
#5775=ORIENTED_EDGE('',*,*,#10964,.F.);
#5776=CARTESIAN_POINT('',(-0.7493,1.143,-0.484434670518104));
#5777=DIRECTION('',(1.0,0.0,0.0));
#5778=DIRECTION('',(0.0,1.0,0.0));
#5779=ORIENTED_EDGE('',*,*,#10420,.T.);
#5780=ORIENTED_EDGE('',*,*,#10713,.F.);
#5781=ORIENTED_EDGE('',*,*,#11099,.F.);
#5782=ORIENTED_EDGE('',*,*,#10965,.T.);
#5783=CARTESIAN_POINT('',(-1.27,1.143,0.0));
#5784=DIRECTION('',(0.0,-1.0,0.0));
#5785=DIRECTION('',(1.0,0.0,0.0));
#5786=ORIENTED_EDGE('',*,*,#11099,.T.);
#5787=ORIENTED_EDGE('',*,*,#10712,.F.);
#5788=ORIENTED_EDGE('',*,*,#10854,.T.);
#5789=ORIENTED_EDGE('',*,*,#10961,.T.);
#5790=CARTESIAN_POINT('',(-1.27,1.143,1.1684));
#5791=DIRECTION('',(1.0,0.0,0.0));
#5792=DIRECTION('',(0.0,1.0,0.0));
#5793=ORIENTED_EDGE('',*,*,#10852,.F.);
#5794=ORIENTED_EDGE('',*,*,#10710,.T.);
#5795=ORIENTED_EDGE('',*,*,#11059,.F.);
#5796=ORIENTED_EDGE('',*,*,#10962,.F.);
#5797=CARTESIAN_POINT('',(-0.3175,1.1938,1.2446));
#5798=DIRECTION('',(-1.0,0.0,0.0));
#5799=DIRECTION('',(0.0,0.0,1.0));
#5800=ORIENTED_EDGE('',*,*,#10418,.T.);
#5801=ORIENTED_EDGE('',*,*,#10628,.F.);
#5802=ORIENTED_EDGE('',*,*,#11062,.F.);
#5803=ORIENTED_EDGE('',*,*,#10970,.T.);
#5804=CARTESIAN_POINT('',(-1.27,1.143,-1.1684));
#5805=DIRECTION('',(-1.0,0.0,0.0));
#5806=DIRECTION('',(0.0,0.0,1.0));
#5807=ORIENTED_EDGE('',*,*,#10416,.T.);
#5808=ORIENTED_EDGE('',*,*,#10969,.T.);
#5809=ORIENTED_EDGE('',*,*,#11100,.T.);
#5810=ORIENTED_EDGE('',*,*,#10629,.F.);
#5811=CARTESIAN_POINT('',(-1.27,1.143,0.0));
#5812=DIRECTION('',(0.0,-1.0,0.0));
#5813=DIRECTION('',(1.0,0.0,0.0));
#5814=ORIENTED_EDGE('',*,*,#10851,.F.);
#5815=ORIENTED_EDGE('',*,*,#10630,.F.);
#5816=ORIENTED_EDGE('',*,*,#11100,.F.);
#5817=ORIENTED_EDGE('',*,*,#10968,.F.);
#5818=CARTESIAN_POINT('',(-1.7907,1.143,0.484434670518104));
#5819=DIRECTION('',(-1.0,0.0,0.0));
#5820=DIRECTION('',(0.0,0.0,1.0));
#5821=ORIENTED_EDGE('',*,*,#11061,.T.);
#5822=ORIENTED_EDGE('',*,*,#10626,.F.);
#5823=ORIENTED_EDGE('',*,*,#10850,.T.);
#5824=ORIENTED_EDGE('',*,*,#10967,.T.);
#5825=CARTESIAN_POINT('',(-2.2225,0.9398,1.2446));
#5826=DIRECTION('',(1.0,0.0,0.0));
#5827=DIRECTION('',(0.0,1.0,0.0));
#5828=ORIENTED_EDGE('',*,*,#11064,.T.);
#5829=ORIENTED_EDGE('',*,*,#10720,.F.);
#5830=ORIENTED_EDGE('',*,*,#10414,.F.);
#5831=ORIENTED_EDGE('',*,*,#10974,.F.);
#5832=CARTESIAN_POINT('',(-3.2893,1.143,-0.484434670518104));
#5833=DIRECTION('',(1.0,0.0,0.0));
#5834=DIRECTION('',(0.0,1.0,0.0));
#5835=ORIENTED_EDGE('',*,*,#10412,.T.);
#5836=ORIENTED_EDGE('',*,*,#10719,.F.);
#5837=ORIENTED_EDGE('',*,*,#11101,.F.);
#5838=ORIENTED_EDGE('',*,*,#10975,.T.);
#5839=CARTESIAN_POINT('',(-3.81,1.143,0.0));
#5840=DIRECTION('',(0.0,-1.0,0.0));
#5841=DIRECTION('',(1.0,0.0,0.0));
#5842=ORIENTED_EDGE('',*,*,#11101,.T.);
#5843=ORIENTED_EDGE('',*,*,#10718,.F.);
#5844=ORIENTED_EDGE('',*,*,#10860,.T.);
#5845=ORIENTED_EDGE('',*,*,#10971,.T.);
#5846=CARTESIAN_POINT('',(-3.81,1.143,1.1684));
#5847=DIRECTION('',(1.0,0.0,0.0));
#5848=DIRECTION('',(0.0,1.0,0.0));
#5849=ORIENTED_EDGE('',*,*,#10858,.F.);
#5850=ORIENTED_EDGE('',*,*,#10716,.T.);
#5851=ORIENTED_EDGE('',*,*,#11063,.F.);
#5852=ORIENTED_EDGE('',*,*,#10972,.F.);
#5853=CARTESIAN_POINT('',(-2.8575,1.1938,1.2446));
#5854=DIRECTION('',(-1.0,0.0,0.0));
#5855=DIRECTION('',(0.0,0.0,1.0));
#5856=ORIENTED_EDGE('',*,*,#10410,.T.);
#5857=ORIENTED_EDGE('',*,*,#10622,.F.);
#5858=ORIENTED_EDGE('',*,*,#11066,.F.);
#5859=ORIENTED_EDGE('',*,*,#10980,.T.);
#5860=CARTESIAN_POINT('',(-3.81,1.143,-1.1684));
#5861=DIRECTION('',(-1.0,0.0,0.0));
#5862=DIRECTION('',(0.0,0.0,1.0));
#5863=ORIENTED_EDGE('',*,*,#10408,.T.);
#5864=ORIENTED_EDGE('',*,*,#10979,.T.);
#5865=ORIENTED_EDGE('',*,*,#11102,.T.);
#5866=ORIENTED_EDGE('',*,*,#10623,.F.);
#5867=CARTESIAN_POINT('',(-3.81,1.143,0.0));
#5868=DIRECTION('',(0.0,-1.0,0.0));
#5869=DIRECTION('',(1.0,0.0,0.0));
#5870=ORIENTED_EDGE('',*,*,#10857,.F.);
#5871=ORIENTED_EDGE('',*,*,#10624,.F.);
#5872=ORIENTED_EDGE('',*,*,#11102,.F.);
#5873=ORIENTED_EDGE('',*,*,#10978,.F.);
#5874=CARTESIAN_POINT('',(-4.3307,1.143,0.484434670518104));
#5875=DIRECTION('',(-1.0,0.0,0.0));
#5876=DIRECTION('',(0.0,0.0,1.0));
#5877=ORIENTED_EDGE('',*,*,#11065,.T.);
#5878=ORIENTED_EDGE('',*,*,#10620,.F.);
#5879=ORIENTED_EDGE('',*,*,#10856,.T.);
#5880=ORIENTED_EDGE('',*,*,#10977,.T.);
#5881=CARTESIAN_POINT('',(-4.7625,0.9398,1.2446));
#5882=DIRECTION('',(1.0,0.0,0.0));
#5883=DIRECTION('',(0.0,1.0,0.0));
#5884=ORIENTED_EDGE('',*,*,#11068,.T.);
#5885=ORIENTED_EDGE('',*,*,#10726,.F.);
#5886=ORIENTED_EDGE('',*,*,#10406,.F.);
#5887=ORIENTED_EDGE('',*,*,#10984,.F.);
#5888=CARTESIAN_POINT('',(-5.8293,1.143,-0.484434670518104));
#5889=DIRECTION('',(1.0,0.0,0.0));
#5890=DIRECTION('',(0.0,1.0,0.0));
#5891=ORIENTED_EDGE('',*,*,#10404,.T.);
#5892=ORIENTED_EDGE('',*,*,#10725,.F.);
#5893=ORIENTED_EDGE('',*,*,#11103,.F.);
#5894=ORIENTED_EDGE('',*,*,#10985,.T.);
#5895=CARTESIAN_POINT('',(-6.35,1.143,0.0));
#5896=DIRECTION('',(0.0,-1.0,0.0));
#5897=DIRECTION('',(1.0,0.0,0.0));
#5898=ORIENTED_EDGE('',*,*,#11103,.T.);
#5899=ORIENTED_EDGE('',*,*,#10724,.F.);
#5900=ORIENTED_EDGE('',*,*,#10866,.T.);
#5901=ORIENTED_EDGE('',*,*,#10981,.T.);
#5902=CARTESIAN_POINT('',(-6.35,1.143,1.1684));
#5903=DIRECTION('',(1.0,0.0,0.0));
#5904=DIRECTION('',(0.0,1.0,0.0));
#5905=ORIENTED_EDGE('',*,*,#10864,.F.);
#5906=ORIENTED_EDGE('',*,*,#10722,.T.);
#5907=ORIENTED_EDGE('',*,*,#11067,.F.);
#5908=ORIENTED_EDGE('',*,*,#10982,.F.);
#5909=CARTESIAN_POINT('',(-5.3975,1.1938,1.2446));
#5910=DIRECTION('',(-1.0,0.0,0.0));
#5911=DIRECTION('',(0.0,0.0,1.0));
#5912=ORIENTED_EDGE('',*,*,#10402,.T.);
#5913=ORIENTED_EDGE('',*,*,#10616,.F.);
#5914=ORIENTED_EDGE('',*,*,#11070,.F.);
#5915=ORIENTED_EDGE('',*,*,#10990,.T.);
#5916=CARTESIAN_POINT('',(-6.35,1.143,-1.1684));
#5917=DIRECTION('',(-1.0,0.0,0.0));
#5918=DIRECTION('',(0.0,0.0,1.0));
#5919=ORIENTED_EDGE('',*,*,#10400,.T.);
#5920=ORIENTED_EDGE('',*,*,#10989,.T.);
#5921=ORIENTED_EDGE('',*,*,#11104,.T.);
#5922=ORIENTED_EDGE('',*,*,#10617,.F.);
#5923=CARTESIAN_POINT('',(-6.35,1.143,0.0));
#5924=DIRECTION('',(0.0,-1.0,0.0));
#5925=DIRECTION('',(1.0,0.0,0.0));
#5926=ORIENTED_EDGE('',*,*,#10863,.F.);
#5927=ORIENTED_EDGE('',*,*,#10618,.F.);
#5928=ORIENTED_EDGE('',*,*,#11104,.F.);
#5929=ORIENTED_EDGE('',*,*,#10988,.F.);
#5930=CARTESIAN_POINT('',(-6.8707,1.143,0.484434670518104));
#5931=DIRECTION('',(-1.0,0.0,0.0));
#5932=DIRECTION('',(0.0,0.0,1.0));
#5933=ORIENTED_EDGE('',*,*,#11069,.T.);
#5934=ORIENTED_EDGE('',*,*,#10614,.F.);
#5935=ORIENTED_EDGE('',*,*,#10862,.T.);
#5936=ORIENTED_EDGE('',*,*,#10987,.T.);
#5937=CARTESIAN_POINT('',(-7.3025,0.9398,1.2446));
#5938=DIRECTION('',(1.0,0.0,0.0));
#5939=DIRECTION('',(0.0,1.0,0.0));
#5940=ORIENTED_EDGE('',*,*,#11072,.T.);
#5941=ORIENTED_EDGE('',*,*,#10732,.F.);
#5942=ORIENTED_EDGE('',*,*,#10398,.F.);
#5943=ORIENTED_EDGE('',*,*,#10994,.F.);
#5944=CARTESIAN_POINT('',(-8.3693,1.143,-0.484434670518104));
#5945=DIRECTION('',(1.0,0.0,0.0));
#5946=DIRECTION('',(0.0,1.0,0.0));
#5947=ORIENTED_EDGE('',*,*,#10396,.T.);
#5948=ORIENTED_EDGE('',*,*,#10731,.F.);
#5949=ORIENTED_EDGE('',*,*,#11105,.F.);
#5950=ORIENTED_EDGE('',*,*,#10995,.T.);
#5951=CARTESIAN_POINT('',(-8.89,1.143,0.0));
#5952=DIRECTION('',(0.0,-1.0,0.0));
#5953=DIRECTION('',(1.0,0.0,0.0));
#5954=ORIENTED_EDGE('',*,*,#11105,.T.);
#5955=ORIENTED_EDGE('',*,*,#10730,.F.);
#5956=ORIENTED_EDGE('',*,*,#10872,.T.);
#5957=ORIENTED_EDGE('',*,*,#10991,.T.);
#5958=CARTESIAN_POINT('',(-8.89,1.143,1.1684));
#5959=DIRECTION('',(1.0,0.0,0.0));
#5960=DIRECTION('',(0.0,1.0,0.0));
#5961=ORIENTED_EDGE('',*,*,#10870,.F.);
#5962=ORIENTED_EDGE('',*,*,#10728,.T.);
#5963=ORIENTED_EDGE('',*,*,#11071,.F.);
#5964=ORIENTED_EDGE('',*,*,#10992,.F.);
#5965=CARTESIAN_POINT('',(-7.9375,1.1938,1.2446));
#5966=DIRECTION('',(-1.0,0.0,0.0));
#5967=DIRECTION('',(0.0,0.0,1.0));
#5968=ORIENTED_EDGE('',*,*,#10394,.T.);
#5969=ORIENTED_EDGE('',*,*,#10610,.F.);
#5970=ORIENTED_EDGE('',*,*,#11074,.F.);
#5971=ORIENTED_EDGE('',*,*,#11000,.T.);
#5972=CARTESIAN_POINT('',(-8.89,1.143,-1.1684));
#5973=DIRECTION('',(-1.0,0.0,0.0));
#5974=DIRECTION('',(0.0,0.0,1.0));
#5975=ORIENTED_EDGE('',*,*,#10392,.T.);
#5976=ORIENTED_EDGE('',*,*,#10999,.T.);
#5977=ORIENTED_EDGE('',*,*,#11106,.T.);
#5978=ORIENTED_EDGE('',*,*,#10611,.F.);
#5979=CARTESIAN_POINT('',(-8.89,1.143,0.0));
#5980=DIRECTION('',(0.0,-1.0,0.0));
#5981=DIRECTION('',(1.0,0.0,0.0));
#5982=ORIENTED_EDGE('',*,*,#10869,.F.);
#5983=ORIENTED_EDGE('',*,*,#10612,.F.);
#5984=ORIENTED_EDGE('',*,*,#11106,.F.);
#5985=ORIENTED_EDGE('',*,*,#10998,.F.);
#5986=CARTESIAN_POINT('',(-9.4107,1.143,0.484434670518104));
#5987=DIRECTION('',(-1.0,0.0,0.0));
#5988=DIRECTION('',(0.0,0.0,1.0));
#5989=ORIENTED_EDGE('',*,*,#11073,.T.);
#5990=ORIENTED_EDGE('',*,*,#10608,.F.);
#5991=ORIENTED_EDGE('',*,*,#10868,.T.);
#5992=ORIENTED_EDGE('',*,*,#10997,.T.);
#5993=CARTESIAN_POINT('',(-9.8425,0.9398,1.2446));
#5994=DIRECTION('',(1.0,0.0,0.0));
#5995=DIRECTION('',(0.0,1.0,0.0));
#5996=ORIENTED_EDGE('',*,*,#11076,.T.);
#5997=ORIENTED_EDGE('',*,*,#10738,.F.);
#5998=ORIENTED_EDGE('',*,*,#10390,.F.);
#5999=ORIENTED_EDGE('',*,*,#11004,.F.);
#6000=CARTESIAN_POINT('',(-10.9093,1.143,-0.484434670518104));
#6001=DIRECTION('',(1.0,0.0,0.0));
#6002=DIRECTION('',(0.0,1.0,0.0));
#6003=ORIENTED_EDGE('',*,*,#10388,.T.);
#6004=ORIENTED_EDGE('',*,*,#10737,.F.);
#6005=ORIENTED_EDGE('',*,*,#11107,.F.);
#6006=ORIENTED_EDGE('',*,*,#11005,.T.);
#6007=CARTESIAN_POINT('',(-11.43,1.143,0.0));
#6008=DIRECTION('',(0.0,-1.0,0.0));
#6009=DIRECTION('',(1.0,0.0,0.0));
#6010=ORIENTED_EDGE('',*,*,#11107,.T.);
#6011=ORIENTED_EDGE('',*,*,#10736,.F.);
#6012=ORIENTED_EDGE('',*,*,#10878,.T.);
#6013=ORIENTED_EDGE('',*,*,#11001,.T.);
#6014=CARTESIAN_POINT('',(-11.43,1.143,1.1684));
#6015=DIRECTION('',(1.0,0.0,0.0));
#6016=DIRECTION('',(0.0,1.0,0.0));
#6017=ORIENTED_EDGE('',*,*,#10876,.F.);
#6018=ORIENTED_EDGE('',*,*,#10734,.T.);
#6019=ORIENTED_EDGE('',*,*,#11075,.F.);
#6020=ORIENTED_EDGE('',*,*,#11002,.F.);
#6021=CARTESIAN_POINT('',(-10.4775,1.1938,1.2446));
#6022=DIRECTION('',(-1.0,0.0,0.0));
#6023=DIRECTION('',(0.0,0.0,1.0));
#6024=ORIENTED_EDGE('',*,*,#10386,.T.);
#6025=ORIENTED_EDGE('',*,*,#10604,.F.);
#6026=ORIENTED_EDGE('',*,*,#11078,.F.);
#6027=ORIENTED_EDGE('',*,*,#11010,.T.);
#6028=CARTESIAN_POINT('',(-11.43,1.143,-1.1684));
#6029=DIRECTION('',(-1.0,0.0,0.0));
#6030=DIRECTION('',(0.0,0.0,1.0));
#6031=ORIENTED_EDGE('',*,*,#10384,.T.);
#6032=ORIENTED_EDGE('',*,*,#11009,.T.);
#6033=ORIENTED_EDGE('',*,*,#11108,.T.);
#6034=ORIENTED_EDGE('',*,*,#10605,.F.);
#6035=CARTESIAN_POINT('',(-11.43,1.143,0.0));
#6036=DIRECTION('',(0.0,-1.0,0.0));
#6037=DIRECTION('',(1.0,0.0,0.0));
#6038=ORIENTED_EDGE('',*,*,#10875,.F.);
#6039=ORIENTED_EDGE('',*,*,#10606,.F.);
#6040=ORIENTED_EDGE('',*,*,#11108,.F.);
#6041=ORIENTED_EDGE('',*,*,#11008,.F.);
#6042=CARTESIAN_POINT('',(-11.9507,1.143,0.484434670518104));
#6043=DIRECTION('',(-1.0,0.0,0.0));
#6044=DIRECTION('',(0.0,0.0,1.0));
#6045=ORIENTED_EDGE('',*,*,#11077,.T.);
#6046=ORIENTED_EDGE('',*,*,#10602,.F.);
#6047=ORIENTED_EDGE('',*,*,#10874,.T.);
#6048=ORIENTED_EDGE('',*,*,#11007,.T.);
#6049=CARTESIAN_POINT('',(-12.3825,0.9398,1.2446));
#6050=DIRECTION('',(1.0,0.0,0.0));
#6051=DIRECTION('',(0.0,1.0,0.0));
#6052=ORIENTED_EDGE('',*,*,#11080,.T.);
#6053=ORIENTED_EDGE('',*,*,#10744,.F.);
#6054=ORIENTED_EDGE('',*,*,#10382,.F.);
#6055=ORIENTED_EDGE('',*,*,#11014,.F.);
#6056=CARTESIAN_POINT('',(-13.4493,1.143,-0.484434670518104));
#6057=DIRECTION('',(1.0,0.0,0.0));
#6058=DIRECTION('',(0.0,1.0,0.0));
#6059=ORIENTED_EDGE('',*,*,#10380,.T.);
#6060=ORIENTED_EDGE('',*,*,#10743,.F.);
#6061=ORIENTED_EDGE('',*,*,#11109,.F.);
#6062=ORIENTED_EDGE('',*,*,#11015,.T.);
#6063=CARTESIAN_POINT('',(-13.97,1.143,0.0));
#6064=DIRECTION('',(0.0,-1.0,0.0));
#6065=DIRECTION('',(1.0,0.0,0.0));
#6066=ORIENTED_EDGE('',*,*,#11109,.T.);
#6067=ORIENTED_EDGE('',*,*,#10742,.F.);
#6068=ORIENTED_EDGE('',*,*,#10884,.T.);
#6069=ORIENTED_EDGE('',*,*,#11011,.T.);
#6070=CARTESIAN_POINT('',(-13.97,1.143,1.1684));
#6071=DIRECTION('',(1.0,0.0,0.0));
#6072=DIRECTION('',(0.0,1.0,0.0));
#6073=ORIENTED_EDGE('',*,*,#10882,.F.);
#6074=ORIENTED_EDGE('',*,*,#10740,.T.);
#6075=ORIENTED_EDGE('',*,*,#11079,.F.);
#6076=ORIENTED_EDGE('',*,*,#11012,.F.);
#6077=CARTESIAN_POINT('',(-13.0175,1.1938,1.2446));
#6078=DIRECTION('',(-1.0,0.0,0.0));
#6079=DIRECTION('',(0.0,0.0,1.0));
#6080=ORIENTED_EDGE('',*,*,#10378,.T.);
#6081=ORIENTED_EDGE('',*,*,#10598,.F.);
#6082=ORIENTED_EDGE('',*,*,#11082,.F.);
#6083=ORIENTED_EDGE('',*,*,#11020,.T.);
#6084=CARTESIAN_POINT('',(-13.97,1.143,-1.1684));
#6085=DIRECTION('',(-1.0,0.0,0.0));
#6086=DIRECTION('',(0.0,0.0,1.0));
#6087=ORIENTED_EDGE('',*,*,#10376,.T.);
#6088=ORIENTED_EDGE('',*,*,#11019,.T.);
#6089=ORIENTED_EDGE('',*,*,#11110,.T.);
#6090=ORIENTED_EDGE('',*,*,#10599,.F.);
#6091=CARTESIAN_POINT('',(-13.97,1.143,0.0));
#6092=DIRECTION('',(0.0,-1.0,0.0));
#6093=DIRECTION('',(1.0,0.0,0.0));
#6094=ORIENTED_EDGE('',*,*,#10881,.F.);
#6095=ORIENTED_EDGE('',*,*,#10600,.F.);
#6096=ORIENTED_EDGE('',*,*,#11110,.F.);
#6097=ORIENTED_EDGE('',*,*,#11018,.F.);
#6098=CARTESIAN_POINT('',(-14.4907,1.143,0.484434670518104));
#6099=DIRECTION('',(-1.0,0.0,0.0));
#6100=DIRECTION('',(0.0,0.0,1.0));
#6101=ORIENTED_EDGE('',*,*,#11081,.T.);
#6102=ORIENTED_EDGE('',*,*,#10596,.F.);
#6103=ORIENTED_EDGE('',*,*,#10880,.T.);
#6104=ORIENTED_EDGE('',*,*,#11017,.T.);
#6105=CARTESIAN_POINT('',(-14.9225,0.9398,1.2446));
#6106=DIRECTION('',(1.0,0.0,0.0));
#6107=DIRECTION('',(0.0,1.0,0.0));
#6108=ORIENTED_EDGE('',*,*,#11084,.T.);
#6109=ORIENTED_EDGE('',*,*,#10750,.F.);
#6110=ORIENTED_EDGE('',*,*,#10374,.F.);
#6111=ORIENTED_EDGE('',*,*,#11024,.F.);
#6112=CARTESIAN_POINT('',(-15.9893,1.143,-0.484434670518104));
#6113=DIRECTION('',(1.0,0.0,0.0));
#6114=DIRECTION('',(0.0,1.0,0.0));
#6115=ORIENTED_EDGE('',*,*,#10372,.T.);
#6116=ORIENTED_EDGE('',*,*,#10749,.F.);
#6117=ORIENTED_EDGE('',*,*,#11111,.F.);
#6118=ORIENTED_EDGE('',*,*,#11025,.T.);
#6119=CARTESIAN_POINT('',(-16.51,1.143,0.0));
#6120=DIRECTION('',(0.0,-1.0,0.0));
#6121=DIRECTION('',(1.0,0.0,0.0));
#6122=ORIENTED_EDGE('',*,*,#11111,.T.);
#6123=ORIENTED_EDGE('',*,*,#10748,.F.);
#6124=ORIENTED_EDGE('',*,*,#10890,.T.);
#6125=ORIENTED_EDGE('',*,*,#11021,.T.);
#6126=CARTESIAN_POINT('',(-16.51,1.143,1.1684));
#6127=DIRECTION('',(1.0,0.0,0.0));
#6128=DIRECTION('',(0.0,1.0,0.0));
#6129=ORIENTED_EDGE('',*,*,#10888,.F.);
#6130=ORIENTED_EDGE('',*,*,#10746,.T.);
#6131=ORIENTED_EDGE('',*,*,#11083,.F.);
#6132=ORIENTED_EDGE('',*,*,#11022,.F.);
#6133=CARTESIAN_POINT('',(-15.5575,1.1938,1.2446));
#6134=DIRECTION('',(-1.0,0.0,0.0));
#6135=DIRECTION('',(0.0,0.0,1.0));
#6136=ORIENTED_EDGE('',*,*,#10370,.T.);
#6137=ORIENTED_EDGE('',*,*,#10592,.F.);
#6138=ORIENTED_EDGE('',*,*,#11086,.F.);
#6139=ORIENTED_EDGE('',*,*,#11030,.T.);
#6140=CARTESIAN_POINT('',(-16.51,1.143,-1.1684));
#6141=DIRECTION('',(-1.0,0.0,0.0));
#6142=DIRECTION('',(0.0,0.0,1.0));
#6143=ORIENTED_EDGE('',*,*,#10368,.T.);
#6144=ORIENTED_EDGE('',*,*,#11029,.T.);
#6145=ORIENTED_EDGE('',*,*,#11112,.T.);
#6146=ORIENTED_EDGE('',*,*,#10593,.F.);
#6147=CARTESIAN_POINT('',(-16.51,1.143,0.0));
#6148=DIRECTION('',(0.0,-1.0,0.0));
#6149=DIRECTION('',(1.0,0.0,0.0));
#6150=ORIENTED_EDGE('',*,*,#10887,.F.);
#6151=ORIENTED_EDGE('',*,*,#10594,.F.);
#6152=ORIENTED_EDGE('',*,*,#11112,.F.);
#6153=ORIENTED_EDGE('',*,*,#11028,.F.);
#6154=CARTESIAN_POINT('',(-17.0307,1.143,0.484434670518104));
#6155=DIRECTION('',(-1.0,0.0,0.0));
#6156=DIRECTION('',(0.0,0.0,1.0));
#6157=ORIENTED_EDGE('',*,*,#11113,.T.);
#6158=ORIENTED_EDGE('',*,*,#11114,.F.);
#6159=ORIENTED_EDGE('',*,*,#11115,.T.);
#6160=ORIENTED_EDGE('',*,*,#11116,.T.);
#6161=ORIENTED_EDGE('',*,*,#11117,.T.);
#6162=ORIENTED_EDGE('',*,*,#11118,.F.);
#6163=ORIENTED_EDGE('',*,*,#11119,.F.);
#6164=ORIENTED_EDGE('',*,*,#10492,.T.);
#6165=ORIENTED_EDGE('',*,*,#10886,.T.);
#6166=ORIENTED_EDGE('',*,*,#11027,.T.);
#6167=ORIENTED_EDGE('',*,*,#11085,.T.);
#6168=ORIENTED_EDGE('',*,*,#10590,.T.);
#6169=CARTESIAN_POINT('',(-17.4625,0.0,0.0));
#6170=DIRECTION('',(-1.0,0.0,0.0));
#6171=DIRECTION('',(0.0,0.0,1.0));
#6172=ORIENTED_EDGE('',*,*,#11119,.T.);
#6173=ORIENTED_EDGE('',*,*,#11120,.F.);
#6174=ORIENTED_EDGE('',*,*,#11121,.F.);
#6175=ORIENTED_EDGE('',*,*,#10493,.T.);
#6176=CARTESIAN_POINT('',(-17.78,0.9398,0.9144));
#6177=DIRECTION('',(0.0,0.0,-1.0));
#6178=DIRECTION('',(0.0,-1.0,0.0));
#6179=ORIENTED_EDGE('',*,*,#11121,.T.);
#6180=ORIENTED_EDGE('',*,*,#11122,.F.);
#6181=ORIENTED_EDGE('',*,*,#11123,.F.);
#6182=ORIENTED_EDGE('',*,*,#10494,.T.);
#6183=CARTESIAN_POINT('',(-17.78,0.9398,1.0033));
#6184=DIRECTION('',(-1.0,0.0,0.0));
#6185=DIRECTION('',(0.0,0.0,1.0));
#6186=ORIENTED_EDGE('',*,*,#10495,.T.);
#6187=ORIENTED_EDGE('',*,*,#11123,.T.);
#6188=ORIENTED_EDGE('',*,*,#11124,.F.);
#6189=ORIENTED_EDGE('',*,*,#11125,.F.);
#6190=CARTESIAN_POINT('',(-17.4625,0.9398,1.2446));
#6191=DIRECTION('',(-0.605083267533586,0.0,0.796162194123081));
#6192=DIRECTION('',(0.0,1.0,0.0));
#6193=ORIENTED_EDGE('',*,*,#11126,.F.);
#6194=ORIENTED_EDGE('',*,*,#10535,.T.);
#6195=ORIENTED_EDGE('',*,*,#11127,.F.);
#6196=ORIENTED_EDGE('',*,*,#11128,.F.);
#6197=CARTESIAN_POINT('',(17.4625,-0.9398,1.2446));
#6198=DIRECTION('',(0.0,0.0,1.0));
#6199=DIRECTION('',(1.0,0.0,0.0));
#6200=ORIENTED_EDGE('',*,*,#11129,.F.);
#6201=ORIENTED_EDGE('',*,*,#11130,.T.);
#6202=ORIENTED_EDGE('',*,*,#10532,.T.);
#6203=ORIENTED_EDGE('',*,*,#11131,.F.);
#6204=CARTESIAN_POINT('',(17.4625,-0.9398,1.2446));
#6205=DIRECTION('',(0.0,0.0,1.0));
#6206=DIRECTION('',(1.0,0.0,0.0));
#6207=ORIENTED_EDGE('',*,*,#11132,.F.);
#6208=ORIENTED_EDGE('',*,*,#11133,.T.);
#6209=ORIENTED_EDGE('',*,*,#10529,.T.);
#6210=ORIENTED_EDGE('',*,*,#11134,.F.);
#6211=CARTESIAN_POINT('',(17.4625,-0.9398,1.2446));
#6212=DIRECTION('',(0.0,0.0,1.0));
#6213=DIRECTION('',(1.0,0.0,0.0));
#6214=ORIENTED_EDGE('',*,*,#11135,.F.);
#6215=ORIENTED_EDGE('',*,*,#11136,.T.);
#6216=ORIENTED_EDGE('',*,*,#10526,.T.);
#6217=ORIENTED_EDGE('',*,*,#11137,.F.);
#6218=CARTESIAN_POINT('',(17.4625,-0.9398,1.2446));
#6219=DIRECTION('',(0.0,0.0,1.0));
#6220=DIRECTION('',(1.0,0.0,0.0));
#6221=ORIENTED_EDGE('',*,*,#11138,.F.);
#6222=ORIENTED_EDGE('',*,*,#11139,.T.);
#6223=ORIENTED_EDGE('',*,*,#10523,.T.);
#6224=ORIENTED_EDGE('',*,*,#11140,.F.);
#6225=CARTESIAN_POINT('',(17.4625,-0.9398,1.2446));
#6226=DIRECTION('',(0.0,0.0,1.0));
#6227=DIRECTION('',(1.0,0.0,0.0));
#6228=ORIENTED_EDGE('',*,*,#11141,.F.);
#6229=ORIENTED_EDGE('',*,*,#11142,.T.);
#6230=ORIENTED_EDGE('',*,*,#10520,.T.);
#6231=ORIENTED_EDGE('',*,*,#11143,.F.);
#6232=CARTESIAN_POINT('',(17.4625,-0.9398,1.2446));
#6233=DIRECTION('',(0.0,0.0,1.0));
#6234=DIRECTION('',(1.0,0.0,0.0));
#6235=ORIENTED_EDGE('',*,*,#11144,.F.);
#6236=ORIENTED_EDGE('',*,*,#11145,.T.);
#6237=ORIENTED_EDGE('',*,*,#10517,.T.);
#6238=ORIENTED_EDGE('',*,*,#11146,.F.);
#6239=CARTESIAN_POINT('',(17.4625,-0.9398,1.2446));
#6240=DIRECTION('',(0.0,0.0,1.0));
#6241=DIRECTION('',(1.0,0.0,0.0));
#6242=ORIENTED_EDGE('',*,*,#11147,.F.);
#6243=ORIENTED_EDGE('',*,*,#11148,.T.);
#6244=ORIENTED_EDGE('',*,*,#10514,.T.);
#6245=ORIENTED_EDGE('',*,*,#11149,.F.);
#6246=CARTESIAN_POINT('',(17.4625,-0.9398,1.2446));
#6247=DIRECTION('',(0.0,0.0,1.0));
#6248=DIRECTION('',(1.0,0.0,0.0));
#6249=ORIENTED_EDGE('',*,*,#11150,.F.);
#6250=ORIENTED_EDGE('',*,*,#11151,.T.);
#6251=ORIENTED_EDGE('',*,*,#10511,.T.);
#6252=ORIENTED_EDGE('',*,*,#11152,.F.);
#6253=CARTESIAN_POINT('',(17.4625,-0.9398,1.2446));
#6254=DIRECTION('',(0.0,0.0,1.0));
#6255=DIRECTION('',(1.0,0.0,0.0));
#6256=ORIENTED_EDGE('',*,*,#11153,.F.);
#6257=ORIENTED_EDGE('',*,*,#11154,.T.);
#6258=ORIENTED_EDGE('',*,*,#10508,.T.);
#6259=ORIENTED_EDGE('',*,*,#11155,.F.);
#6260=CARTESIAN_POINT('',(17.4625,-0.9398,1.2446));
#6261=DIRECTION('',(0.0,0.0,1.0));
#6262=DIRECTION('',(1.0,0.0,0.0));
#6263=ORIENTED_EDGE('',*,*,#11156,.F.);
#6264=ORIENTED_EDGE('',*,*,#11157,.T.);
#6265=ORIENTED_EDGE('',*,*,#10505,.T.);
#6266=ORIENTED_EDGE('',*,*,#11158,.F.);
#6267=CARTESIAN_POINT('',(17.4625,-0.9398,1.2446));
#6268=DIRECTION('',(0.0,0.0,1.0));
#6269=DIRECTION('',(1.0,0.0,0.0));
#6270=ORIENTED_EDGE('',*,*,#11159,.F.);
#6271=ORIENTED_EDGE('',*,*,#11160,.T.);
#6272=ORIENTED_EDGE('',*,*,#10502,.T.);
#6273=ORIENTED_EDGE('',*,*,#11161,.F.);
#6274=CARTESIAN_POINT('',(17.4625,-0.9398,1.2446));
#6275=DIRECTION('',(0.0,0.0,1.0));
#6276=DIRECTION('',(1.0,0.0,0.0));
#6277=ORIENTED_EDGE('',*,*,#11162,.F.);
#6278=ORIENTED_EDGE('',*,*,#11163,.T.);
#6279=ORIENTED_EDGE('',*,*,#10499,.T.);
#6280=ORIENTED_EDGE('',*,*,#11164,.F.);
#6281=CARTESIAN_POINT('',(17.4625,-0.9398,1.2446));
#6282=DIRECTION('',(0.0,0.0,1.0));
#6283=DIRECTION('',(1.0,0.0,0.0));
#6284=ORIENTED_EDGE('',*,*,#10496,.T.);
#6285=ORIENTED_EDGE('',*,*,#11125,.T.);
#6286=ORIENTED_EDGE('',*,*,#11165,.F.);
#6287=ORIENTED_EDGE('',*,*,#11166,.T.);
#6288=CARTESIAN_POINT('',(17.4625,-0.9398,1.2446));
#6289=DIRECTION('',(0.0,0.0,1.0));
#6290=DIRECTION('',(1.0,0.0,0.0));
#6291=ORIENTED_EDGE('',*,*,#11114,.T.);
#6292=ORIENTED_EDGE('',*,*,#11167,.T.);
#6293=ORIENTED_EDGE('',*,*,#11168,.T.);
#6294=ORIENTED_EDGE('',*,*,#11169,.T.);
#6295=ORIENTED_EDGE('',*,*,#11170,.F.);
#6296=ORIENTED_EDGE('',*,*,#11171,.F.);
#6297=ORIENTED_EDGE('',*,*,#11172,.F.);
#6298=ORIENTED_EDGE('',*,*,#11173,.F.);
#6299=ORIENTED_EDGE('',*,*,#11174,.F.);
#6300=ORIENTED_EDGE('',*,*,#11175,.F.);
#6301=ORIENTED_EDGE('',*,*,#11176,.F.);
#6302=ORIENTED_EDGE('',*,*,#11177,.F.);
#6303=ORIENTED_EDGE('',*,*,#11178,.F.);
#6304=ORIENTED_EDGE('',*,*,#11179,.F.);
#6305=ORIENTED_EDGE('',*,*,#11180,.F.);
#6306=ORIENTED_EDGE('',*,*,#11181,.F.);
#6307=ORIENTED_EDGE('',*,*,#11182,.F.);
#6308=ORIENTED_EDGE('',*,*,#11183,.F.);
#6309=ORIENTED_EDGE('',*,*,#11184,.F.);
#6310=ORIENTED_EDGE('',*,*,#11185,.F.);
#6311=ORIENTED_EDGE('',*,*,#11186,.F.);
#6312=ORIENTED_EDGE('',*,*,#11187,.F.);
#6313=ORIENTED_EDGE('',*,*,#11188,.F.);
#6314=ORIENTED_EDGE('',*,*,#11189,.F.);
#6315=ORIENTED_EDGE('',*,*,#11190,.F.);
#6316=ORIENTED_EDGE('',*,*,#11191,.F.);
#6317=ORIENTED_EDGE('',*,*,#11192,.F.);
#6318=ORIENTED_EDGE('',*,*,#11193,.F.);
#6319=ORIENTED_EDGE('',*,*,#11194,.F.);
#6320=ORIENTED_EDGE('',*,*,#11195,.F.);
#6321=ORIENTED_EDGE('',*,*,#11196,.F.);
#6322=ORIENTED_EDGE('',*,*,#11197,.F.);
#6323=ORIENTED_EDGE('',*,*,#11198,.F.);
#6324=ORIENTED_EDGE('',*,*,#11199,.F.);
#6325=ORIENTED_EDGE('',*,*,#11200,.F.);
#6326=ORIENTED_EDGE('',*,*,#11201,.F.);
#6327=ORIENTED_EDGE('',*,*,#11202,.F.);
#6328=ORIENTED_EDGE('',*,*,#11203,.F.);
#6329=ORIENTED_EDGE('',*,*,#11204,.F.);
#6330=ORIENTED_EDGE('',*,*,#11205,.F.);
#6331=ORIENTED_EDGE('',*,*,#11206,.F.);
#6332=ORIENTED_EDGE('',*,*,#11207,.F.);
#6333=ORIENTED_EDGE('',*,*,#11208,.F.);
#6334=ORIENTED_EDGE('',*,*,#11209,.F.);
#6335=ORIENTED_EDGE('',*,*,#11210,.T.);
#6336=ORIENTED_EDGE('',*,*,#11211,.T.);
#6337=ORIENTED_EDGE('',*,*,#11212,.T.);
#6338=ORIENTED_EDGE('',*,*,#10491,.F.);
#6339=ORIENTED_EDGE('',*,*,#11213,.T.);
#6340=ORIENTED_EDGE('',*,*,#11214,.T.);
#6341=ORIENTED_EDGE('',*,*,#11215,.T.);
#6342=ORIENTED_EDGE('',*,*,#11216,.T.);
#6343=ORIENTED_EDGE('',*,*,#11217,.F.);
#6344=ORIENTED_EDGE('',*,*,#10487,.F.);
#6345=ORIENTED_EDGE('',*,*,#11218,.T.);
#6346=ORIENTED_EDGE('',*,*,#11219,.T.);
#6347=ORIENTED_EDGE('',*,*,#11220,.T.);
#6348=ORIENTED_EDGE('',*,*,#11128,.T.);
#6349=ORIENTED_EDGE('',*,*,#11221,.F.);
#6350=ORIENTED_EDGE('',*,*,#11222,.F.);
#6351=ORIENTED_EDGE('',*,*,#11129,.T.);
#6352=ORIENTED_EDGE('',*,*,#11223,.F.);
#6353=ORIENTED_EDGE('',*,*,#11224,.F.);
#6354=ORIENTED_EDGE('',*,*,#11132,.T.);
#6355=ORIENTED_EDGE('',*,*,#11225,.F.);
#6356=ORIENTED_EDGE('',*,*,#11226,.F.);
#6357=ORIENTED_EDGE('',*,*,#11135,.T.);
#6358=ORIENTED_EDGE('',*,*,#11227,.F.);
#6359=ORIENTED_EDGE('',*,*,#11228,.F.);
#6360=ORIENTED_EDGE('',*,*,#11138,.T.);
#6361=ORIENTED_EDGE('',*,*,#11229,.F.);
#6362=ORIENTED_EDGE('',*,*,#11230,.F.);
#6363=ORIENTED_EDGE('',*,*,#11141,.T.);
#6364=ORIENTED_EDGE('',*,*,#11231,.F.);
#6365=ORIENTED_EDGE('',*,*,#11232,.F.);
#6366=ORIENTED_EDGE('',*,*,#11144,.T.);
#6367=ORIENTED_EDGE('',*,*,#11233,.F.);
#6368=ORIENTED_EDGE('',*,*,#11234,.F.);
#6369=ORIENTED_EDGE('',*,*,#11147,.T.);
#6370=ORIENTED_EDGE('',*,*,#11235,.F.);
#6371=ORIENTED_EDGE('',*,*,#11236,.F.);
#6372=ORIENTED_EDGE('',*,*,#11150,.T.);
#6373=ORIENTED_EDGE('',*,*,#11237,.F.);
#6374=ORIENTED_EDGE('',*,*,#11238,.F.);
#6375=ORIENTED_EDGE('',*,*,#11153,.T.);
#6376=ORIENTED_EDGE('',*,*,#11239,.F.);
#6377=ORIENTED_EDGE('',*,*,#11240,.F.);
#6378=ORIENTED_EDGE('',*,*,#11156,.T.);
#6379=ORIENTED_EDGE('',*,*,#11241,.F.);
#6380=ORIENTED_EDGE('',*,*,#11242,.F.);
#6381=ORIENTED_EDGE('',*,*,#11159,.T.);
#6382=ORIENTED_EDGE('',*,*,#11243,.F.);
#6383=ORIENTED_EDGE('',*,*,#11244,.F.);
#6384=ORIENTED_EDGE('',*,*,#11162,.T.);
#6385=ORIENTED_EDGE('',*,*,#11245,.F.);
#6386=ORIENTED_EDGE('',*,*,#11246,.F.);
#6387=ORIENTED_EDGE('',*,*,#11165,.T.);
#6388=ORIENTED_EDGE('',*,*,#11124,.T.);
#6389=ORIENTED_EDGE('',*,*,#11122,.T.);
#6390=ORIENTED_EDGE('',*,*,#11120,.T.);
#6391=ORIENTED_EDGE('',*,*,#11118,.T.);
#6392=ORIENTED_EDGE('',*,*,#11247,.F.);
#6393=ORIENTED_EDGE('',*,*,#11248,.T.);
#6394=ORIENTED_EDGE('',*,*,#11249,.T.);
#6395=ORIENTED_EDGE('',*,*,#11250,.T.);
#6396=ORIENTED_EDGE('',*,*,#11251,.T.);
#6397=ORIENTED_EDGE('',*,*,#11252,.T.);
#6398=ORIENTED_EDGE('',*,*,#11253,.T.);
#6399=ORIENTED_EDGE('',*,*,#11254,.T.);
#6400=ORIENTED_EDGE('',*,*,#11255,.T.);
#6401=ORIENTED_EDGE('',*,*,#11256,.T.);
#6402=ORIENTED_EDGE('',*,*,#11257,.F.);
#6403=ORIENTED_EDGE('',*,*,#11258,.T.);
#6404=ORIENTED_EDGE('',*,*,#11259,.T.);
#6405=ORIENTED_EDGE('',*,*,#11260,.T.);
#6406=ORIENTED_EDGE('',*,*,#11261,.T.);
#6407=ORIENTED_EDGE('',*,*,#11262,.T.);
#6408=ORIENTED_EDGE('',*,*,#11263,.F.);
#6409=ORIENTED_EDGE('',*,*,#11264,.T.);
#6410=ORIENTED_EDGE('',*,*,#11265,.T.);
#6411=ORIENTED_EDGE('',*,*,#11266,.T.);
#6412=ORIENTED_EDGE('',*,*,#11267,.T.);
#6413=ORIENTED_EDGE('',*,*,#11268,.T.);
#6414=ORIENTED_EDGE('',*,*,#11269,.F.);
#6415=ORIENTED_EDGE('',*,*,#11270,.T.);
#6416=ORIENTED_EDGE('',*,*,#11271,.T.);
#6417=ORIENTED_EDGE('',*,*,#11272,.T.);
#6418=ORIENTED_EDGE('',*,*,#11273,.T.);
#6419=ORIENTED_EDGE('',*,*,#11274,.T.);
#6420=ORIENTED_EDGE('',*,*,#11275,.F.);
#6421=ORIENTED_EDGE('',*,*,#11276,.T.);
#6422=ORIENTED_EDGE('',*,*,#11277,.T.);
#6423=ORIENTED_EDGE('',*,*,#11278,.T.);
#6424=ORIENTED_EDGE('',*,*,#11279,.T.);
#6425=ORIENTED_EDGE('',*,*,#11280,.T.);
#6426=ORIENTED_EDGE('',*,*,#11281,.F.);
#6427=ORIENTED_EDGE('',*,*,#11282,.T.);
#6428=ORIENTED_EDGE('',*,*,#11283,.T.);
#6429=ORIENTED_EDGE('',*,*,#11284,.T.);
#6430=ORIENTED_EDGE('',*,*,#11285,.T.);
#6431=ORIENTED_EDGE('',*,*,#11286,.T.);
#6432=ORIENTED_EDGE('',*,*,#11287,.F.);
#6433=ORIENTED_EDGE('',*,*,#11288,.T.);
#6434=ORIENTED_EDGE('',*,*,#11289,.T.);
#6435=ORIENTED_EDGE('',*,*,#11290,.T.);
#6436=ORIENTED_EDGE('',*,*,#11291,.T.);
#6437=ORIENTED_EDGE('',*,*,#11292,.T.);
#6438=ORIENTED_EDGE('',*,*,#11293,.F.);
#6439=ORIENTED_EDGE('',*,*,#11294,.T.);
#6440=ORIENTED_EDGE('',*,*,#11295,.T.);
#6441=ORIENTED_EDGE('',*,*,#11296,.T.);
#6442=ORIENTED_EDGE('',*,*,#11297,.T.);
#6443=ORIENTED_EDGE('',*,*,#11298,.T.);
#6444=ORIENTED_EDGE('',*,*,#11299,.F.);
#6445=ORIENTED_EDGE('',*,*,#11300,.T.);
#6446=ORIENTED_EDGE('',*,*,#11301,.T.);
#6447=ORIENTED_EDGE('',*,*,#11302,.T.);
#6448=ORIENTED_EDGE('',*,*,#11303,.T.);
#6449=ORIENTED_EDGE('',*,*,#11304,.T.);
#6450=ORIENTED_EDGE('',*,*,#11305,.F.);
#6451=ORIENTED_EDGE('',*,*,#11306,.T.);
#6452=ORIENTED_EDGE('',*,*,#11307,.T.);
#6453=ORIENTED_EDGE('',*,*,#11308,.T.);
#6454=ORIENTED_EDGE('',*,*,#11309,.T.);
#6455=ORIENTED_EDGE('',*,*,#11310,.T.);
#6456=ORIENTED_EDGE('',*,*,#11311,.F.);
#6457=ORIENTED_EDGE('',*,*,#11312,.T.);
#6458=ORIENTED_EDGE('',*,*,#11313,.T.);
#6459=ORIENTED_EDGE('',*,*,#11314,.T.);
#6460=ORIENTED_EDGE('',*,*,#11315,.T.);
#6461=ORIENTED_EDGE('',*,*,#11316,.T.);
#6462=ORIENTED_EDGE('',*,*,#11317,.F.);
#6463=ORIENTED_EDGE('',*,*,#11318,.T.);
#6464=ORIENTED_EDGE('',*,*,#11319,.T.);
#6465=ORIENTED_EDGE('',*,*,#11320,.T.);
#6466=ORIENTED_EDGE('',*,*,#11321,.T.);
#6467=ORIENTED_EDGE('',*,*,#11322,.T.);
#6468=ORIENTED_EDGE('',*,*,#11323,.F.);
#6469=ORIENTED_EDGE('',*,*,#11324,.F.);
#6470=ORIENTED_EDGE('',*,*,#11325,.F.);
#6471=ORIENTED_EDGE('',*,*,#11326,.T.);
#6472=ORIENTED_EDGE('',*,*,#11327,.T.);
#6473=ORIENTED_EDGE('',*,*,#11328,.T.);
#6474=ORIENTED_EDGE('',*,*,#11329,.T.);
#6475=ORIENTED_EDGE('',*,*,#11330,.F.);
#6476=ORIENTED_EDGE('',*,*,#11331,.F.);
#6477=ORIENTED_EDGE('',*,*,#11332,.T.);
#6478=ORIENTED_EDGE('',*,*,#11333,.T.);
#6479=ORIENTED_EDGE('',*,*,#11334,.T.);
#6480=ORIENTED_EDGE('',*,*,#11335,.T.);
#6481=ORIENTED_EDGE('',*,*,#11336,.F.);
#6482=ORIENTED_EDGE('',*,*,#11337,.F.);
#6483=ORIENTED_EDGE('',*,*,#11338,.T.);
#6484=ORIENTED_EDGE('',*,*,#11339,.T.);
#6485=ORIENTED_EDGE('',*,*,#11340,.T.);
#6486=ORIENTED_EDGE('',*,*,#11341,.T.);
#6487=ORIENTED_EDGE('',*,*,#11342,.F.);
#6488=ORIENTED_EDGE('',*,*,#11343,.F.);
#6489=ORIENTED_EDGE('',*,*,#11344,.T.);
#6490=ORIENTED_EDGE('',*,*,#11345,.T.);
#6491=ORIENTED_EDGE('',*,*,#11346,.T.);
#6492=ORIENTED_EDGE('',*,*,#11347,.T.);
#6493=ORIENTED_EDGE('',*,*,#11348,.F.);
#6494=ORIENTED_EDGE('',*,*,#11349,.F.);
#6495=ORIENTED_EDGE('',*,*,#11350,.T.);
#6496=ORIENTED_EDGE('',*,*,#11351,.T.);
#6497=ORIENTED_EDGE('',*,*,#11352,.T.);
#6498=ORIENTED_EDGE('',*,*,#11353,.T.);
#6499=ORIENTED_EDGE('',*,*,#11354,.F.);
#6500=ORIENTED_EDGE('',*,*,#11355,.F.);
#6501=ORIENTED_EDGE('',*,*,#11356,.T.);
#6502=ORIENTED_EDGE('',*,*,#11357,.T.);
#6503=ORIENTED_EDGE('',*,*,#11358,.T.);
#6504=ORIENTED_EDGE('',*,*,#11359,.T.);
#6505=ORIENTED_EDGE('',*,*,#11360,.F.);
#6506=ORIENTED_EDGE('',*,*,#11361,.F.);
#6507=ORIENTED_EDGE('',*,*,#11362,.T.);
#6508=ORIENTED_EDGE('',*,*,#11363,.T.);
#6509=ORIENTED_EDGE('',*,*,#11364,.T.);
#6510=ORIENTED_EDGE('',*,*,#11365,.T.);
#6511=ORIENTED_EDGE('',*,*,#11366,.F.);
#6512=ORIENTED_EDGE('',*,*,#11367,.F.);
#6513=ORIENTED_EDGE('',*,*,#11368,.T.);
#6514=ORIENTED_EDGE('',*,*,#11369,.T.);
#6515=ORIENTED_EDGE('',*,*,#11370,.T.);
#6516=ORIENTED_EDGE('',*,*,#11371,.T.);
#6517=ORIENTED_EDGE('',*,*,#11372,.F.);
#6518=ORIENTED_EDGE('',*,*,#11373,.F.);
#6519=ORIENTED_EDGE('',*,*,#11374,.T.);
#6520=ORIENTED_EDGE('',*,*,#11375,.T.);
#6521=ORIENTED_EDGE('',*,*,#11376,.T.);
#6522=ORIENTED_EDGE('',*,*,#11377,.T.);
#6523=ORIENTED_EDGE('',*,*,#11378,.F.);
#6524=ORIENTED_EDGE('',*,*,#11379,.F.);
#6525=ORIENTED_EDGE('',*,*,#11380,.T.);
#6526=ORIENTED_EDGE('',*,*,#11381,.T.);
#6527=ORIENTED_EDGE('',*,*,#11382,.T.);
#6528=ORIENTED_EDGE('',*,*,#11383,.T.);
#6529=ORIENTED_EDGE('',*,*,#11384,.F.);
#6530=ORIENTED_EDGE('',*,*,#11385,.F.);
#6531=ORIENTED_EDGE('',*,*,#11386,.T.);
#6532=ORIENTED_EDGE('',*,*,#11387,.T.);
#6533=ORIENTED_EDGE('',*,*,#11388,.T.);
#6534=ORIENTED_EDGE('',*,*,#11389,.T.);
#6535=ORIENTED_EDGE('',*,*,#11390,.F.);
#6536=ORIENTED_EDGE('',*,*,#11391,.F.);
#6537=ORIENTED_EDGE('',*,*,#11392,.T.);
#6538=ORIENTED_EDGE('',*,*,#11393,.T.);
#6539=ORIENTED_EDGE('',*,*,#11394,.T.);
#6540=ORIENTED_EDGE('',*,*,#11395,.T.);
#6541=ORIENTED_EDGE('',*,*,#11396,.F.);
#6542=ORIENTED_EDGE('',*,*,#11397,.F.);
#6543=ORIENTED_EDGE('',*,*,#11398,.T.);
#6544=ORIENTED_EDGE('',*,*,#11399,.T.);
#6545=ORIENTED_EDGE('',*,*,#11400,.T.);
#6546=ORIENTED_EDGE('',*,*,#11401,.T.);
#6547=ORIENTED_EDGE('',*,*,#11402,.T.);
#6548=ORIENTED_EDGE('',*,*,#11403,.T.);
#6549=ORIENTED_EDGE('',*,*,#11404,.T.);
#6550=ORIENTED_EDGE('',*,*,#11405,.T.);
#6551=ORIENTED_EDGE('',*,*,#11406,.T.);
#6552=ORIENTED_EDGE('',*,*,#11407,.F.);
#6553=ORIENTED_EDGE('',*,*,#11408,.T.);
#6554=ORIENTED_EDGE('',*,*,#11409,.T.);
#6555=ORIENTED_EDGE('',*,*,#11410,.F.);
#6556=ORIENTED_EDGE('',*,*,#11411,.F.);
#6557=ORIENTED_EDGE('',*,*,#11412,.T.);
#6558=ORIENTED_EDGE('',*,*,#11413,.T.);
#6559=ORIENTED_EDGE('',*,*,#11414,.F.);
#6560=ORIENTED_EDGE('',*,*,#11415,.F.);
#6561=ORIENTED_EDGE('',*,*,#11416,.T.);
#6562=ORIENTED_EDGE('',*,*,#11417,.T.);
#6563=ORIENTED_EDGE('',*,*,#11418,.F.);
#6564=ORIENTED_EDGE('',*,*,#11419,.F.);
#6565=ORIENTED_EDGE('',*,*,#11420,.T.);
#6566=ORIENTED_EDGE('',*,*,#11421,.T.);
#6567=ORIENTED_EDGE('',*,*,#11422,.F.);
#6568=ORIENTED_EDGE('',*,*,#11423,.F.);
#6569=ORIENTED_EDGE('',*,*,#11424,.T.);
#6570=ORIENTED_EDGE('',*,*,#11425,.T.);
#6571=ORIENTED_EDGE('',*,*,#11426,.F.);
#6572=ORIENTED_EDGE('',*,*,#11427,.F.);
#6573=ORIENTED_EDGE('',*,*,#11428,.T.);
#6574=ORIENTED_EDGE('',*,*,#11429,.T.);
#6575=ORIENTED_EDGE('',*,*,#11430,.F.);
#6576=ORIENTED_EDGE('',*,*,#11431,.F.);
#6577=ORIENTED_EDGE('',*,*,#11432,.T.);
#6578=ORIENTED_EDGE('',*,*,#11433,.T.);
#6579=ORIENTED_EDGE('',*,*,#11434,.F.);
#6580=ORIENTED_EDGE('',*,*,#11435,.F.);
#6581=ORIENTED_EDGE('',*,*,#11436,.T.);
#6582=ORIENTED_EDGE('',*,*,#11437,.T.);
#6583=ORIENTED_EDGE('',*,*,#11438,.F.);
#6584=ORIENTED_EDGE('',*,*,#11439,.F.);
#6585=ORIENTED_EDGE('',*,*,#11440,.T.);
#6586=ORIENTED_EDGE('',*,*,#11441,.T.);
#6587=ORIENTED_EDGE('',*,*,#11442,.F.);
#6588=ORIENTED_EDGE('',*,*,#11443,.F.);
#6589=ORIENTED_EDGE('',*,*,#11444,.T.);
#6590=ORIENTED_EDGE('',*,*,#11445,.T.);
#6591=ORIENTED_EDGE('',*,*,#11446,.F.);
#6592=ORIENTED_EDGE('',*,*,#11447,.F.);
#6593=ORIENTED_EDGE('',*,*,#11448,.T.);
#6594=ORIENTED_EDGE('',*,*,#11449,.T.);
#6595=ORIENTED_EDGE('',*,*,#11450,.F.);
#6596=ORIENTED_EDGE('',*,*,#11451,.F.);
#6597=ORIENTED_EDGE('',*,*,#11452,.T.);
#6598=ORIENTED_EDGE('',*,*,#11453,.T.);
#6599=ORIENTED_EDGE('',*,*,#11454,.F.);
#6600=ORIENTED_EDGE('',*,*,#11455,.F.);
#6601=ORIENTED_EDGE('',*,*,#11456,.T.);
#6602=ORIENTED_EDGE('',*,*,#11457,.T.);
#6603=ORIENTED_EDGE('',*,*,#11458,.F.);
#6604=ORIENTED_EDGE('',*,*,#11459,.F.);
#6605=ORIENTED_EDGE('',*,*,#11460,.T.);
#6606=ORIENTED_EDGE('',*,*,#11461,.T.);
#6607=ORIENTED_EDGE('',*,*,#11462,.F.);
#6608=ORIENTED_EDGE('',*,*,#11463,.F.);
#6609=CARTESIAN_POINT('',(17.4625,-0.9398,-1.2446));
#6610=DIRECTION('',(0.0,-1.0,0.0));
#6611=DIRECTION('',(0.0,0.0,-1.0));
#6612=ORIENTED_EDGE('',*,*,#11464,.F.);
#6613=ORIENTED_EDGE('',*,*,#11465,.F.);
#6614=ORIENTED_EDGE('',*,*,#10488,.T.);
#6615=ORIENTED_EDGE('',*,*,#11217,.T.);
#6616=CARTESIAN_POINT('',(17.4625,-1.143,1.1684));
#6617=DIRECTION('',(0.0,0.0,1.0));
#6618=DIRECTION('',(1.0,0.0,0.0));
#6619=ORIENTED_EDGE('',*,*,#11466,.F.);
#6620=ORIENTED_EDGE('',*,*,#11467,.F.);
#6621=ORIENTED_EDGE('',*,*,#11468,.T.);
#6622=ORIENTED_EDGE('',*,*,#11325,.T.);
#6623=CARTESIAN_POINT('',(17.4625,-1.143,1.1684));
#6624=DIRECTION('',(0.0,0.0,1.0));
#6625=DIRECTION('',(1.0,0.0,0.0));
#6626=ORIENTED_EDGE('',*,*,#11331,.T.);
#6627=ORIENTED_EDGE('',*,*,#11469,.F.);
#6628=ORIENTED_EDGE('',*,*,#11470,.F.);
#6629=ORIENTED_EDGE('',*,*,#11471,.T.);
#6630=CARTESIAN_POINT('',(17.4625,-1.143,1.1684));
#6631=DIRECTION('',(0.0,0.0,1.0));
#6632=DIRECTION('',(1.0,0.0,0.0));
#6633=ORIENTED_EDGE('',*,*,#11472,.F.);
#6634=ORIENTED_EDGE('',*,*,#11473,.T.);
#6635=ORIENTED_EDGE('',*,*,#11323,.T.);
#6636=ORIENTED_EDGE('',*,*,#11474,.F.);
#6637=CARTESIAN_POINT('',(17.4625,-1.143,1.1684));
#6638=DIRECTION('',(0.0,0.0,1.0));
#6639=DIRECTION('',(1.0,0.0,0.0));
#6640=ORIENTED_EDGE('',*,*,#11337,.T.);
#6641=ORIENTED_EDGE('',*,*,#11475,.F.);
#6642=ORIENTED_EDGE('',*,*,#11476,.F.);
#6643=ORIENTED_EDGE('',*,*,#11477,.T.);
#6644=CARTESIAN_POINT('',(17.4625,-1.143,1.1684));
#6645=DIRECTION('',(0.0,0.0,1.0));
#6646=DIRECTION('',(1.0,0.0,0.0));
#6647=ORIENTED_EDGE('',*,*,#11478,.F.);
#6648=ORIENTED_EDGE('',*,*,#11479,.T.);
#6649=ORIENTED_EDGE('',*,*,#11317,.T.);
#6650=ORIENTED_EDGE('',*,*,#11480,.F.);
#6651=CARTESIAN_POINT('',(17.4625,-1.143,1.1684));
#6652=DIRECTION('',(0.0,0.0,1.0));
#6653=DIRECTION('',(1.0,0.0,0.0));
#6654=ORIENTED_EDGE('',*,*,#11343,.T.);
#6655=ORIENTED_EDGE('',*,*,#11481,.F.);
#6656=ORIENTED_EDGE('',*,*,#11482,.F.);
#6657=ORIENTED_EDGE('',*,*,#11483,.T.);
#6658=CARTESIAN_POINT('',(17.4625,-1.143,1.1684));
#6659=DIRECTION('',(0.0,0.0,1.0));
#6660=DIRECTION('',(1.0,0.0,0.0));
#6661=ORIENTED_EDGE('',*,*,#11484,.F.);
#6662=ORIENTED_EDGE('',*,*,#11485,.T.);
#6663=ORIENTED_EDGE('',*,*,#11311,.T.);
#6664=ORIENTED_EDGE('',*,*,#11486,.F.);
#6665=CARTESIAN_POINT('',(17.4625,-1.143,1.1684));
#6666=DIRECTION('',(0.0,0.0,1.0));
#6667=DIRECTION('',(1.0,0.0,0.0));
#6668=ORIENTED_EDGE('',*,*,#11349,.T.);
#6669=ORIENTED_EDGE('',*,*,#11487,.F.);
#6670=ORIENTED_EDGE('',*,*,#11488,.F.);
#6671=ORIENTED_EDGE('',*,*,#11489,.T.);
#6672=CARTESIAN_POINT('',(17.4625,-1.143,1.1684));
#6673=DIRECTION('',(0.0,0.0,1.0));
#6674=DIRECTION('',(1.0,0.0,0.0));
#6675=ORIENTED_EDGE('',*,*,#11490,.F.);
#6676=ORIENTED_EDGE('',*,*,#11491,.T.);
#6677=ORIENTED_EDGE('',*,*,#11305,.T.);
#6678=ORIENTED_EDGE('',*,*,#11492,.F.);
#6679=CARTESIAN_POINT('',(17.4625,-1.143,1.1684));
#6680=DIRECTION('',(0.0,0.0,1.0));
#6681=DIRECTION('',(1.0,0.0,0.0));
#6682=ORIENTED_EDGE('',*,*,#11355,.T.);
#6683=ORIENTED_EDGE('',*,*,#11493,.F.);
#6684=ORIENTED_EDGE('',*,*,#11494,.F.);
#6685=ORIENTED_EDGE('',*,*,#11495,.T.);
#6686=CARTESIAN_POINT('',(17.4625,-1.143,1.1684));
#6687=DIRECTION('',(0.0,0.0,1.0));
#6688=DIRECTION('',(1.0,0.0,0.0));
#6689=ORIENTED_EDGE('',*,*,#11496,.F.);
#6690=ORIENTED_EDGE('',*,*,#11497,.T.);
#6691=ORIENTED_EDGE('',*,*,#11299,.T.);
#6692=ORIENTED_EDGE('',*,*,#11498,.F.);
#6693=CARTESIAN_POINT('',(17.4625,-1.143,1.1684));
#6694=DIRECTION('',(0.0,0.0,1.0));
#6695=DIRECTION('',(1.0,0.0,0.0));
#6696=ORIENTED_EDGE('',*,*,#11361,.T.);
#6697=ORIENTED_EDGE('',*,*,#11499,.F.);
#6698=ORIENTED_EDGE('',*,*,#11500,.F.);
#6699=ORIENTED_EDGE('',*,*,#11501,.T.);
#6700=CARTESIAN_POINT('',(17.4625,-1.143,1.1684));
#6701=DIRECTION('',(0.0,0.0,1.0));
#6702=DIRECTION('',(1.0,0.0,0.0));
#6703=ORIENTED_EDGE('',*,*,#11502,.F.);
#6704=ORIENTED_EDGE('',*,*,#11503,.T.);
#6705=ORIENTED_EDGE('',*,*,#11293,.T.);
#6706=ORIENTED_EDGE('',*,*,#11504,.F.);
#6707=CARTESIAN_POINT('',(17.4625,-1.143,1.1684));
#6708=DIRECTION('',(0.0,0.0,1.0));
#6709=DIRECTION('',(1.0,0.0,0.0));
#6710=ORIENTED_EDGE('',*,*,#11367,.T.);
#6711=ORIENTED_EDGE('',*,*,#11505,.F.);
#6712=ORIENTED_EDGE('',*,*,#11506,.F.);
#6713=ORIENTED_EDGE('',*,*,#11507,.T.);
#6714=CARTESIAN_POINT('',(17.4625,-1.143,1.1684));
#6715=DIRECTION('',(0.0,0.0,1.0));
#6716=DIRECTION('',(1.0,0.0,0.0));
#6717=ORIENTED_EDGE('',*,*,#11508,.F.);
#6718=ORIENTED_EDGE('',*,*,#11509,.T.);
#6719=ORIENTED_EDGE('',*,*,#11287,.T.);
#6720=ORIENTED_EDGE('',*,*,#11510,.F.);
#6721=CARTESIAN_POINT('',(17.4625,-1.143,1.1684));
#6722=DIRECTION('',(0.0,0.0,1.0));
#6723=DIRECTION('',(1.0,0.0,0.0));
#6724=ORIENTED_EDGE('',*,*,#11373,.T.);
#6725=ORIENTED_EDGE('',*,*,#11511,.F.);
#6726=ORIENTED_EDGE('',*,*,#11512,.F.);
#6727=ORIENTED_EDGE('',*,*,#11513,.T.);
#6728=CARTESIAN_POINT('',(17.4625,-1.143,1.1684));
#6729=DIRECTION('',(0.0,0.0,1.0));
#6730=DIRECTION('',(1.0,0.0,0.0));
#6731=ORIENTED_EDGE('',*,*,#11514,.F.);
#6732=ORIENTED_EDGE('',*,*,#11515,.T.);
#6733=ORIENTED_EDGE('',*,*,#11281,.T.);
#6734=ORIENTED_EDGE('',*,*,#11516,.F.);
#6735=CARTESIAN_POINT('',(17.4625,-1.143,1.1684));
#6736=DIRECTION('',(0.0,0.0,1.0));
#6737=DIRECTION('',(1.0,0.0,0.0));
#6738=ORIENTED_EDGE('',*,*,#11379,.T.);
#6739=ORIENTED_EDGE('',*,*,#11517,.F.);
#6740=ORIENTED_EDGE('',*,*,#11518,.F.);
#6741=ORIENTED_EDGE('',*,*,#11519,.T.);
#6742=CARTESIAN_POINT('',(17.4625,-1.143,1.1684));
#6743=DIRECTION('',(0.0,0.0,1.0));
#6744=DIRECTION('',(1.0,0.0,0.0));
#6745=ORIENTED_EDGE('',*,*,#11520,.F.);
#6746=ORIENTED_EDGE('',*,*,#11521,.T.);
#6747=ORIENTED_EDGE('',*,*,#11275,.T.);
#6748=ORIENTED_EDGE('',*,*,#11522,.F.);
#6749=CARTESIAN_POINT('',(17.4625,-1.143,1.1684));
#6750=DIRECTION('',(0.0,0.0,1.0));
#6751=DIRECTION('',(1.0,0.0,0.0));
#6752=ORIENTED_EDGE('',*,*,#11385,.T.);
#6753=ORIENTED_EDGE('',*,*,#11523,.F.);
#6754=ORIENTED_EDGE('',*,*,#11524,.F.);
#6755=ORIENTED_EDGE('',*,*,#11525,.T.);
#6756=CARTESIAN_POINT('',(17.4625,-1.143,1.1684));
#6757=DIRECTION('',(0.0,0.0,1.0));
#6758=DIRECTION('',(1.0,0.0,0.0));
#6759=ORIENTED_EDGE('',*,*,#11526,.F.);
#6760=ORIENTED_EDGE('',*,*,#11527,.T.);
#6761=ORIENTED_EDGE('',*,*,#11269,.T.);
#6762=ORIENTED_EDGE('',*,*,#11528,.F.);
#6763=CARTESIAN_POINT('',(17.4625,-1.143,1.1684));
#6764=DIRECTION('',(0.0,0.0,1.0));
#6765=DIRECTION('',(1.0,0.0,0.0));
#6766=ORIENTED_EDGE('',*,*,#11391,.T.);
#6767=ORIENTED_EDGE('',*,*,#11529,.F.);
#6768=ORIENTED_EDGE('',*,*,#11530,.F.);
#6769=ORIENTED_EDGE('',*,*,#11531,.T.);
#6770=CARTESIAN_POINT('',(17.4625,-1.143,1.1684));
#6771=DIRECTION('',(0.0,0.0,1.0));
#6772=DIRECTION('',(1.0,0.0,0.0));
#6773=ORIENTED_EDGE('',*,*,#11532,.F.);
#6774=ORIENTED_EDGE('',*,*,#11533,.T.);
#6775=ORIENTED_EDGE('',*,*,#11263,.T.);
#6776=ORIENTED_EDGE('',*,*,#11534,.F.);
#6777=CARTESIAN_POINT('',(17.4625,-1.143,1.1684));
#6778=DIRECTION('',(0.0,0.0,1.0));
#6779=DIRECTION('',(1.0,0.0,0.0));
#6780=ORIENTED_EDGE('',*,*,#11397,.T.);
#6781=ORIENTED_EDGE('',*,*,#11535,.F.);
#6782=ORIENTED_EDGE('',*,*,#11536,.F.);
#6783=ORIENTED_EDGE('',*,*,#11537,.T.);
#6784=CARTESIAN_POINT('',(17.4625,-1.143,1.1684));
#6785=DIRECTION('',(0.0,0.0,1.0));
#6786=DIRECTION('',(1.0,0.0,0.0));
#6787=ORIENTED_EDGE('',*,*,#11538,.F.);
#6788=ORIENTED_EDGE('',*,*,#11539,.T.);
#6789=ORIENTED_EDGE('',*,*,#11257,.T.);
#6790=ORIENTED_EDGE('',*,*,#11540,.F.);
#6791=CARTESIAN_POINT('',(17.4625,-1.143,1.1684));
#6792=DIRECTION('',(0.0,0.0,1.0));
#6793=DIRECTION('',(1.0,0.0,0.0));
#6794=ORIENTED_EDGE('',*,*,#11247,.T.);
#6795=ORIENTED_EDGE('',*,*,#11117,.F.);
#6796=ORIENTED_EDGE('',*,*,#11541,.F.);
#6797=ORIENTED_EDGE('',*,*,#11542,.T.);
#6798=CARTESIAN_POINT('',(17.4625,-1.143,1.1684));
#6799=DIRECTION('',(0.0,0.0,1.0));
#6800=DIRECTION('',(1.0,0.0,0.0));
#6801=ORIENTED_EDGE('',*,*,#11543,.F.);
#6802=ORIENTED_EDGE('',*,*,#11544,.T.);
#6803=ORIENTED_EDGE('',*,*,#11407,.T.);
#6804=ORIENTED_EDGE('',*,*,#11545,.F.);
#6805=CARTESIAN_POINT('',(17.4625,-1.143,1.1684));
#6806=DIRECTION('',(0.0,0.0,1.0));
#6807=DIRECTION('',(1.0,0.0,0.0));
#6808=ORIENTED_EDGE('',*,*,#10489,.T.);
#6809=ORIENTED_EDGE('',*,*,#11465,.T.);
#6810=ORIENTED_EDGE('',*,*,#11546,.T.);
#6811=ORIENTED_EDGE('',*,*,#11547,.F.);
#6812=ORIENTED_EDGE('',*,*,#11548,.F.);
#6813=ORIENTED_EDGE('',*,*,#11549,.F.);
#6814=CARTESIAN_POINT('',(17.4625,-1.143,-1.1684));
#6815=DIRECTION('',(0.0,-1.0,0.0));
#6816=DIRECTION('',(0.0,0.0,-1.0));
#6817=ORIENTED_EDGE('',*,*,#11550,.T.);
#6818=ORIENTED_EDGE('',*,*,#11551,.F.);
#6819=ORIENTED_EDGE('',*,*,#11552,.F.);
#6820=ORIENTED_EDGE('',*,*,#11467,.T.);
#6821=ORIENTED_EDGE('',*,*,#11553,.F.);
#6822=ORIENTED_EDGE('',*,*,#11554,.F.);
#6823=CARTESIAN_POINT('',(17.4625,-1.143,-1.1684));
#6824=DIRECTION('',(0.0,-1.0,0.0));
#6825=DIRECTION('',(0.0,0.0,-1.0));
#6826=ORIENTED_EDGE('',*,*,#11470,.T.);
#6827=ORIENTED_EDGE('',*,*,#11555,.F.);
#6828=ORIENTED_EDGE('',*,*,#11556,.F.);
#6829=ORIENTED_EDGE('',*,*,#11557,.T.);
#6830=ORIENTED_EDGE('',*,*,#11558,.F.);
#6831=ORIENTED_EDGE('',*,*,#11559,.F.);
#6832=CARTESIAN_POINT('',(17.4625,-1.143,-1.1684));
#6833=DIRECTION('',(0.0,-1.0,0.0));
#6834=DIRECTION('',(0.0,0.0,-1.0));
#6835=ORIENTED_EDGE('',*,*,#11560,.F.);
#6836=ORIENTED_EDGE('',*,*,#11561,.T.);
#6837=ORIENTED_EDGE('',*,*,#11472,.T.);
#6838=ORIENTED_EDGE('',*,*,#11562,.T.);
#6839=ORIENTED_EDGE('',*,*,#11563,.F.);
#6840=ORIENTED_EDGE('',*,*,#11564,.F.);
#6841=CARTESIAN_POINT('',(17.4625,-1.143,-1.1684));
#6842=DIRECTION('',(0.0,-1.0,0.0));
#6843=DIRECTION('',(0.0,0.0,-1.0));
#6844=ORIENTED_EDGE('',*,*,#11476,.T.);
#6845=ORIENTED_EDGE('',*,*,#11565,.F.);
#6846=ORIENTED_EDGE('',*,*,#11566,.F.);
#6847=ORIENTED_EDGE('',*,*,#11567,.T.);
#6848=ORIENTED_EDGE('',*,*,#11568,.F.);
#6849=ORIENTED_EDGE('',*,*,#11569,.F.);
#6850=CARTESIAN_POINT('',(17.4625,-1.143,-1.1684));
#6851=DIRECTION('',(0.0,-1.0,0.0));
#6852=DIRECTION('',(0.0,0.0,-1.0));
#6853=ORIENTED_EDGE('',*,*,#11570,.F.);
#6854=ORIENTED_EDGE('',*,*,#11571,.T.);
#6855=ORIENTED_EDGE('',*,*,#11478,.T.);
#6856=ORIENTED_EDGE('',*,*,#11572,.T.);
#6857=ORIENTED_EDGE('',*,*,#11573,.F.);
#6858=ORIENTED_EDGE('',*,*,#11574,.F.);
#6859=CARTESIAN_POINT('',(17.4625,-1.143,-1.1684));
#6860=DIRECTION('',(0.0,-1.0,0.0));
#6861=DIRECTION('',(0.0,0.0,-1.0));
#6862=ORIENTED_EDGE('',*,*,#11482,.T.);
#6863=ORIENTED_EDGE('',*,*,#11575,.F.);
#6864=ORIENTED_EDGE('',*,*,#11576,.F.);
#6865=ORIENTED_EDGE('',*,*,#11577,.T.);
#6866=ORIENTED_EDGE('',*,*,#11578,.F.);
#6867=ORIENTED_EDGE('',*,*,#11579,.F.);
#6868=CARTESIAN_POINT('',(17.4625,-1.143,-1.1684));
#6869=DIRECTION('',(0.0,-1.0,0.0));
#6870=DIRECTION('',(0.0,0.0,-1.0));
#6871=ORIENTED_EDGE('',*,*,#11580,.F.);
#6872=ORIENTED_EDGE('',*,*,#11581,.T.);
#6873=ORIENTED_EDGE('',*,*,#11484,.T.);
#6874=ORIENTED_EDGE('',*,*,#11582,.T.);
#6875=ORIENTED_EDGE('',*,*,#11583,.F.);
#6876=ORIENTED_EDGE('',*,*,#11584,.F.);
#6877=CARTESIAN_POINT('',(17.4625,-1.143,-1.1684));
#6878=DIRECTION('',(0.0,-1.0,0.0));
#6879=DIRECTION('',(0.0,0.0,-1.0));
#6880=ORIENTED_EDGE('',*,*,#11488,.T.);
#6881=ORIENTED_EDGE('',*,*,#11585,.F.);
#6882=ORIENTED_EDGE('',*,*,#11586,.F.);
#6883=ORIENTED_EDGE('',*,*,#11587,.T.);
#6884=ORIENTED_EDGE('',*,*,#11588,.F.);
#6885=ORIENTED_EDGE('',*,*,#11589,.F.);
#6886=CARTESIAN_POINT('',(17.4625,-1.143,-1.1684));
#6887=DIRECTION('',(0.0,-1.0,0.0));
#6888=DIRECTION('',(0.0,0.0,-1.0));
#6889=ORIENTED_EDGE('',*,*,#11590,.F.);
#6890=ORIENTED_EDGE('',*,*,#11591,.T.);
#6891=ORIENTED_EDGE('',*,*,#11490,.T.);
#6892=ORIENTED_EDGE('',*,*,#11592,.T.);
#6893=ORIENTED_EDGE('',*,*,#11593,.F.);
#6894=ORIENTED_EDGE('',*,*,#11594,.F.);
#6895=CARTESIAN_POINT('',(17.4625,-1.143,-1.1684));
#6896=DIRECTION('',(0.0,-1.0,0.0));
#6897=DIRECTION('',(0.0,0.0,-1.0));
#6898=ORIENTED_EDGE('',*,*,#11494,.T.);
#6899=ORIENTED_EDGE('',*,*,#11595,.F.);
#6900=ORIENTED_EDGE('',*,*,#11596,.F.);
#6901=ORIENTED_EDGE('',*,*,#11597,.T.);
#6902=ORIENTED_EDGE('',*,*,#11598,.F.);
#6903=ORIENTED_EDGE('',*,*,#11599,.F.);
#6904=CARTESIAN_POINT('',(17.4625,-1.143,-1.1684));
#6905=DIRECTION('',(0.0,-1.0,0.0));
#6906=DIRECTION('',(0.0,0.0,-1.0));
#6907=ORIENTED_EDGE('',*,*,#11600,.F.);
#6908=ORIENTED_EDGE('',*,*,#11601,.T.);
#6909=ORIENTED_EDGE('',*,*,#11496,.T.);
#6910=ORIENTED_EDGE('',*,*,#11602,.T.);
#6911=ORIENTED_EDGE('',*,*,#11603,.F.);
#6912=ORIENTED_EDGE('',*,*,#11604,.F.);
#6913=CARTESIAN_POINT('',(17.4625,-1.143,-1.1684));
#6914=DIRECTION('',(0.0,-1.0,0.0));
#6915=DIRECTION('',(0.0,0.0,-1.0));
#6916=ORIENTED_EDGE('',*,*,#11500,.T.);
#6917=ORIENTED_EDGE('',*,*,#11605,.F.);
#6918=ORIENTED_EDGE('',*,*,#11606,.F.);
#6919=ORIENTED_EDGE('',*,*,#11607,.T.);
#6920=ORIENTED_EDGE('',*,*,#11608,.F.);
#6921=ORIENTED_EDGE('',*,*,#11609,.F.);
#6922=CARTESIAN_POINT('',(17.4625,-1.143,-1.1684));
#6923=DIRECTION('',(0.0,-1.0,0.0));
#6924=DIRECTION('',(0.0,0.0,-1.0));
#6925=ORIENTED_EDGE('',*,*,#11610,.F.);
#6926=ORIENTED_EDGE('',*,*,#11611,.T.);
#6927=ORIENTED_EDGE('',*,*,#11502,.T.);
#6928=ORIENTED_EDGE('',*,*,#11612,.T.);
#6929=ORIENTED_EDGE('',*,*,#11613,.F.);
#6930=ORIENTED_EDGE('',*,*,#11614,.F.);
#6931=CARTESIAN_POINT('',(17.4625,-1.143,-1.1684));
#6932=DIRECTION('',(0.0,-1.0,0.0));
#6933=DIRECTION('',(0.0,0.0,-1.0));
#6934=ORIENTED_EDGE('',*,*,#11506,.T.);
#6935=ORIENTED_EDGE('',*,*,#11615,.F.);
#6936=ORIENTED_EDGE('',*,*,#11616,.F.);
#6937=ORIENTED_EDGE('',*,*,#11617,.T.);
#6938=ORIENTED_EDGE('',*,*,#11618,.F.);
#6939=ORIENTED_EDGE('',*,*,#11619,.F.);
#6940=CARTESIAN_POINT('',(17.4625,-1.143,-1.1684));
#6941=DIRECTION('',(0.0,-1.0,0.0));
#6942=DIRECTION('',(0.0,0.0,-1.0));
#6943=ORIENTED_EDGE('',*,*,#11620,.F.);
#6944=ORIENTED_EDGE('',*,*,#11621,.T.);
#6945=ORIENTED_EDGE('',*,*,#11508,.T.);
#6946=ORIENTED_EDGE('',*,*,#11622,.T.);
#6947=ORIENTED_EDGE('',*,*,#11623,.F.);
#6948=ORIENTED_EDGE('',*,*,#11624,.F.);
#6949=CARTESIAN_POINT('',(17.4625,-1.143,-1.1684));
#6950=DIRECTION('',(0.0,-1.0,0.0));
#6951=DIRECTION('',(0.0,0.0,-1.0));
#6952=ORIENTED_EDGE('',*,*,#11512,.T.);
#6953=ORIENTED_EDGE('',*,*,#11625,.F.);
#6954=ORIENTED_EDGE('',*,*,#11626,.F.);
#6955=ORIENTED_EDGE('',*,*,#11627,.T.);
#6956=ORIENTED_EDGE('',*,*,#11628,.F.);
#6957=ORIENTED_EDGE('',*,*,#11629,.F.);
#6958=CARTESIAN_POINT('',(17.4625,-1.143,-1.1684));
#6959=DIRECTION('',(0.0,-1.0,0.0));
#6960=DIRECTION('',(0.0,0.0,-1.0));
#6961=ORIENTED_EDGE('',*,*,#11630,.F.);
#6962=ORIENTED_EDGE('',*,*,#11631,.T.);
#6963=ORIENTED_EDGE('',*,*,#11514,.T.);
#6964=ORIENTED_EDGE('',*,*,#11632,.T.);
#6965=ORIENTED_EDGE('',*,*,#11633,.F.);
#6966=ORIENTED_EDGE('',*,*,#11634,.F.);
#6967=CARTESIAN_POINT('',(17.4625,-1.143,-1.1684));
#6968=DIRECTION('',(0.0,-1.0,0.0));
#6969=DIRECTION('',(0.0,0.0,-1.0));
#6970=ORIENTED_EDGE('',*,*,#11518,.T.);
#6971=ORIENTED_EDGE('',*,*,#11635,.F.);
#6972=ORIENTED_EDGE('',*,*,#11636,.F.);
#6973=ORIENTED_EDGE('',*,*,#11637,.T.);
#6974=ORIENTED_EDGE('',*,*,#11638,.F.);
#6975=ORIENTED_EDGE('',*,*,#11639,.F.);
#6976=CARTESIAN_POINT('',(17.4625,-1.143,-1.1684));
#6977=DIRECTION('',(0.0,-1.0,0.0));
#6978=DIRECTION('',(0.0,0.0,-1.0));
#6979=ORIENTED_EDGE('',*,*,#11640,.F.);
#6980=ORIENTED_EDGE('',*,*,#11641,.T.);
#6981=ORIENTED_EDGE('',*,*,#11520,.T.);
#6982=ORIENTED_EDGE('',*,*,#11642,.T.);
#6983=ORIENTED_EDGE('',*,*,#11643,.F.);
#6984=ORIENTED_EDGE('',*,*,#11644,.F.);
#6985=CARTESIAN_POINT('',(17.4625,-1.143,-1.1684));
#6986=DIRECTION('',(0.0,-1.0,0.0));
#6987=DIRECTION('',(0.0,0.0,-1.0));
#6988=ORIENTED_EDGE('',*,*,#11524,.T.);
#6989=ORIENTED_EDGE('',*,*,#11645,.F.);
#6990=ORIENTED_EDGE('',*,*,#11646,.F.);
#6991=ORIENTED_EDGE('',*,*,#11647,.T.);
#6992=ORIENTED_EDGE('',*,*,#11648,.F.);
#6993=ORIENTED_EDGE('',*,*,#11649,.F.);
#6994=CARTESIAN_POINT('',(17.4625,-1.143,-1.1684));
#6995=DIRECTION('',(0.0,-1.0,0.0));
#6996=DIRECTION('',(0.0,0.0,-1.0));
#6997=ORIENTED_EDGE('',*,*,#11650,.F.);
#6998=ORIENTED_EDGE('',*,*,#11651,.T.);
#6999=ORIENTED_EDGE('',*,*,#11526,.T.);
#7000=ORIENTED_EDGE('',*,*,#11652,.T.);
#7001=ORIENTED_EDGE('',*,*,#11653,.F.);
#7002=ORIENTED_EDGE('',*,*,#11654,.F.);
#7003=CARTESIAN_POINT('',(17.4625,-1.143,-1.1684));
#7004=DIRECTION('',(0.0,-1.0,0.0));
#7005=DIRECTION('',(0.0,0.0,-1.0));
#7006=ORIENTED_EDGE('',*,*,#11530,.T.);
#7007=ORIENTED_EDGE('',*,*,#11655,.F.);
#7008=ORIENTED_EDGE('',*,*,#11656,.F.);
#7009=ORIENTED_EDGE('',*,*,#11657,.T.);
#7010=ORIENTED_EDGE('',*,*,#11658,.F.);
#7011=ORIENTED_EDGE('',*,*,#11659,.F.);
#7012=CARTESIAN_POINT('',(17.4625,-1.143,-1.1684));
#7013=DIRECTION('',(0.0,-1.0,0.0));
#7014=DIRECTION('',(0.0,0.0,-1.0));
#7015=ORIENTED_EDGE('',*,*,#11660,.F.);
#7016=ORIENTED_EDGE('',*,*,#11661,.T.);
#7017=ORIENTED_EDGE('',*,*,#11532,.T.);
#7018=ORIENTED_EDGE('',*,*,#11662,.T.);
#7019=ORIENTED_EDGE('',*,*,#11663,.F.);
#7020=ORIENTED_EDGE('',*,*,#11664,.F.);
#7021=CARTESIAN_POINT('',(17.4625,-1.143,-1.1684));
#7022=DIRECTION('',(0.0,-1.0,0.0));
#7023=DIRECTION('',(0.0,0.0,-1.0));
#7024=ORIENTED_EDGE('',*,*,#11536,.T.);
#7025=ORIENTED_EDGE('',*,*,#11665,.F.);
#7026=ORIENTED_EDGE('',*,*,#11666,.F.);
#7027=ORIENTED_EDGE('',*,*,#11667,.T.);
#7028=ORIENTED_EDGE('',*,*,#11668,.F.);
#7029=ORIENTED_EDGE('',*,*,#11669,.F.);
#7030=CARTESIAN_POINT('',(17.4625,-1.143,-1.1684));
#7031=DIRECTION('',(0.0,-1.0,0.0));
#7032=DIRECTION('',(0.0,0.0,-1.0));
#7033=ORIENTED_EDGE('',*,*,#11670,.F.);
#7034=ORIENTED_EDGE('',*,*,#11671,.T.);
#7035=ORIENTED_EDGE('',*,*,#11538,.T.);
#7036=ORIENTED_EDGE('',*,*,#11672,.T.);
#7037=ORIENTED_EDGE('',*,*,#11673,.F.);
#7038=ORIENTED_EDGE('',*,*,#11674,.F.);
#7039=CARTESIAN_POINT('',(17.4625,-1.143,-1.1684));
#7040=DIRECTION('',(0.0,-1.0,0.0));
#7041=DIRECTION('',(0.0,0.0,-1.0));
#7042=ORIENTED_EDGE('',*,*,#11541,.T.);
#7043=ORIENTED_EDGE('',*,*,#11116,.F.);
#7044=ORIENTED_EDGE('',*,*,#11675,.F.);
#7045=ORIENTED_EDGE('',*,*,#11676,.T.);
#7046=ORIENTED_EDGE('',*,*,#11677,.F.);
#7047=ORIENTED_EDGE('',*,*,#11678,.F.);
#7048=CARTESIAN_POINT('',(17.4625,-1.143,-1.1684));
#7049=DIRECTION('',(0.0,-1.0,0.0));
#7050=DIRECTION('',(0.0,0.0,-1.0));
#7051=ORIENTED_EDGE('',*,*,#11679,.F.);
#7052=ORIENTED_EDGE('',*,*,#11680,.T.);
#7053=ORIENTED_EDGE('',*,*,#11543,.T.);
#7054=ORIENTED_EDGE('',*,*,#11681,.T.);
#7055=ORIENTED_EDGE('',*,*,#11682,.F.);
#7056=ORIENTED_EDGE('',*,*,#11683,.F.);
#7057=CARTESIAN_POINT('',(17.4625,-1.143,-1.1684));
#7058=DIRECTION('',(0.0,-1.0,0.0));
#7059=DIRECTION('',(0.0,0.0,-1.0));
#7060=ORIENTED_EDGE('',*,*,#10490,.T.);
#7061=ORIENTED_EDGE('',*,*,#11549,.T.);
#7062=ORIENTED_EDGE('',*,*,#11684,.F.);
#7063=ORIENTED_EDGE('',*,*,#11213,.F.);
#7064=CARTESIAN_POINT('',(17.4625,-0.9398,-1.1684));
#7065=DIRECTION('',(0.0,0.0,-1.0));
#7066=DIRECTION('',(0.0,-1.0,0.0));
#7067=ORIENTED_EDGE('',*,*,#11685,.T.);
#7068=ORIENTED_EDGE('',*,*,#11554,.T.);
#7069=ORIENTED_EDGE('',*,*,#11686,.F.);
#7070=ORIENTED_EDGE('',*,*,#11329,.F.);
#7071=CARTESIAN_POINT('',(17.4625,-0.9398,-1.1684));
#7072=DIRECTION('',(0.0,0.0,-1.0));
#7073=DIRECTION('',(0.0,-1.0,0.0));
#7074=ORIENTED_EDGE('',*,*,#11556,.T.);
#7075=ORIENTED_EDGE('',*,*,#11687,.F.);
#7076=ORIENTED_EDGE('',*,*,#11335,.F.);
#7077=ORIENTED_EDGE('',*,*,#11688,.T.);
#7078=CARTESIAN_POINT('',(17.4625,-0.9398,-1.1684));
#7079=DIRECTION('',(0.0,0.0,-1.0));
#7080=DIRECTION('',(0.0,-1.0,0.0));
#7081=ORIENTED_EDGE('',*,*,#11319,.F.);
#7082=ORIENTED_EDGE('',*,*,#11689,.T.);
#7083=ORIENTED_EDGE('',*,*,#11560,.T.);
#7084=ORIENTED_EDGE('',*,*,#11690,.F.);
#7085=CARTESIAN_POINT('',(17.4625,-0.9398,-1.1684));
#7086=DIRECTION('',(0.0,0.0,-1.0));
#7087=DIRECTION('',(0.0,-1.0,0.0));
#7088=ORIENTED_EDGE('',*,*,#11566,.T.);
#7089=ORIENTED_EDGE('',*,*,#11691,.F.);
#7090=ORIENTED_EDGE('',*,*,#11341,.F.);
#7091=ORIENTED_EDGE('',*,*,#11692,.T.);
#7092=CARTESIAN_POINT('',(17.4625,-0.9398,-1.1684));
#7093=DIRECTION('',(0.0,0.0,-1.0));
#7094=DIRECTION('',(0.0,-1.0,0.0));
#7095=ORIENTED_EDGE('',*,*,#11313,.F.);
#7096=ORIENTED_EDGE('',*,*,#11693,.T.);
#7097=ORIENTED_EDGE('',*,*,#11570,.T.);
#7098=ORIENTED_EDGE('',*,*,#11694,.F.);
#7099=CARTESIAN_POINT('',(17.4625,-0.9398,-1.1684));
#7100=DIRECTION('',(0.0,0.0,-1.0));
#7101=DIRECTION('',(0.0,-1.0,0.0));
#7102=ORIENTED_EDGE('',*,*,#11576,.T.);
#7103=ORIENTED_EDGE('',*,*,#11695,.F.);
#7104=ORIENTED_EDGE('',*,*,#11347,.F.);
#7105=ORIENTED_EDGE('',*,*,#11696,.T.);
#7106=CARTESIAN_POINT('',(17.4625,-0.9398,-1.1684));
#7107=DIRECTION('',(0.0,0.0,-1.0));
#7108=DIRECTION('',(0.0,-1.0,0.0));
#7109=ORIENTED_EDGE('',*,*,#11307,.F.);
#7110=ORIENTED_EDGE('',*,*,#11697,.T.);
#7111=ORIENTED_EDGE('',*,*,#11580,.T.);
#7112=ORIENTED_EDGE('',*,*,#11698,.F.);
#7113=CARTESIAN_POINT('',(17.4625,-0.9398,-1.1684));
#7114=DIRECTION('',(0.0,0.0,-1.0));
#7115=DIRECTION('',(0.0,-1.0,0.0));
#7116=ORIENTED_EDGE('',*,*,#11586,.T.);
#7117=ORIENTED_EDGE('',*,*,#11699,.F.);
#7118=ORIENTED_EDGE('',*,*,#11353,.F.);
#7119=ORIENTED_EDGE('',*,*,#11700,.T.);
#7120=CARTESIAN_POINT('',(17.4625,-0.9398,-1.1684));
#7121=DIRECTION('',(0.0,0.0,-1.0));
#7122=DIRECTION('',(0.0,-1.0,0.0));
#7123=ORIENTED_EDGE('',*,*,#11301,.F.);
#7124=ORIENTED_EDGE('',*,*,#11701,.T.);
#7125=ORIENTED_EDGE('',*,*,#11590,.T.);
#7126=ORIENTED_EDGE('',*,*,#11702,.F.);
#7127=CARTESIAN_POINT('',(17.4625,-0.9398,-1.1684));
#7128=DIRECTION('',(0.0,0.0,-1.0));
#7129=DIRECTION('',(0.0,-1.0,0.0));
#7130=ORIENTED_EDGE('',*,*,#11596,.T.);
#7131=ORIENTED_EDGE('',*,*,#11703,.F.);
#7132=ORIENTED_EDGE('',*,*,#11359,.F.);
#7133=ORIENTED_EDGE('',*,*,#11704,.T.);
#7134=CARTESIAN_POINT('',(17.4625,-0.9398,-1.1684));
#7135=DIRECTION('',(0.0,0.0,-1.0));
#7136=DIRECTION('',(0.0,-1.0,0.0));
#7137=ORIENTED_EDGE('',*,*,#11295,.F.);
#7138=ORIENTED_EDGE('',*,*,#11705,.T.);
#7139=ORIENTED_EDGE('',*,*,#11600,.T.);
#7140=ORIENTED_EDGE('',*,*,#11706,.F.);
#7141=CARTESIAN_POINT('',(17.4625,-0.9398,-1.1684));
#7142=DIRECTION('',(0.0,0.0,-1.0));
#7143=DIRECTION('',(0.0,-1.0,0.0));
#7144=ORIENTED_EDGE('',*,*,#11606,.T.);
#7145=ORIENTED_EDGE('',*,*,#11707,.F.);
#7146=ORIENTED_EDGE('',*,*,#11365,.F.);
#7147=ORIENTED_EDGE('',*,*,#11708,.T.);
#7148=CARTESIAN_POINT('',(17.4625,-0.9398,-1.1684));
#7149=DIRECTION('',(0.0,0.0,-1.0));
#7150=DIRECTION('',(0.0,-1.0,0.0));
#7151=ORIENTED_EDGE('',*,*,#11289,.F.);
#7152=ORIENTED_EDGE('',*,*,#11709,.T.);
#7153=ORIENTED_EDGE('',*,*,#11610,.T.);
#7154=ORIENTED_EDGE('',*,*,#11710,.F.);
#7155=CARTESIAN_POINT('',(17.4625,-0.9398,-1.1684));
#7156=DIRECTION('',(0.0,0.0,-1.0));
#7157=DIRECTION('',(0.0,-1.0,0.0));
#7158=ORIENTED_EDGE('',*,*,#11616,.T.);
#7159=ORIENTED_EDGE('',*,*,#11711,.F.);
#7160=ORIENTED_EDGE('',*,*,#11371,.F.);
#7161=ORIENTED_EDGE('',*,*,#11712,.T.);
#7162=CARTESIAN_POINT('',(17.4625,-0.9398,-1.1684));
#7163=DIRECTION('',(0.0,0.0,-1.0));
#7164=DIRECTION('',(0.0,-1.0,0.0));
#7165=ORIENTED_EDGE('',*,*,#11283,.F.);
#7166=ORIENTED_EDGE('',*,*,#11713,.T.);
#7167=ORIENTED_EDGE('',*,*,#11620,.T.);
#7168=ORIENTED_EDGE('',*,*,#11714,.F.);
#7169=CARTESIAN_POINT('',(17.4625,-0.9398,-1.1684));
#7170=DIRECTION('',(0.0,0.0,-1.0));
#7171=DIRECTION('',(0.0,-1.0,0.0));
#7172=ORIENTED_EDGE('',*,*,#11626,.T.);
#7173=ORIENTED_EDGE('',*,*,#11715,.F.);
#7174=ORIENTED_EDGE('',*,*,#11377,.F.);
#7175=ORIENTED_EDGE('',*,*,#11716,.T.);
#7176=CARTESIAN_POINT('',(17.4625,-0.9398,-1.1684));
#7177=DIRECTION('',(0.0,0.0,-1.0));
#7178=DIRECTION('',(0.0,-1.0,0.0));
#7179=ORIENTED_EDGE('',*,*,#11277,.F.);
#7180=ORIENTED_EDGE('',*,*,#11717,.T.);
#7181=ORIENTED_EDGE('',*,*,#11630,.T.);
#7182=ORIENTED_EDGE('',*,*,#11718,.F.);
#7183=CARTESIAN_POINT('',(17.4625,-0.9398,-1.1684));
#7184=DIRECTION('',(0.0,0.0,-1.0));
#7185=DIRECTION('',(0.0,-1.0,0.0));
#7186=ORIENTED_EDGE('',*,*,#11636,.T.);
#7187=ORIENTED_EDGE('',*,*,#11719,.F.);
#7188=ORIENTED_EDGE('',*,*,#11383,.F.);
#7189=ORIENTED_EDGE('',*,*,#11720,.T.);
#7190=CARTESIAN_POINT('',(17.4625,-0.9398,-1.1684));
#7191=DIRECTION('',(0.0,0.0,-1.0));
#7192=DIRECTION('',(0.0,-1.0,0.0));
#7193=ORIENTED_EDGE('',*,*,#11271,.F.);
#7194=ORIENTED_EDGE('',*,*,#11721,.T.);
#7195=ORIENTED_EDGE('',*,*,#11640,.T.);
#7196=ORIENTED_EDGE('',*,*,#11722,.F.);
#7197=CARTESIAN_POINT('',(17.4625,-0.9398,-1.1684));
#7198=DIRECTION('',(0.0,0.0,-1.0));
#7199=DIRECTION('',(0.0,-1.0,0.0));
#7200=ORIENTED_EDGE('',*,*,#11646,.T.);
#7201=ORIENTED_EDGE('',*,*,#11723,.F.);
#7202=ORIENTED_EDGE('',*,*,#11389,.F.);
#7203=ORIENTED_EDGE('',*,*,#11724,.T.);
#7204=CARTESIAN_POINT('',(17.4625,-0.9398,-1.1684));
#7205=DIRECTION('',(0.0,0.0,-1.0));
#7206=DIRECTION('',(0.0,-1.0,0.0));
#7207=ORIENTED_EDGE('',*,*,#11265,.F.);
#7208=ORIENTED_EDGE('',*,*,#11725,.T.);
#7209=ORIENTED_EDGE('',*,*,#11650,.T.);
#7210=ORIENTED_EDGE('',*,*,#11726,.F.);
#7211=CARTESIAN_POINT('',(17.4625,-0.9398,-1.1684));
#7212=DIRECTION('',(0.0,0.0,-1.0));
#7213=DIRECTION('',(0.0,-1.0,0.0));
#7214=ORIENTED_EDGE('',*,*,#11656,.T.);
#7215=ORIENTED_EDGE('',*,*,#11727,.F.);
#7216=ORIENTED_EDGE('',*,*,#11395,.F.);
#7217=ORIENTED_EDGE('',*,*,#11728,.T.);
#7218=CARTESIAN_POINT('',(17.4625,-0.9398,-1.1684));
#7219=DIRECTION('',(0.0,0.0,-1.0));
#7220=DIRECTION('',(0.0,-1.0,0.0));
#7221=ORIENTED_EDGE('',*,*,#11259,.F.);
#7222=ORIENTED_EDGE('',*,*,#11729,.T.);
#7223=ORIENTED_EDGE('',*,*,#11660,.T.);
#7224=ORIENTED_EDGE('',*,*,#11730,.F.);
#7225=CARTESIAN_POINT('',(17.4625,-0.9398,-1.1684));
#7226=DIRECTION('',(0.0,0.0,-1.0));
#7227=DIRECTION('',(0.0,-1.0,0.0));
#7228=ORIENTED_EDGE('',*,*,#11666,.T.);
#7229=ORIENTED_EDGE('',*,*,#11731,.F.);
#7230=ORIENTED_EDGE('',*,*,#11401,.F.);
#7231=ORIENTED_EDGE('',*,*,#11732,.T.);
#7232=CARTESIAN_POINT('',(17.4625,-0.9398,-1.1684));
#7233=DIRECTION('',(0.0,0.0,-1.0));
#7234=DIRECTION('',(0.0,-1.0,0.0));
#7235=ORIENTED_EDGE('',*,*,#11253,.F.);
#7236=ORIENTED_EDGE('',*,*,#11733,.T.);
#7237=ORIENTED_EDGE('',*,*,#11670,.T.);
#7238=ORIENTED_EDGE('',*,*,#11734,.F.);
#7239=CARTESIAN_POINT('',(17.4625,-0.9398,-1.1684));
#7240=DIRECTION('',(0.0,0.0,-1.0));
#7241=DIRECTION('',(0.0,-1.0,0.0));
#7242=ORIENTED_EDGE('',*,*,#11675,.T.);
#7243=ORIENTED_EDGE('',*,*,#11115,.F.);
#7244=ORIENTED_EDGE('',*,*,#11251,.F.);
#7245=ORIENTED_EDGE('',*,*,#11735,.T.);
#7246=CARTESIAN_POINT('',(17.4625,-0.9398,-1.1684));
#7247=DIRECTION('',(0.0,0.0,-1.0));
#7248=DIRECTION('',(0.0,-1.0,0.0));
#7249=ORIENTED_EDGE('',*,*,#11403,.F.);
#7250=ORIENTED_EDGE('',*,*,#11736,.T.);
#7251=ORIENTED_EDGE('',*,*,#11679,.T.);
#7252=ORIENTED_EDGE('',*,*,#11737,.F.);
#7253=CARTESIAN_POINT('',(17.4625,-0.9398,-1.1684));
#7254=DIRECTION('',(0.0,0.0,-1.0));
#7255=DIRECTION('',(0.0,-1.0,0.0));
#7256=ORIENTED_EDGE('',*,*,#11738,.T.);
#7257=ORIENTED_EDGE('',*,*,#11214,.F.);
#7258=ORIENTED_EDGE('',*,*,#11684,.T.);
#7259=ORIENTED_EDGE('',*,*,#11548,.T.);
#7260=CARTESIAN_POINT('',(16.51,-1.143,-1.1684));
#7261=DIRECTION('',(1.0,0.0,0.0));
#7262=DIRECTION('',(0.0,1.0,0.0));
#7263=ORIENTED_EDGE('',*,*,#11739,.T.);
#7264=ORIENTED_EDGE('',*,*,#11215,.F.);
#7265=ORIENTED_EDGE('',*,*,#11738,.F.);
#7266=ORIENTED_EDGE('',*,*,#11547,.T.);
#7267=CARTESIAN_POINT('',(16.51,-1.143,0.0));
#7268=DIRECTION('',(0.0,1.0,-0.0));
#7269=DIRECTION('',(1.0,0.0,0.0));
#7270=ORIENTED_EDGE('',*,*,#11464,.T.);
#7271=ORIENTED_EDGE('',*,*,#11216,.F.);
#7272=ORIENTED_EDGE('',*,*,#11739,.F.);
#7273=ORIENTED_EDGE('',*,*,#11546,.F.);
#7274=CARTESIAN_POINT('',(17.0434,-1.143,-0.47041458310723));
#7275=DIRECTION('',(1.0,0.0,0.0));
#7276=DIRECTION('',(0.0,1.0,0.0));
#7277=ORIENTED_EDGE('',*,*,#11466,.T.);
#7278=ORIENTED_EDGE('',*,*,#11324,.T.);
#7279=ORIENTED_EDGE('',*,*,#11686,.T.);
#7280=ORIENTED_EDGE('',*,*,#11553,.T.);
#7281=CARTESIAN_POINT('',(15.5575,-1.1938,1.2446));
#7282=DIRECTION('',(1.0,0.0,0.0));
#7283=DIRECTION('',(0.0,1.0,0.0));
#7284=ORIENTED_EDGE('',*,*,#11685,.F.);
#7285=ORIENTED_EDGE('',*,*,#11328,.F.);
#7286=ORIENTED_EDGE('',*,*,#11740,.F.);
#7287=ORIENTED_EDGE('',*,*,#11550,.F.);
#7288=CARTESIAN_POINT('',(15.9766,-1.143,0.47041458310723));
#7289=DIRECTION('',(-1.0,0.0,0.0));
#7290=DIRECTION('',(0.0,0.0,1.0));
#7291=ORIENTED_EDGE('',*,*,#11740,.T.);
#7292=ORIENTED_EDGE('',*,*,#11327,.F.);
#7293=ORIENTED_EDGE('',*,*,#11741,.F.);
#7294=ORIENTED_EDGE('',*,*,#11551,.T.);
#7295=CARTESIAN_POINT('',(16.51,-1.143,0.0));
#7296=DIRECTION('',(0.0,1.0,-0.0));
#7297=DIRECTION('',(1.0,0.0,0.0));
#7298=ORIENTED_EDGE('',*,*,#11741,.T.);
#7299=ORIENTED_EDGE('',*,*,#11326,.F.);
#7300=ORIENTED_EDGE('',*,*,#11468,.F.);
#7301=ORIENTED_EDGE('',*,*,#11552,.T.);
#7302=CARTESIAN_POINT('',(16.51,-1.143,1.1684));
#7303=DIRECTION('',(-1.0,0.0,0.0));
#7304=DIRECTION('',(0.0,0.0,1.0));
#7305=ORIENTED_EDGE('',*,*,#11688,.F.);
#7306=ORIENTED_EDGE('',*,*,#11334,.F.);
#7307=ORIENTED_EDGE('',*,*,#11742,.F.);
#7308=ORIENTED_EDGE('',*,*,#11557,.F.);
#7309=CARTESIAN_POINT('',(13.4366,-1.143,0.47041458310723));
#7310=DIRECTION('',(-1.0,0.0,0.0));
#7311=DIRECTION('',(0.0,0.0,1.0));
#7312=ORIENTED_EDGE('',*,*,#11742,.T.);
#7313=ORIENTED_EDGE('',*,*,#11333,.F.);
#7314=ORIENTED_EDGE('',*,*,#11743,.F.);
#7315=ORIENTED_EDGE('',*,*,#11558,.T.);
#7316=CARTESIAN_POINT('',(13.97,-1.143,0.0));
#7317=DIRECTION('',(0.0,1.0,-0.0));
#7318=DIRECTION('',(1.0,0.0,0.0));
#7319=ORIENTED_EDGE('',*,*,#11743,.T.);
#7320=ORIENTED_EDGE('',*,*,#11332,.F.);
#7321=ORIENTED_EDGE('',*,*,#11471,.F.);
#7322=ORIENTED_EDGE('',*,*,#11559,.T.);
#7323=CARTESIAN_POINT('',(13.97,-1.143,1.1684));
#7324=DIRECTION('',(-1.0,0.0,0.0));
#7325=DIRECTION('',(0.0,0.0,1.0));
#7326=ORIENTED_EDGE('',*,*,#11469,.T.);
#7327=ORIENTED_EDGE('',*,*,#11330,.T.);
#7328=ORIENTED_EDGE('',*,*,#11687,.T.);
#7329=ORIENTED_EDGE('',*,*,#11555,.T.);
#7330=CARTESIAN_POINT('',(13.0175,-1.1938,1.2446));
#7331=DIRECTION('',(1.0,0.0,0.0));
#7332=DIRECTION('',(0.0,1.0,0.0));
#7333=ORIENTED_EDGE('',*,*,#11744,.T.);
#7334=ORIENTED_EDGE('',*,*,#11320,.F.);
#7335=ORIENTED_EDGE('',*,*,#11690,.T.);
#7336=ORIENTED_EDGE('',*,*,#11564,.T.);
#7337=CARTESIAN_POINT('',(13.97,-1.143,-1.1684));
#7338=DIRECTION('',(1.0,0.0,0.0));
#7339=DIRECTION('',(0.0,1.0,0.0));
#7340=ORIENTED_EDGE('',*,*,#11745,.T.);
#7341=ORIENTED_EDGE('',*,*,#11321,.F.);
#7342=ORIENTED_EDGE('',*,*,#11744,.F.);
#7343=ORIENTED_EDGE('',*,*,#11563,.T.);
#7344=CARTESIAN_POINT('',(13.97,-1.143,0.0));
#7345=DIRECTION('',(0.0,1.0,-0.0));
#7346=DIRECTION('',(1.0,0.0,0.0));
#7347=ORIENTED_EDGE('',*,*,#11474,.T.);
#7348=ORIENTED_EDGE('',*,*,#11322,.F.);
#7349=ORIENTED_EDGE('',*,*,#11745,.F.);
#7350=ORIENTED_EDGE('',*,*,#11562,.F.);
#7351=CARTESIAN_POINT('',(14.5034,-1.143,-0.47041458310723));
#7352=DIRECTION('',(1.0,0.0,0.0));
#7353=DIRECTION('',(0.0,1.0,0.0));
#7354=ORIENTED_EDGE('',*,*,#11689,.F.);
#7355=ORIENTED_EDGE('',*,*,#11318,.F.);
#7356=ORIENTED_EDGE('',*,*,#11473,.F.);
#7357=ORIENTED_EDGE('',*,*,#11561,.F.);
#7358=CARTESIAN_POINT('',(14.9225,-0.9398,1.2446));
#7359=DIRECTION('',(-1.0,0.0,0.0));
#7360=DIRECTION('',(0.0,0.0,1.0));
#7361=ORIENTED_EDGE('',*,*,#11692,.F.);
#7362=ORIENTED_EDGE('',*,*,#11340,.F.);
#7363=ORIENTED_EDGE('',*,*,#11746,.F.);
#7364=ORIENTED_EDGE('',*,*,#11567,.F.);
#7365=CARTESIAN_POINT('',(10.8966,-1.143,0.47041458310723));
#7366=DIRECTION('',(-1.0,0.0,0.0));
#7367=DIRECTION('',(0.0,0.0,1.0));
#7368=ORIENTED_EDGE('',*,*,#11746,.T.);
#7369=ORIENTED_EDGE('',*,*,#11339,.F.);
#7370=ORIENTED_EDGE('',*,*,#11747,.F.);
#7371=ORIENTED_EDGE('',*,*,#11568,.T.);
#7372=CARTESIAN_POINT('',(11.43,-1.143,0.0));
#7373=DIRECTION('',(0.0,1.0,-0.0));
#7374=DIRECTION('',(1.0,0.0,0.0));
#7375=ORIENTED_EDGE('',*,*,#11747,.T.);
#7376=ORIENTED_EDGE('',*,*,#11338,.F.);
#7377=ORIENTED_EDGE('',*,*,#11477,.F.);
#7378=ORIENTED_EDGE('',*,*,#11569,.T.);
#7379=CARTESIAN_POINT('',(11.43,-1.143,1.1684));
#7380=DIRECTION('',(-1.0,0.0,0.0));
#7381=DIRECTION('',(0.0,0.0,1.0));
#7382=ORIENTED_EDGE('',*,*,#11475,.T.);
#7383=ORIENTED_EDGE('',*,*,#11336,.T.);
#7384=ORIENTED_EDGE('',*,*,#11691,.T.);
#7385=ORIENTED_EDGE('',*,*,#11565,.T.);
#7386=CARTESIAN_POINT('',(10.4775,-1.1938,1.2446));
#7387=DIRECTION('',(1.0,0.0,0.0));
#7388=DIRECTION('',(0.0,1.0,0.0));
#7389=ORIENTED_EDGE('',*,*,#11748,.T.);
#7390=ORIENTED_EDGE('',*,*,#11314,.F.);
#7391=ORIENTED_EDGE('',*,*,#11694,.T.);
#7392=ORIENTED_EDGE('',*,*,#11574,.T.);
#7393=CARTESIAN_POINT('',(11.43,-1.143,-1.1684));
#7394=DIRECTION('',(1.0,0.0,0.0));
#7395=DIRECTION('',(0.0,1.0,0.0));
#7396=ORIENTED_EDGE('',*,*,#11749,.T.);
#7397=ORIENTED_EDGE('',*,*,#11315,.F.);
#7398=ORIENTED_EDGE('',*,*,#11748,.F.);
#7399=ORIENTED_EDGE('',*,*,#11573,.T.);
#7400=CARTESIAN_POINT('',(11.43,-1.143,0.0));
#7401=DIRECTION('',(0.0,1.0,-0.0));
#7402=DIRECTION('',(1.0,0.0,0.0));
#7403=ORIENTED_EDGE('',*,*,#11480,.T.);
#7404=ORIENTED_EDGE('',*,*,#11316,.F.);
#7405=ORIENTED_EDGE('',*,*,#11749,.F.);
#7406=ORIENTED_EDGE('',*,*,#11572,.F.);
#7407=CARTESIAN_POINT('',(11.9634,-1.143,-0.47041458310723));
#7408=DIRECTION('',(1.0,0.0,0.0));
#7409=DIRECTION('',(0.0,1.0,0.0));
#7410=ORIENTED_EDGE('',*,*,#11693,.F.);
#7411=ORIENTED_EDGE('',*,*,#11312,.F.);
#7412=ORIENTED_EDGE('',*,*,#11479,.F.);
#7413=ORIENTED_EDGE('',*,*,#11571,.F.);
#7414=CARTESIAN_POINT('',(12.3825,-0.9398,1.2446));
#7415=DIRECTION('',(-1.0,0.0,0.0));
#7416=DIRECTION('',(0.0,0.0,1.0));
#7417=ORIENTED_EDGE('',*,*,#11696,.F.);
#7418=ORIENTED_EDGE('',*,*,#11346,.F.);
#7419=ORIENTED_EDGE('',*,*,#11750,.F.);
#7420=ORIENTED_EDGE('',*,*,#11577,.F.);
#7421=CARTESIAN_POINT('',(8.3566,-1.143,0.47041458310723));
#7422=DIRECTION('',(-1.0,0.0,0.0));
#7423=DIRECTION('',(0.0,0.0,1.0));
#7424=ORIENTED_EDGE('',*,*,#11750,.T.);
#7425=ORIENTED_EDGE('',*,*,#11345,.F.);
#7426=ORIENTED_EDGE('',*,*,#11751,.F.);
#7427=ORIENTED_EDGE('',*,*,#11578,.T.);
#7428=CARTESIAN_POINT('',(8.89,-1.143,0.0));
#7429=DIRECTION('',(0.0,1.0,-0.0));
#7430=DIRECTION('',(1.0,0.0,0.0));
#7431=ORIENTED_EDGE('',*,*,#11751,.T.);
#7432=ORIENTED_EDGE('',*,*,#11344,.F.);
#7433=ORIENTED_EDGE('',*,*,#11483,.F.);
#7434=ORIENTED_EDGE('',*,*,#11579,.T.);
#7435=CARTESIAN_POINT('',(8.89,-1.143,1.1684));
#7436=DIRECTION('',(-1.0,0.0,0.0));
#7437=DIRECTION('',(0.0,0.0,1.0));
#7438=ORIENTED_EDGE('',*,*,#11481,.T.);
#7439=ORIENTED_EDGE('',*,*,#11342,.T.);
#7440=ORIENTED_EDGE('',*,*,#11695,.T.);
#7441=ORIENTED_EDGE('',*,*,#11575,.T.);
#7442=CARTESIAN_POINT('',(7.9375,-1.1938,1.2446));
#7443=DIRECTION('',(1.0,0.0,0.0));
#7444=DIRECTION('',(0.0,1.0,0.0));
#7445=ORIENTED_EDGE('',*,*,#11752,.T.);
#7446=ORIENTED_EDGE('',*,*,#11308,.F.);
#7447=ORIENTED_EDGE('',*,*,#11698,.T.);
#7448=ORIENTED_EDGE('',*,*,#11584,.T.);
#7449=CARTESIAN_POINT('',(8.89,-1.143,-1.1684));
#7450=DIRECTION('',(1.0,0.0,0.0));
#7451=DIRECTION('',(0.0,1.0,0.0));
#7452=ORIENTED_EDGE('',*,*,#11753,.T.);
#7453=ORIENTED_EDGE('',*,*,#11309,.F.);
#7454=ORIENTED_EDGE('',*,*,#11752,.F.);
#7455=ORIENTED_EDGE('',*,*,#11583,.T.);
#7456=CARTESIAN_POINT('',(8.89,-1.143,0.0));
#7457=DIRECTION('',(0.0,1.0,-0.0));
#7458=DIRECTION('',(1.0,0.0,0.0));
#7459=ORIENTED_EDGE('',*,*,#11486,.T.);
#7460=ORIENTED_EDGE('',*,*,#11310,.F.);
#7461=ORIENTED_EDGE('',*,*,#11753,.F.);
#7462=ORIENTED_EDGE('',*,*,#11582,.F.);
#7463=CARTESIAN_POINT('',(9.4234,-1.143,-0.47041458310723));
#7464=DIRECTION('',(1.0,0.0,0.0));
#7465=DIRECTION('',(0.0,1.0,0.0));
#7466=ORIENTED_EDGE('',*,*,#11697,.F.);
#7467=ORIENTED_EDGE('',*,*,#11306,.F.);
#7468=ORIENTED_EDGE('',*,*,#11485,.F.);
#7469=ORIENTED_EDGE('',*,*,#11581,.F.);
#7470=CARTESIAN_POINT('',(9.8425,-0.9398,1.2446));
#7471=DIRECTION('',(-1.0,0.0,0.0));
#7472=DIRECTION('',(0.0,0.0,1.0));
#7473=ORIENTED_EDGE('',*,*,#11700,.F.);
#7474=ORIENTED_EDGE('',*,*,#11352,.F.);
#7475=ORIENTED_EDGE('',*,*,#11754,.F.);
#7476=ORIENTED_EDGE('',*,*,#11587,.F.);
#7477=CARTESIAN_POINT('',(5.8166,-1.143,0.47041458310723));
#7478=DIRECTION('',(-1.0,0.0,0.0));
#7479=DIRECTION('',(0.0,0.0,1.0));
#7480=ORIENTED_EDGE('',*,*,#11754,.T.);
#7481=ORIENTED_EDGE('',*,*,#11351,.F.);
#7482=ORIENTED_EDGE('',*,*,#11755,.F.);
#7483=ORIENTED_EDGE('',*,*,#11588,.T.);
#7484=CARTESIAN_POINT('',(6.35,-1.143,0.0));
#7485=DIRECTION('',(0.0,1.0,-0.0));
#7486=DIRECTION('',(1.0,0.0,0.0));
#7487=ORIENTED_EDGE('',*,*,#11755,.T.);
#7488=ORIENTED_EDGE('',*,*,#11350,.F.);
#7489=ORIENTED_EDGE('',*,*,#11489,.F.);
#7490=ORIENTED_EDGE('',*,*,#11589,.T.);
#7491=CARTESIAN_POINT('',(6.35,-1.143,1.1684));
#7492=DIRECTION('',(-1.0,0.0,0.0));
#7493=DIRECTION('',(0.0,0.0,1.0));
#7494=ORIENTED_EDGE('',*,*,#11487,.T.);
#7495=ORIENTED_EDGE('',*,*,#11348,.T.);
#7496=ORIENTED_EDGE('',*,*,#11699,.T.);
#7497=ORIENTED_EDGE('',*,*,#11585,.T.);
#7498=CARTESIAN_POINT('',(5.3975,-1.1938,1.2446));
#7499=DIRECTION('',(1.0,0.0,0.0));
#7500=DIRECTION('',(0.0,1.0,0.0));
#7501=ORIENTED_EDGE('',*,*,#11756,.T.);
#7502=ORIENTED_EDGE('',*,*,#11302,.F.);
#7503=ORIENTED_EDGE('',*,*,#11702,.T.);
#7504=ORIENTED_EDGE('',*,*,#11594,.T.);
#7505=CARTESIAN_POINT('',(6.35,-1.143,-1.1684));
#7506=DIRECTION('',(1.0,0.0,0.0));
#7507=DIRECTION('',(0.0,1.0,0.0));
#7508=ORIENTED_EDGE('',*,*,#11757,.T.);
#7509=ORIENTED_EDGE('',*,*,#11303,.F.);
#7510=ORIENTED_EDGE('',*,*,#11756,.F.);
#7511=ORIENTED_EDGE('',*,*,#11593,.T.);
#7512=CARTESIAN_POINT('',(6.35,-1.143,0.0));
#7513=DIRECTION('',(0.0,1.0,-0.0));
#7514=DIRECTION('',(1.0,0.0,0.0));
#7515=ORIENTED_EDGE('',*,*,#11492,.T.);
#7516=ORIENTED_EDGE('',*,*,#11304,.F.);
#7517=ORIENTED_EDGE('',*,*,#11757,.F.);
#7518=ORIENTED_EDGE('',*,*,#11592,.F.);
#7519=CARTESIAN_POINT('',(6.8834,-1.143,-0.47041458310723));
#7520=DIRECTION('',(1.0,0.0,0.0));
#7521=DIRECTION('',(0.0,1.0,0.0));
#7522=ORIENTED_EDGE('',*,*,#11701,.F.);
#7523=ORIENTED_EDGE('',*,*,#11300,.F.);
#7524=ORIENTED_EDGE('',*,*,#11491,.F.);
#7525=ORIENTED_EDGE('',*,*,#11591,.F.);
#7526=CARTESIAN_POINT('',(7.3025,-0.9398,1.2446));
#7527=DIRECTION('',(-1.0,0.0,0.0));
#7528=DIRECTION('',(0.0,0.0,1.0));
#7529=ORIENTED_EDGE('',*,*,#11704,.F.);
#7530=ORIENTED_EDGE('',*,*,#11358,.F.);
#7531=ORIENTED_EDGE('',*,*,#11758,.F.);
#7532=ORIENTED_EDGE('',*,*,#11597,.F.);
#7533=CARTESIAN_POINT('',(3.2766,-1.143,0.47041458310723));
#7534=DIRECTION('',(-1.0,0.0,0.0));
#7535=DIRECTION('',(0.0,0.0,1.0));
#7536=ORIENTED_EDGE('',*,*,#11758,.T.);
#7537=ORIENTED_EDGE('',*,*,#11357,.F.);
#7538=ORIENTED_EDGE('',*,*,#11759,.F.);
#7539=ORIENTED_EDGE('',*,*,#11598,.T.);
#7540=CARTESIAN_POINT('',(3.81,-1.143,0.0));
#7541=DIRECTION('',(0.0,1.0,-0.0));
#7542=DIRECTION('',(1.0,0.0,0.0));
#7543=ORIENTED_EDGE('',*,*,#11759,.T.);
#7544=ORIENTED_EDGE('',*,*,#11356,.F.);
#7545=ORIENTED_EDGE('',*,*,#11495,.F.);
#7546=ORIENTED_EDGE('',*,*,#11599,.T.);
#7547=CARTESIAN_POINT('',(3.81,-1.143,1.1684));
#7548=DIRECTION('',(-1.0,0.0,0.0));
#7549=DIRECTION('',(0.0,0.0,1.0));
#7550=ORIENTED_EDGE('',*,*,#11493,.T.);
#7551=ORIENTED_EDGE('',*,*,#11354,.T.);
#7552=ORIENTED_EDGE('',*,*,#11703,.T.);
#7553=ORIENTED_EDGE('',*,*,#11595,.T.);
#7554=CARTESIAN_POINT('',(2.8575,-1.1938,1.2446));
#7555=DIRECTION('',(1.0,0.0,0.0));
#7556=DIRECTION('',(0.0,1.0,0.0));
#7557=ORIENTED_EDGE('',*,*,#11760,.T.);
#7558=ORIENTED_EDGE('',*,*,#11296,.F.);
#7559=ORIENTED_EDGE('',*,*,#11706,.T.);
#7560=ORIENTED_EDGE('',*,*,#11604,.T.);
#7561=CARTESIAN_POINT('',(3.81,-1.143,-1.1684));
#7562=DIRECTION('',(1.0,0.0,0.0));
#7563=DIRECTION('',(0.0,1.0,0.0));
#7564=ORIENTED_EDGE('',*,*,#11761,.T.);
#7565=ORIENTED_EDGE('',*,*,#11297,.F.);
#7566=ORIENTED_EDGE('',*,*,#11760,.F.);
#7567=ORIENTED_EDGE('',*,*,#11603,.T.);
#7568=CARTESIAN_POINT('',(3.81,-1.143,0.0));
#7569=DIRECTION('',(0.0,1.0,-0.0));
#7570=DIRECTION('',(1.0,0.0,0.0));
#7571=ORIENTED_EDGE('',*,*,#11498,.T.);
#7572=ORIENTED_EDGE('',*,*,#11298,.F.);
#7573=ORIENTED_EDGE('',*,*,#11761,.F.);
#7574=ORIENTED_EDGE('',*,*,#11602,.F.);
#7575=CARTESIAN_POINT('',(4.3434,-1.143,-0.47041458310723));
#7576=DIRECTION('',(1.0,0.0,0.0));
#7577=DIRECTION('',(0.0,1.0,0.0));
#7578=ORIENTED_EDGE('',*,*,#11705,.F.);
#7579=ORIENTED_EDGE('',*,*,#11294,.F.);
#7580=ORIENTED_EDGE('',*,*,#11497,.F.);
#7581=ORIENTED_EDGE('',*,*,#11601,.F.);
#7582=CARTESIAN_POINT('',(4.7625,-0.9398,1.2446));
#7583=DIRECTION('',(-1.0,0.0,0.0));
#7584=DIRECTION('',(0.0,0.0,1.0));
#7585=ORIENTED_EDGE('',*,*,#11708,.F.);
#7586=ORIENTED_EDGE('',*,*,#11364,.F.);
#7587=ORIENTED_EDGE('',*,*,#11762,.F.);
#7588=ORIENTED_EDGE('',*,*,#11607,.F.);
#7589=CARTESIAN_POINT('',(0.7366,-1.143,0.47041458310723));
#7590=DIRECTION('',(-1.0,0.0,0.0));
#7591=DIRECTION('',(0.0,0.0,1.0));
#7592=ORIENTED_EDGE('',*,*,#11762,.T.);
#7593=ORIENTED_EDGE('',*,*,#11363,.F.);
#7594=ORIENTED_EDGE('',*,*,#11763,.F.);
#7595=ORIENTED_EDGE('',*,*,#11608,.T.);
#7596=CARTESIAN_POINT('',(1.27,-1.143,0.0));
#7597=DIRECTION('',(0.0,1.0,-0.0));
#7598=DIRECTION('',(1.0,0.0,0.0));
#7599=ORIENTED_EDGE('',*,*,#11763,.T.);
#7600=ORIENTED_EDGE('',*,*,#11362,.F.);
#7601=ORIENTED_EDGE('',*,*,#11501,.F.);
#7602=ORIENTED_EDGE('',*,*,#11609,.T.);
#7603=CARTESIAN_POINT('',(1.27,-1.143,1.1684));
#7604=DIRECTION('',(-1.0,0.0,0.0));
#7605=DIRECTION('',(0.0,0.0,1.0));
#7606=ORIENTED_EDGE('',*,*,#11499,.T.);
#7607=ORIENTED_EDGE('',*,*,#11360,.T.);
#7608=ORIENTED_EDGE('',*,*,#11707,.T.);
#7609=ORIENTED_EDGE('',*,*,#11605,.T.);
#7610=CARTESIAN_POINT('',(0.3175,-1.1938,1.2446));
#7611=DIRECTION('',(1.0,0.0,0.0));
#7612=DIRECTION('',(0.0,1.0,0.0));
#7613=ORIENTED_EDGE('',*,*,#11764,.T.);
#7614=ORIENTED_EDGE('',*,*,#11290,.F.);
#7615=ORIENTED_EDGE('',*,*,#11710,.T.);
#7616=ORIENTED_EDGE('',*,*,#11614,.T.);
#7617=CARTESIAN_POINT('',(1.27,-1.143,-1.1684));
#7618=DIRECTION('',(1.0,0.0,0.0));
#7619=DIRECTION('',(0.0,1.0,0.0));
#7620=ORIENTED_EDGE('',*,*,#11765,.T.);
#7621=ORIENTED_EDGE('',*,*,#11291,.F.);
#7622=ORIENTED_EDGE('',*,*,#11764,.F.);
#7623=ORIENTED_EDGE('',*,*,#11613,.T.);
#7624=CARTESIAN_POINT('',(1.27,-1.143,0.0));
#7625=DIRECTION('',(0.0,1.0,-0.0));
#7626=DIRECTION('',(1.0,0.0,0.0));
#7627=ORIENTED_EDGE('',*,*,#11504,.T.);
#7628=ORIENTED_EDGE('',*,*,#11292,.F.);
#7629=ORIENTED_EDGE('',*,*,#11765,.F.);
#7630=ORIENTED_EDGE('',*,*,#11612,.F.);
#7631=CARTESIAN_POINT('',(1.8034,-1.143,-0.47041458310723));
#7632=DIRECTION('',(1.0,0.0,0.0));
#7633=DIRECTION('',(0.0,1.0,0.0));
#7634=ORIENTED_EDGE('',*,*,#11709,.F.);
#7635=ORIENTED_EDGE('',*,*,#11288,.F.);
#7636=ORIENTED_EDGE('',*,*,#11503,.F.);
#7637=ORIENTED_EDGE('',*,*,#11611,.F.);
#7638=CARTESIAN_POINT('',(2.2225,-0.9398,1.2446));
#7639=DIRECTION('',(-1.0,0.0,0.0));
#7640=DIRECTION('',(0.0,0.0,1.0));
#7641=ORIENTED_EDGE('',*,*,#11712,.F.);
#7642=ORIENTED_EDGE('',*,*,#11370,.F.);
#7643=ORIENTED_EDGE('',*,*,#11766,.F.);
#7644=ORIENTED_EDGE('',*,*,#11617,.F.);
#7645=CARTESIAN_POINT('',(-1.8034,-1.143,0.47041458310723));
#7646=DIRECTION('',(-1.0,0.0,0.0));
#7647=DIRECTION('',(0.0,0.0,1.0));
#7648=ORIENTED_EDGE('',*,*,#11766,.T.);
#7649=ORIENTED_EDGE('',*,*,#11369,.F.);
#7650=ORIENTED_EDGE('',*,*,#11767,.F.);
#7651=ORIENTED_EDGE('',*,*,#11618,.T.);
#7652=CARTESIAN_POINT('',(-1.27,-1.143,0.0));
#7653=DIRECTION('',(0.0,1.0,-0.0));
#7654=DIRECTION('',(1.0,0.0,0.0));
#7655=ORIENTED_EDGE('',*,*,#11767,.T.);
#7656=ORIENTED_EDGE('',*,*,#11368,.F.);
#7657=ORIENTED_EDGE('',*,*,#11507,.F.);
#7658=ORIENTED_EDGE('',*,*,#11619,.T.);
#7659=CARTESIAN_POINT('',(-1.27,-1.143,1.1684));
#7660=DIRECTION('',(-1.0,0.0,0.0));
#7661=DIRECTION('',(0.0,0.0,1.0));
#7662=ORIENTED_EDGE('',*,*,#11505,.T.);
#7663=ORIENTED_EDGE('',*,*,#11366,.T.);
#7664=ORIENTED_EDGE('',*,*,#11711,.T.);
#7665=ORIENTED_EDGE('',*,*,#11615,.T.);
#7666=CARTESIAN_POINT('',(-2.2225,-1.1938,1.2446));
#7667=DIRECTION('',(1.0,0.0,0.0));
#7668=DIRECTION('',(0.0,1.0,0.0));
#7669=ORIENTED_EDGE('',*,*,#11768,.T.);
#7670=ORIENTED_EDGE('',*,*,#11284,.F.);
#7671=ORIENTED_EDGE('',*,*,#11714,.T.);
#7672=ORIENTED_EDGE('',*,*,#11624,.T.);
#7673=CARTESIAN_POINT('',(-1.27,-1.143,-1.1684));
#7674=DIRECTION('',(1.0,0.0,0.0));
#7675=DIRECTION('',(0.0,1.0,0.0));
#7676=ORIENTED_EDGE('',*,*,#11769,.T.);
#7677=ORIENTED_EDGE('',*,*,#11285,.F.);
#7678=ORIENTED_EDGE('',*,*,#11768,.F.);
#7679=ORIENTED_EDGE('',*,*,#11623,.T.);
#7680=CARTESIAN_POINT('',(-1.27,-1.143,0.0));
#7681=DIRECTION('',(0.0,1.0,-0.0));
#7682=DIRECTION('',(1.0,0.0,0.0));
#7683=ORIENTED_EDGE('',*,*,#11510,.T.);
#7684=ORIENTED_EDGE('',*,*,#11286,.F.);
#7685=ORIENTED_EDGE('',*,*,#11769,.F.);
#7686=ORIENTED_EDGE('',*,*,#11622,.F.);
#7687=CARTESIAN_POINT('',(-0.7366,-1.143,-0.47041458310723));
#7688=DIRECTION('',(1.0,0.0,0.0));
#7689=DIRECTION('',(0.0,1.0,0.0));
#7690=ORIENTED_EDGE('',*,*,#11713,.F.);
#7691=ORIENTED_EDGE('',*,*,#11282,.F.);
#7692=ORIENTED_EDGE('',*,*,#11509,.F.);
#7693=ORIENTED_EDGE('',*,*,#11621,.F.);
#7694=CARTESIAN_POINT('',(-0.3175,-0.9398,1.2446));
#7695=DIRECTION('',(-1.0,0.0,0.0));
#7696=DIRECTION('',(0.0,0.0,1.0));
#7697=ORIENTED_EDGE('',*,*,#11716,.F.);
#7698=ORIENTED_EDGE('',*,*,#11376,.F.);
#7699=ORIENTED_EDGE('',*,*,#11770,.F.);
#7700=ORIENTED_EDGE('',*,*,#11627,.F.);
#7701=CARTESIAN_POINT('',(-4.3434,-1.143,0.47041458310723));
#7702=DIRECTION('',(-1.0,0.0,0.0));
#7703=DIRECTION('',(0.0,0.0,1.0));
#7704=ORIENTED_EDGE('',*,*,#11770,.T.);
#7705=ORIENTED_EDGE('',*,*,#11375,.F.);
#7706=ORIENTED_EDGE('',*,*,#11771,.F.);
#7707=ORIENTED_EDGE('',*,*,#11628,.T.);
#7708=CARTESIAN_POINT('',(-3.81,-1.143,0.0));
#7709=DIRECTION('',(0.0,1.0,-0.0));
#7710=DIRECTION('',(1.0,0.0,0.0));
#7711=ORIENTED_EDGE('',*,*,#11771,.T.);
#7712=ORIENTED_EDGE('',*,*,#11374,.F.);
#7713=ORIENTED_EDGE('',*,*,#11513,.F.);
#7714=ORIENTED_EDGE('',*,*,#11629,.T.);
#7715=CARTESIAN_POINT('',(-3.81,-1.143,1.1684));
#7716=DIRECTION('',(-1.0,0.0,0.0));
#7717=DIRECTION('',(0.0,0.0,1.0));
#7718=ORIENTED_EDGE('',*,*,#11511,.T.);
#7719=ORIENTED_EDGE('',*,*,#11372,.T.);
#7720=ORIENTED_EDGE('',*,*,#11715,.T.);
#7721=ORIENTED_EDGE('',*,*,#11625,.T.);
#7722=CARTESIAN_POINT('',(-4.7625,-1.1938,1.2446));
#7723=DIRECTION('',(1.0,0.0,0.0));
#7724=DIRECTION('',(0.0,1.0,0.0));
#7725=ORIENTED_EDGE('',*,*,#11772,.T.);
#7726=ORIENTED_EDGE('',*,*,#11278,.F.);
#7727=ORIENTED_EDGE('',*,*,#11718,.T.);
#7728=ORIENTED_EDGE('',*,*,#11634,.T.);
#7729=CARTESIAN_POINT('',(-3.81,-1.143,-1.1684));
#7730=DIRECTION('',(1.0,0.0,0.0));
#7731=DIRECTION('',(0.0,1.0,0.0));
#7732=ORIENTED_EDGE('',*,*,#11773,.T.);
#7733=ORIENTED_EDGE('',*,*,#11279,.F.);
#7734=ORIENTED_EDGE('',*,*,#11772,.F.);
#7735=ORIENTED_EDGE('',*,*,#11633,.T.);
#7736=CARTESIAN_POINT('',(-3.81,-1.143,0.0));
#7737=DIRECTION('',(0.0,1.0,-0.0));
#7738=DIRECTION('',(1.0,0.0,0.0));
#7739=ORIENTED_EDGE('',*,*,#11516,.T.);
#7740=ORIENTED_EDGE('',*,*,#11280,.F.);
#7741=ORIENTED_EDGE('',*,*,#11773,.F.);
#7742=ORIENTED_EDGE('',*,*,#11632,.F.);
#7743=CARTESIAN_POINT('',(-3.2766,-1.143,-0.47041458310723));
#7744=DIRECTION('',(1.0,0.0,0.0));
#7745=DIRECTION('',(0.0,1.0,0.0));
#7746=ORIENTED_EDGE('',*,*,#11717,.F.);
#7747=ORIENTED_EDGE('',*,*,#11276,.F.);
#7748=ORIENTED_EDGE('',*,*,#11515,.F.);
#7749=ORIENTED_EDGE('',*,*,#11631,.F.);
#7750=CARTESIAN_POINT('',(-2.8575,-0.9398,1.2446));
#7751=DIRECTION('',(-1.0,0.0,0.0));
#7752=DIRECTION('',(0.0,0.0,1.0));
#7753=ORIENTED_EDGE('',*,*,#11720,.F.);
#7754=ORIENTED_EDGE('',*,*,#11382,.F.);
#7755=ORIENTED_EDGE('',*,*,#11774,.F.);
#7756=ORIENTED_EDGE('',*,*,#11637,.F.);
#7757=CARTESIAN_POINT('',(-6.8834,-1.143,0.47041458310723));
#7758=DIRECTION('',(-1.0,0.0,0.0));
#7759=DIRECTION('',(0.0,0.0,1.0));
#7760=ORIENTED_EDGE('',*,*,#11774,.T.);
#7761=ORIENTED_EDGE('',*,*,#11381,.F.);
#7762=ORIENTED_EDGE('',*,*,#11775,.F.);
#7763=ORIENTED_EDGE('',*,*,#11638,.T.);
#7764=CARTESIAN_POINT('',(-6.35,-1.143,0.0));
#7765=DIRECTION('',(0.0,1.0,-0.0));
#7766=DIRECTION('',(1.0,0.0,0.0));
#7767=ORIENTED_EDGE('',*,*,#11775,.T.);
#7768=ORIENTED_EDGE('',*,*,#11380,.F.);
#7769=ORIENTED_EDGE('',*,*,#11519,.F.);
#7770=ORIENTED_EDGE('',*,*,#11639,.T.);
#7771=CARTESIAN_POINT('',(-6.35,-1.143,1.1684));
#7772=DIRECTION('',(-1.0,0.0,0.0));
#7773=DIRECTION('',(0.0,0.0,1.0));
#7774=ORIENTED_EDGE('',*,*,#11517,.T.);
#7775=ORIENTED_EDGE('',*,*,#11378,.T.);
#7776=ORIENTED_EDGE('',*,*,#11719,.T.);
#7777=ORIENTED_EDGE('',*,*,#11635,.T.);
#7778=CARTESIAN_POINT('',(-7.3025,-1.1938,1.2446));
#7779=DIRECTION('',(1.0,0.0,0.0));
#7780=DIRECTION('',(0.0,1.0,0.0));
#7781=ORIENTED_EDGE('',*,*,#11776,.T.);
#7782=ORIENTED_EDGE('',*,*,#11272,.F.);
#7783=ORIENTED_EDGE('',*,*,#11722,.T.);
#7784=ORIENTED_EDGE('',*,*,#11644,.T.);
#7785=CARTESIAN_POINT('',(-6.35,-1.143,-1.1684));
#7786=DIRECTION('',(1.0,0.0,0.0));
#7787=DIRECTION('',(0.0,1.0,0.0));
#7788=ORIENTED_EDGE('',*,*,#11777,.T.);
#7789=ORIENTED_EDGE('',*,*,#11273,.F.);
#7790=ORIENTED_EDGE('',*,*,#11776,.F.);
#7791=ORIENTED_EDGE('',*,*,#11643,.T.);
#7792=CARTESIAN_POINT('',(-6.35,-1.143,0.0));
#7793=DIRECTION('',(0.0,1.0,-0.0));
#7794=DIRECTION('',(1.0,0.0,0.0));
#7795=ORIENTED_EDGE('',*,*,#11522,.T.);
#7796=ORIENTED_EDGE('',*,*,#11274,.F.);
#7797=ORIENTED_EDGE('',*,*,#11777,.F.);
#7798=ORIENTED_EDGE('',*,*,#11642,.F.);
#7799=CARTESIAN_POINT('',(-5.8166,-1.143,-0.47041458310723));
#7800=DIRECTION('',(1.0,0.0,0.0));
#7801=DIRECTION('',(0.0,1.0,0.0));
#7802=ORIENTED_EDGE('',*,*,#11721,.F.);
#7803=ORIENTED_EDGE('',*,*,#11270,.F.);
#7804=ORIENTED_EDGE('',*,*,#11521,.F.);
#7805=ORIENTED_EDGE('',*,*,#11641,.F.);
#7806=CARTESIAN_POINT('',(-5.3975,-0.9398,1.2446));
#7807=DIRECTION('',(-1.0,0.0,0.0));
#7808=DIRECTION('',(0.0,0.0,1.0));
#7809=ORIENTED_EDGE('',*,*,#11724,.F.);
#7810=ORIENTED_EDGE('',*,*,#11388,.F.);
#7811=ORIENTED_EDGE('',*,*,#11778,.F.);
#7812=ORIENTED_EDGE('',*,*,#11647,.F.);
#7813=CARTESIAN_POINT('',(-9.4234,-1.143,0.47041458310723));
#7814=DIRECTION('',(-1.0,0.0,0.0));
#7815=DIRECTION('',(0.0,0.0,1.0));
#7816=ORIENTED_EDGE('',*,*,#11778,.T.);
#7817=ORIENTED_EDGE('',*,*,#11387,.F.);
#7818=ORIENTED_EDGE('',*,*,#11779,.F.);
#7819=ORIENTED_EDGE('',*,*,#11648,.T.);
#7820=CARTESIAN_POINT('',(-8.89,-1.143,0.0));
#7821=DIRECTION('',(0.0,1.0,-0.0));
#7822=DIRECTION('',(1.0,0.0,0.0));
#7823=ORIENTED_EDGE('',*,*,#11779,.T.);
#7824=ORIENTED_EDGE('',*,*,#11386,.F.);
#7825=ORIENTED_EDGE('',*,*,#11525,.F.);
#7826=ORIENTED_EDGE('',*,*,#11649,.T.);
#7827=CARTESIAN_POINT('',(-8.89,-1.143,1.1684));
#7828=DIRECTION('',(-1.0,0.0,0.0));
#7829=DIRECTION('',(0.0,0.0,1.0));
#7830=ORIENTED_EDGE('',*,*,#11523,.T.);
#7831=ORIENTED_EDGE('',*,*,#11384,.T.);
#7832=ORIENTED_EDGE('',*,*,#11723,.T.);
#7833=ORIENTED_EDGE('',*,*,#11645,.T.);
#7834=CARTESIAN_POINT('',(-9.8425,-1.1938,1.2446));
#7835=DIRECTION('',(1.0,0.0,0.0));
#7836=DIRECTION('',(0.0,1.0,0.0));
#7837=ORIENTED_EDGE('',*,*,#11780,.T.);
#7838=ORIENTED_EDGE('',*,*,#11266,.F.);
#7839=ORIENTED_EDGE('',*,*,#11726,.T.);
#7840=ORIENTED_EDGE('',*,*,#11654,.T.);
#7841=CARTESIAN_POINT('',(-8.89,-1.143,-1.1684));
#7842=DIRECTION('',(1.0,0.0,0.0));
#7843=DIRECTION('',(0.0,1.0,0.0));
#7844=ORIENTED_EDGE('',*,*,#11781,.T.);
#7845=ORIENTED_EDGE('',*,*,#11267,.F.);
#7846=ORIENTED_EDGE('',*,*,#11780,.F.);
#7847=ORIENTED_EDGE('',*,*,#11653,.T.);
#7848=CARTESIAN_POINT('',(-8.89,-1.143,0.0));
#7849=DIRECTION('',(0.0,1.0,-0.0));
#7850=DIRECTION('',(1.0,0.0,0.0));
#7851=ORIENTED_EDGE('',*,*,#11528,.T.);
#7852=ORIENTED_EDGE('',*,*,#11268,.F.);
#7853=ORIENTED_EDGE('',*,*,#11781,.F.);
#7854=ORIENTED_EDGE('',*,*,#11652,.F.);
#7855=CARTESIAN_POINT('',(-8.3566,-1.143,-0.47041458310723));
#7856=DIRECTION('',(1.0,0.0,0.0));
#7857=DIRECTION('',(0.0,1.0,0.0));
#7858=ORIENTED_EDGE('',*,*,#11725,.F.);
#7859=ORIENTED_EDGE('',*,*,#11264,.F.);
#7860=ORIENTED_EDGE('',*,*,#11527,.F.);
#7861=ORIENTED_EDGE('',*,*,#11651,.F.);
#7862=CARTESIAN_POINT('',(-7.9375,-0.9398,1.2446));
#7863=DIRECTION('',(-1.0,0.0,0.0));
#7864=DIRECTION('',(0.0,0.0,1.0));
#7865=ORIENTED_EDGE('',*,*,#11728,.F.);
#7866=ORIENTED_EDGE('',*,*,#11394,.F.);
#7867=ORIENTED_EDGE('',*,*,#11782,.F.);
#7868=ORIENTED_EDGE('',*,*,#11657,.F.);
#7869=CARTESIAN_POINT('',(-11.9634,-1.143,0.47041458310723));
#7870=DIRECTION('',(-1.0,0.0,0.0));
#7871=DIRECTION('',(0.0,0.0,1.0));
#7872=ORIENTED_EDGE('',*,*,#11782,.T.);
#7873=ORIENTED_EDGE('',*,*,#11393,.F.);
#7874=ORIENTED_EDGE('',*,*,#11783,.F.);
#7875=ORIENTED_EDGE('',*,*,#11658,.T.);
#7876=CARTESIAN_POINT('',(-11.43,-1.143,0.0));
#7877=DIRECTION('',(0.0,1.0,-0.0));
#7878=DIRECTION('',(1.0,0.0,0.0));
#7879=ORIENTED_EDGE('',*,*,#11783,.T.);
#7880=ORIENTED_EDGE('',*,*,#11392,.F.);
#7881=ORIENTED_EDGE('',*,*,#11531,.F.);
#7882=ORIENTED_EDGE('',*,*,#11659,.T.);
#7883=CARTESIAN_POINT('',(-11.43,-1.143,1.1684));
#7884=DIRECTION('',(-1.0,0.0,0.0));
#7885=DIRECTION('',(0.0,0.0,1.0));
#7886=ORIENTED_EDGE('',*,*,#11529,.T.);
#7887=ORIENTED_EDGE('',*,*,#11390,.T.);
#7888=ORIENTED_EDGE('',*,*,#11727,.T.);
#7889=ORIENTED_EDGE('',*,*,#11655,.T.);
#7890=CARTESIAN_POINT('',(-12.3825,-1.1938,1.2446));
#7891=DIRECTION('',(1.0,0.0,0.0));
#7892=DIRECTION('',(0.0,1.0,0.0));
#7893=ORIENTED_EDGE('',*,*,#11784,.T.);
#7894=ORIENTED_EDGE('',*,*,#11260,.F.);
#7895=ORIENTED_EDGE('',*,*,#11730,.T.);
#7896=ORIENTED_EDGE('',*,*,#11664,.T.);
#7897=CARTESIAN_POINT('',(-11.43,-1.143,-1.1684));
#7898=DIRECTION('',(1.0,0.0,0.0));
#7899=DIRECTION('',(0.0,1.0,0.0));
#7900=ORIENTED_EDGE('',*,*,#11785,.T.);
#7901=ORIENTED_EDGE('',*,*,#11261,.F.);
#7902=ORIENTED_EDGE('',*,*,#11784,.F.);
#7903=ORIENTED_EDGE('',*,*,#11663,.T.);
#7904=CARTESIAN_POINT('',(-11.43,-1.143,0.0));
#7905=DIRECTION('',(0.0,1.0,-0.0));
#7906=DIRECTION('',(1.0,0.0,0.0));
#7907=ORIENTED_EDGE('',*,*,#11534,.T.);
#7908=ORIENTED_EDGE('',*,*,#11262,.F.);
#7909=ORIENTED_EDGE('',*,*,#11785,.F.);
#7910=ORIENTED_EDGE('',*,*,#11662,.F.);
#7911=CARTESIAN_POINT('',(-10.8966,-1.143,-0.47041458310723));
#7912=DIRECTION('',(1.0,0.0,0.0));
#7913=DIRECTION('',(0.0,1.0,0.0));
#7914=ORIENTED_EDGE('',*,*,#11729,.F.);
#7915=ORIENTED_EDGE('',*,*,#11258,.F.);
#7916=ORIENTED_EDGE('',*,*,#11533,.F.);
#7917=ORIENTED_EDGE('',*,*,#11661,.F.);
#7918=CARTESIAN_POINT('',(-10.4775,-0.9398,1.2446));
#7919=DIRECTION('',(-1.0,0.0,0.0));
#7920=DIRECTION('',(0.0,0.0,1.0));
#7921=ORIENTED_EDGE('',*,*,#11732,.F.);
#7922=ORIENTED_EDGE('',*,*,#11400,.F.);
#7923=ORIENTED_EDGE('',*,*,#11786,.F.);
#7924=ORIENTED_EDGE('',*,*,#11667,.F.);
#7925=CARTESIAN_POINT('',(-14.5034,-1.143,0.47041458310723));
#7926=DIRECTION('',(-1.0,0.0,0.0));
#7927=DIRECTION('',(0.0,0.0,1.0));
#7928=ORIENTED_EDGE('',*,*,#11786,.T.);
#7929=ORIENTED_EDGE('',*,*,#11399,.F.);
#7930=ORIENTED_EDGE('',*,*,#11787,.F.);
#7931=ORIENTED_EDGE('',*,*,#11668,.T.);
#7932=CARTESIAN_POINT('',(-13.97,-1.143,0.0));
#7933=DIRECTION('',(0.0,1.0,-0.0));
#7934=DIRECTION('',(1.0,0.0,0.0));
#7935=ORIENTED_EDGE('',*,*,#11787,.T.);
#7936=ORIENTED_EDGE('',*,*,#11398,.F.);
#7937=ORIENTED_EDGE('',*,*,#11537,.F.);
#7938=ORIENTED_EDGE('',*,*,#11669,.T.);
#7939=CARTESIAN_POINT('',(-13.97,-1.143,1.1684));
#7940=DIRECTION('',(-1.0,0.0,0.0));
#7941=DIRECTION('',(0.0,0.0,1.0));
#7942=ORIENTED_EDGE('',*,*,#11535,.T.);
#7943=ORIENTED_EDGE('',*,*,#11396,.T.);
#7944=ORIENTED_EDGE('',*,*,#11731,.T.);
#7945=ORIENTED_EDGE('',*,*,#11665,.T.);
#7946=CARTESIAN_POINT('',(-14.9225,-1.1938,1.2446));
#7947=DIRECTION('',(1.0,0.0,0.0));
#7948=DIRECTION('',(0.0,1.0,0.0));
#7949=ORIENTED_EDGE('',*,*,#11788,.T.);
#7950=ORIENTED_EDGE('',*,*,#11254,.F.);
#7951=ORIENTED_EDGE('',*,*,#11734,.T.);
#7952=ORIENTED_EDGE('',*,*,#11674,.T.);
#7953=CARTESIAN_POINT('',(-13.97,-1.143,-1.1684));
#7954=DIRECTION('',(1.0,0.0,0.0));
#7955=DIRECTION('',(0.0,1.0,0.0));
#7956=ORIENTED_EDGE('',*,*,#11789,.T.);
#7957=ORIENTED_EDGE('',*,*,#11255,.F.);
#7958=ORIENTED_EDGE('',*,*,#11788,.F.);
#7959=ORIENTED_EDGE('',*,*,#11673,.T.);
#7960=CARTESIAN_POINT('',(-13.97,-1.143,0.0));
#7961=DIRECTION('',(0.0,1.0,-0.0));
#7962=DIRECTION('',(1.0,0.0,0.0));
#7963=ORIENTED_EDGE('',*,*,#11540,.T.);
#7964=ORIENTED_EDGE('',*,*,#11256,.F.);
#7965=ORIENTED_EDGE('',*,*,#11789,.F.);
#7966=ORIENTED_EDGE('',*,*,#11672,.F.);
#7967=CARTESIAN_POINT('',(-13.4366,-1.143,-0.47041458310723));
#7968=DIRECTION('',(1.0,0.0,0.0));
#7969=DIRECTION('',(0.0,1.0,0.0));
#7970=ORIENTED_EDGE('',*,*,#11733,.F.);
#7971=ORIENTED_EDGE('',*,*,#11252,.F.);
#7972=ORIENTED_EDGE('',*,*,#11539,.F.);
#7973=ORIENTED_EDGE('',*,*,#11671,.F.);
#7974=CARTESIAN_POINT('',(-13.0175,-0.9398,1.2446));
#7975=DIRECTION('',(-1.0,0.0,0.0));
#7976=DIRECTION('',(0.0,0.0,1.0));
#7977=ORIENTED_EDGE('',*,*,#11735,.F.);
#7978=ORIENTED_EDGE('',*,*,#11250,.F.);
#7979=ORIENTED_EDGE('',*,*,#11790,.F.);
#7980=ORIENTED_EDGE('',*,*,#11676,.F.);
#7981=CARTESIAN_POINT('',(-17.0434,-1.143,0.47041458310723));
#7982=DIRECTION('',(-1.0,0.0,0.0));
#7983=DIRECTION('',(0.0,0.0,1.0));
#7984=ORIENTED_EDGE('',*,*,#11790,.T.);
#7985=ORIENTED_EDGE('',*,*,#11249,.F.);
#7986=ORIENTED_EDGE('',*,*,#11791,.F.);
#7987=ORIENTED_EDGE('',*,*,#11677,.T.);
#7988=CARTESIAN_POINT('',(-16.51,-1.143,0.0));
#7989=DIRECTION('',(0.0,1.0,-0.0));
#7990=DIRECTION('',(1.0,0.0,0.0));
#7991=ORIENTED_EDGE('',*,*,#11791,.T.);
#7992=ORIENTED_EDGE('',*,*,#11248,.F.);
#7993=ORIENTED_EDGE('',*,*,#11542,.F.);
#7994=ORIENTED_EDGE('',*,*,#11678,.T.);
#7995=CARTESIAN_POINT('',(-16.51,-1.143,1.1684));
#7996=DIRECTION('',(-1.0,0.0,0.0));
#7997=DIRECTION('',(0.0,0.0,1.0));
#7998=ORIENTED_EDGE('',*,*,#11792,.T.);
#7999=ORIENTED_EDGE('',*,*,#11404,.F.);
#8000=ORIENTED_EDGE('',*,*,#11737,.T.);
#8001=ORIENTED_EDGE('',*,*,#11683,.T.);
#8002=CARTESIAN_POINT('',(-16.51,-1.143,-1.1684));
#8003=DIRECTION('',(1.0,0.0,0.0));
#8004=DIRECTION('',(0.0,1.0,0.0));
#8005=ORIENTED_EDGE('',*,*,#11793,.T.);
#8006=ORIENTED_EDGE('',*,*,#11405,.F.);
#8007=ORIENTED_EDGE('',*,*,#11792,.F.);
#8008=ORIENTED_EDGE('',*,*,#11682,.T.);
#8009=CARTESIAN_POINT('',(-16.51,-1.143,0.0));
#8010=DIRECTION('',(0.0,1.0,-0.0));
#8011=DIRECTION('',(1.0,0.0,0.0));
#8012=ORIENTED_EDGE('',*,*,#11545,.T.);
#8013=ORIENTED_EDGE('',*,*,#11406,.F.);
#8014=ORIENTED_EDGE('',*,*,#11793,.F.);
#8015=ORIENTED_EDGE('',*,*,#11681,.F.);
#8016=CARTESIAN_POINT('',(-15.9766,-1.143,-0.47041458310723));
#8017=DIRECTION('',(1.0,0.0,0.0));
#8018=DIRECTION('',(0.0,1.0,0.0));
#8019=ORIENTED_EDGE('',*,*,#11736,.F.);
#8020=ORIENTED_EDGE('',*,*,#11402,.F.);
#8021=ORIENTED_EDGE('',*,*,#11544,.F.);
#8022=ORIENTED_EDGE('',*,*,#11680,.F.);
#8023=CARTESIAN_POINT('',(-15.5575,-0.9398,1.2446));
#8024=DIRECTION('',(-1.0,0.0,0.0));
#8025=DIRECTION('',(0.0,0.0,1.0));
#8026=ORIENTED_EDGE('',*,*,#11166,.F.);
#8027=ORIENTED_EDGE('',*,*,#11246,.T.);
#8028=ORIENTED_EDGE('',*,*,#11794,.F.);
#8029=ORIENTED_EDGE('',*,*,#10497,.T.);
#8030=CARTESIAN_POINT('',(-15.24,1.143,0.9906));
#8031=DIRECTION('',(-0.707106781186547,0.0,-0.707106781186547));
#8032=DIRECTION('',(-0.707106781186548,0.0,0.707106781186548));
#8033=ORIENTED_EDGE('',*,*,#11794,.T.);
#8034=ORIENTED_EDGE('',*,*,#11245,.T.);
#8035=ORIENTED_EDGE('',*,*,#11164,.T.);
#8036=ORIENTED_EDGE('',*,*,#10498,.T.);
#8037=CARTESIAN_POINT('',(-14.986,1.143,1.2446));
#8038=DIRECTION('',(0.707106781186498,0.0,-0.707106781186597));
#8039=DIRECTION('',(0.0,-1.0,0.0));
#8040=ORIENTED_EDGE('',*,*,#11163,.F.);
#8041=ORIENTED_EDGE('',*,*,#11244,.T.);
#8042=ORIENTED_EDGE('',*,*,#11795,.F.);
#8043=ORIENTED_EDGE('',*,*,#10500,.T.);
#8044=CARTESIAN_POINT('',(-12.7,1.143,0.9906));
#8045=DIRECTION('',(-0.707106781186547,0.0,-0.707106781186547));
#8046=DIRECTION('',(-0.707106781186548,0.0,0.707106781186548));
#8047=ORIENTED_EDGE('',*,*,#11795,.T.);
#8048=ORIENTED_EDGE('',*,*,#11243,.T.);
#8049=ORIENTED_EDGE('',*,*,#11161,.T.);
#8050=ORIENTED_EDGE('',*,*,#10501,.T.);
#8051=CARTESIAN_POINT('',(-12.446,1.143,1.2446));
#8052=DIRECTION('',(0.707106781186547,0.0,-0.707106781186547));
#8053=DIRECTION('',(0.0,-1.0,0.0));
#8054=ORIENTED_EDGE('',*,*,#11160,.F.);
#8055=ORIENTED_EDGE('',*,*,#11242,.T.);
#8056=ORIENTED_EDGE('',*,*,#11796,.F.);
#8057=ORIENTED_EDGE('',*,*,#10503,.T.);
#8058=CARTESIAN_POINT('',(-10.16,1.143,0.9906));
#8059=DIRECTION('',(-0.707106781186547,0.0,-0.707106781186547));
#8060=DIRECTION('',(-0.707106781186548,0.0,0.707106781186548));
#8061=ORIENTED_EDGE('',*,*,#11796,.T.);
#8062=ORIENTED_EDGE('',*,*,#11241,.T.);
#8063=ORIENTED_EDGE('',*,*,#11158,.T.);
#8064=ORIENTED_EDGE('',*,*,#10504,.T.);
#8065=CARTESIAN_POINT('',(-9.906,1.143,1.2446));
#8066=DIRECTION('',(0.707106781186498,0.0,-0.707106781186597));
#8067=DIRECTION('',(0.0,-1.0,0.0));
#8068=ORIENTED_EDGE('',*,*,#11157,.F.);
#8069=ORIENTED_EDGE('',*,*,#11240,.T.);
#8070=ORIENTED_EDGE('',*,*,#11797,.F.);
#8071=ORIENTED_EDGE('',*,*,#10506,.T.);
#8072=CARTESIAN_POINT('',(-7.62,1.143,0.9906));
#8073=DIRECTION('',(-0.707106781186597,0.0,-0.707106781186498));
#8074=DIRECTION('',(-0.707106781186498,0.0,0.707106781186597));
#8075=ORIENTED_EDGE('',*,*,#11797,.T.);
#8076=ORIENTED_EDGE('',*,*,#11239,.T.);
#8077=ORIENTED_EDGE('',*,*,#11155,.T.);
#8078=ORIENTED_EDGE('',*,*,#10507,.T.);
#8079=CARTESIAN_POINT('',(-7.366,1.143,1.2446));
#8080=DIRECTION('',(0.707106781186547,0.0,-0.707106781186547));
#8081=DIRECTION('',(0.0,-1.0,0.0));
#8082=ORIENTED_EDGE('',*,*,#11154,.F.);
#8083=ORIENTED_EDGE('',*,*,#11238,.T.);
#8084=ORIENTED_EDGE('',*,*,#11798,.F.);
#8085=ORIENTED_EDGE('',*,*,#10509,.T.);
#8086=CARTESIAN_POINT('',(-5.08,1.143,0.9906));
#8087=DIRECTION('',(-0.707106781186547,0.0,-0.707106781186547));
#8088=DIRECTION('',(-0.707106781186548,0.0,0.707106781186548));
#8089=ORIENTED_EDGE('',*,*,#11798,.T.);
#8090=ORIENTED_EDGE('',*,*,#11237,.T.);
#8091=ORIENTED_EDGE('',*,*,#11152,.T.);
#8092=ORIENTED_EDGE('',*,*,#10510,.T.);
#8093=CARTESIAN_POINT('',(-4.826,1.143,1.2446));
#8094=DIRECTION('',(0.707106781186547,0.0,-0.707106781186547));
#8095=DIRECTION('',(0.0,-1.0,0.0));
#8096=ORIENTED_EDGE('',*,*,#11151,.F.);
#8097=ORIENTED_EDGE('',*,*,#11236,.T.);
#8098=ORIENTED_EDGE('',*,*,#11799,.F.);
#8099=ORIENTED_EDGE('',*,*,#10512,.T.);
#8100=CARTESIAN_POINT('',(-2.54,1.143,0.9906));
#8101=DIRECTION('',(-0.707106781186547,0.0,-0.707106781186547));
#8102=DIRECTION('',(-0.707106781186548,0.0,0.707106781186548));
#8103=ORIENTED_EDGE('',*,*,#11799,.T.);
#8104=ORIENTED_EDGE('',*,*,#11235,.T.);
#8105=ORIENTED_EDGE('',*,*,#11149,.T.);
#8106=ORIENTED_EDGE('',*,*,#10513,.T.);
#8107=CARTESIAN_POINT('',(-2.286,1.143,1.2446));
#8108=DIRECTION('',(0.707106781186498,0.0,-0.707106781186597));
#8109=DIRECTION('',(0.0,-1.0,0.0));
#8110=ORIENTED_EDGE('',*,*,#11148,.F.);
#8111=ORIENTED_EDGE('',*,*,#11234,.T.);
#8112=ORIENTED_EDGE('',*,*,#11800,.F.);
#8113=ORIENTED_EDGE('',*,*,#10515,.T.);
#8114=CARTESIAN_POINT('',(0.0,1.143,0.9906));
#8115=DIRECTION('',(-0.707106781186547,0.0,-0.707106781186547));
#8116=DIRECTION('',(-0.707106781186548,0.0,0.707106781186548));
#8117=ORIENTED_EDGE('',*,*,#11800,.T.);
#8118=ORIENTED_EDGE('',*,*,#11233,.T.);
#8119=ORIENTED_EDGE('',*,*,#11146,.T.);
#8120=ORIENTED_EDGE('',*,*,#10516,.T.);
#8121=CARTESIAN_POINT('',(0.254,1.143,1.2446));
#8122=DIRECTION('',(0.707106781186498,0.0,-0.707106781186597));
#8123=DIRECTION('',(0.0,-1.0,0.0));
#8124=ORIENTED_EDGE('',*,*,#11145,.F.);
#8125=ORIENTED_EDGE('',*,*,#11232,.T.);
#8126=ORIENTED_EDGE('',*,*,#11801,.F.);
#8127=ORIENTED_EDGE('',*,*,#10518,.T.);
#8128=CARTESIAN_POINT('',(2.54,1.143,0.9906));
#8129=DIRECTION('',(-0.707106781186547,0.0,-0.707106781186547));
#8130=DIRECTION('',(-0.707106781186548,0.0,0.707106781186548));
#8131=ORIENTED_EDGE('',*,*,#11801,.T.);
#8132=ORIENTED_EDGE('',*,*,#11231,.T.);
#8133=ORIENTED_EDGE('',*,*,#11143,.T.);
#8134=ORIENTED_EDGE('',*,*,#10519,.T.);
#8135=CARTESIAN_POINT('',(2.794,1.143,1.2446));
#8136=DIRECTION('',(0.707106781186547,0.0,-0.707106781186547));
#8137=DIRECTION('',(0.0,-1.0,0.0));
#8138=ORIENTED_EDGE('',*,*,#11142,.F.);
#8139=ORIENTED_EDGE('',*,*,#11230,.T.);
#8140=ORIENTED_EDGE('',*,*,#11802,.F.);
#8141=ORIENTED_EDGE('',*,*,#10521,.T.);
#8142=CARTESIAN_POINT('',(5.08,1.143,0.9906));
#8143=DIRECTION('',(-0.707106781186547,0.0,-0.707106781186547));
#8144=DIRECTION('',(-0.707106781186548,0.0,0.707106781186548));
#8145=ORIENTED_EDGE('',*,*,#11802,.T.);
#8146=ORIENTED_EDGE('',*,*,#11229,.T.);
#8147=ORIENTED_EDGE('',*,*,#11140,.T.);
#8148=ORIENTED_EDGE('',*,*,#10522,.T.);
#8149=CARTESIAN_POINT('',(5.334,1.143,1.2446));
#8150=DIRECTION('',(0.707106781186547,0.0,-0.707106781186547));
#8151=DIRECTION('',(0.0,-1.0,0.0));
#8152=ORIENTED_EDGE('',*,*,#11139,.F.);
#8153=ORIENTED_EDGE('',*,*,#11228,.T.);
#8154=ORIENTED_EDGE('',*,*,#11803,.F.);
#8155=ORIENTED_EDGE('',*,*,#10524,.T.);
#8156=CARTESIAN_POINT('',(7.62,1.143,0.9906));
#8157=DIRECTION('',(-0.707106781186547,0.0,-0.707106781186547));
#8158=DIRECTION('',(-0.707106781186548,0.0,0.707106781186548));
#8159=ORIENTED_EDGE('',*,*,#11803,.T.);
#8160=ORIENTED_EDGE('',*,*,#11227,.T.);
#8161=ORIENTED_EDGE('',*,*,#11137,.T.);
#8162=ORIENTED_EDGE('',*,*,#10525,.T.);
#8163=CARTESIAN_POINT('',(7.874,1.143,1.2446));
#8164=DIRECTION('',(0.707106781186597,0.0,-0.707106781186498));
#8165=DIRECTION('',(0.0,-1.0,0.0));
#8166=ORIENTED_EDGE('',*,*,#11136,.F.);
#8167=ORIENTED_EDGE('',*,*,#11226,.T.);
#8168=ORIENTED_EDGE('',*,*,#11804,.F.);
#8169=ORIENTED_EDGE('',*,*,#10527,.T.);
#8170=CARTESIAN_POINT('',(10.16,1.143,0.9906));
#8171=DIRECTION('',(-0.707106781186547,0.0,-0.707106781186547));
#8172=DIRECTION('',(-0.707106781186548,0.0,0.707106781186548));
#8173=ORIENTED_EDGE('',*,*,#11804,.T.);
#8174=ORIENTED_EDGE('',*,*,#11225,.T.);
#8175=ORIENTED_EDGE('',*,*,#11134,.T.);
#8176=ORIENTED_EDGE('',*,*,#10528,.T.);
#8177=CARTESIAN_POINT('',(10.414,1.143,1.2446));
#8178=DIRECTION('',(0.707106781186547,0.0,-0.707106781186547));
#8179=DIRECTION('',(0.0,-1.0,0.0));
#8180=ORIENTED_EDGE('',*,*,#11133,.F.);
#8181=ORIENTED_EDGE('',*,*,#11224,.T.);
#8182=ORIENTED_EDGE('',*,*,#11805,.F.);
#8183=ORIENTED_EDGE('',*,*,#10530,.T.);
#8184=CARTESIAN_POINT('',(12.7,1.143,0.9906));
#8185=DIRECTION('',(-0.707106781186547,0.0,-0.707106781186547));
#8186=DIRECTION('',(-0.707106781186548,0.0,0.707106781186548));
#8187=ORIENTED_EDGE('',*,*,#11805,.T.);
#8188=ORIENTED_EDGE('',*,*,#11223,.T.);
#8189=ORIENTED_EDGE('',*,*,#11131,.T.);
#8190=ORIENTED_EDGE('',*,*,#10531,.T.);
#8191=CARTESIAN_POINT('',(12.954,1.143,1.2446));
#8192=DIRECTION('',(0.707106781186547,0.0,-0.707106781186547));
#8193=DIRECTION('',(0.0,-1.0,0.0));
#8194=ORIENTED_EDGE('',*,*,#11130,.F.);
#8195=ORIENTED_EDGE('',*,*,#11222,.T.);
#8196=ORIENTED_EDGE('',*,*,#11806,.F.);
#8197=ORIENTED_EDGE('',*,*,#10533,.T.);
#8198=CARTESIAN_POINT('',(15.24,1.143,0.9906));
#8199=DIRECTION('',(-0.707106781186547,0.0,-0.707106781186547));
#8200=DIRECTION('',(-0.707106781186548,0.0,0.707106781186548));
#8201=ORIENTED_EDGE('',*,*,#11806,.T.);
#8202=ORIENTED_EDGE('',*,*,#11221,.T.);
#8203=ORIENTED_EDGE('',*,*,#11127,.T.);
#8204=ORIENTED_EDGE('',*,*,#10534,.T.);
#8205=CARTESIAN_POINT('',(15.494,1.143,1.2446));
#8206=DIRECTION('',(0.707106781186547,0.0,-0.707106781186547));
#8207=DIRECTION('',(0.0,-1.0,0.0));
#8208=ORIENTED_EDGE('',*,*,#11220,.F.);
#8209=ORIENTED_EDGE('',*,*,#11807,.F.);
#8210=ORIENTED_EDGE('',*,*,#10536,.T.);
#8211=ORIENTED_EDGE('',*,*,#11126,.T.);
#8212=CARTESIAN_POINT('',(17.78,0.9398,1.0033));
#8213=DIRECTION('',(0.605083267533586,0.0,0.796162194123081));
#8214=DIRECTION('',(0.0,-1.0,0.0));
#8215=ORIENTED_EDGE('',*,*,#11808,.T.);
#8216=ORIENTED_EDGE('',*,*,#11211,.F.);
#8217=ORIENTED_EDGE('',*,*,#11809,.F.);
#8218=ORIENTED_EDGE('',*,*,#10545,.T.);
#8219=ORIENTED_EDGE('',*,*,#11810,.T.);
#8220=ORIENTED_EDGE('',*,*,#11811,.T.);
#8221=ORIENTED_EDGE('',*,*,#11812,.F.);
#8222=ORIENTED_EDGE('',*,*,#10537,.T.);
#8223=ORIENTED_EDGE('',*,*,#11807,.T.);
#8224=ORIENTED_EDGE('',*,*,#11219,.F.);
#8225=ORIENTED_EDGE('',*,*,#11813,.F.);
#8226=ORIENTED_EDGE('',*,*,#11814,.T.);
#8227=CARTESIAN_POINT('',(17.78,0.0,0.0));
#8228=DIRECTION('',(1.0,0.0,0.0));
#8229=DIRECTION('',(0.0,1.0,0.0));
#8230=ORIENTED_EDGE('',*,*,#11814,.F.);
#8231=ORIENTED_EDGE('',*,*,#11815,.F.);
#8232=ORIENTED_EDGE('',*,*,#10486,.T.);
#8233=ORIENTED_EDGE('',*,*,#11816,.T.);
#8234=CARTESIAN_POINT('',(17.62125,-0.7493,0.0));
#8235=DIRECTION('',(0.768221279597376,-0.64018439966448,0.0));
#8236=DIRECTION('',(0.0,0.0,-1.0));
#8237=ORIENTED_EDGE('',*,*,#11817,.T.);
#8238=ORIENTED_EDGE('',*,*,#11810,.F.);
#8239=ORIENTED_EDGE('',*,*,#10544,.T.);
#8240=CARTESIAN_POINT('',(17.78,0.9398,-0.9144));
#8241=DIRECTION('',(0.0,0.0,1.0));
#8242=DIRECTION('',(1.0,0.0,0.0));
#8243=ORIENTED_EDGE('',*,*,#11808,.F.);
#8244=ORIENTED_EDGE('',*,*,#11816,.F.);
#8245=ORIENTED_EDGE('',*,*,#11212,.F.);
#8246=CARTESIAN_POINT('',(17.78,0.9398,-0.9144));
#8247=DIRECTION('',(0.0,0.0,1.0));
#8248=DIRECTION('',(1.0,0.0,0.0));
#8249=ORIENTED_EDGE('',*,*,#10484,.T.);
#8250=ORIENTED_EDGE('',*,*,#11818,.T.);
#8251=ORIENTED_EDGE('',*,*,#11811,.F.);
#8252=ORIENTED_EDGE('',*,*,#11817,.F.);
#8253=CARTESIAN_POINT('',(17.62125,0.7493,0.0));
#8254=DIRECTION('',(0.768221279597376,0.64018439966448,0.0));
#8255=DIRECTION('',(0.0,0.0,-1.0));
#8256=ORIENTED_EDGE('',*,*,#11812,.T.);
#8257=ORIENTED_EDGE('',*,*,#11818,.F.);
#8258=ORIENTED_EDGE('',*,*,#10538,.T.);
#8259=CARTESIAN_POINT('',(17.4625,0.9398,0.9144));
#8260=DIRECTION('',(0.0,0.0,-1.0));
#8261=DIRECTION('',(0.0,-1.0,0.0));
#8262=ORIENTED_EDGE('',*,*,#11815,.T.);
#8263=ORIENTED_EDGE('',*,*,#11813,.T.);
#8264=ORIENTED_EDGE('',*,*,#11218,.F.);
#8265=CARTESIAN_POINT('',(17.4625,0.9398,0.9144));
#8266=DIRECTION('',(0.0,0.0,-1.0));
#8267=DIRECTION('',(0.0,-1.0,0.0));
#8268=ORIENTED_EDGE('',*,*,#10546,.T.);
#8269=ORIENTED_EDGE('',*,*,#11809,.T.);
#8270=ORIENTED_EDGE('',*,*,#11210,.F.);
#8271=ORIENTED_EDGE('',*,*,#11819,.F.);
#8272=CARTESIAN_POINT('',(17.4625,0.9398,-1.2446));
#8273=DIRECTION('',(0.605083267533586,0.0,-0.796162194123081));
#8274=DIRECTION('',(0.0,-1.0,0.0));
#8275=ORIENTED_EDGE('',*,*,#11819,.T.);
#8276=ORIENTED_EDGE('',*,*,#11209,.T.);
#8277=ORIENTED_EDGE('',*,*,#11820,.F.);
#8278=ORIENTED_EDGE('',*,*,#10547,.F.);
#8279=CARTESIAN_POINT('',(17.4625,0.9398,-1.2446));
#8280=DIRECTION('',(0.0,0.0,-1.0));
#8281=DIRECTION('',(0.0,-1.0,0.0));
#8282=ORIENTED_EDGE('',*,*,#10550,.F.);
#8283=ORIENTED_EDGE('',*,*,#11821,.T.);
#8284=ORIENTED_EDGE('',*,*,#11206,.T.);
#8285=ORIENTED_EDGE('',*,*,#11822,.F.);
#8286=CARTESIAN_POINT('',(17.4625,0.9398,-1.2446));
#8287=DIRECTION('',(0.0,0.0,-1.0));
#8288=DIRECTION('',(0.0,-1.0,0.0));
#8289=ORIENTED_EDGE('',*,*,#10553,.F.);
#8290=ORIENTED_EDGE('',*,*,#11823,.T.);
#8291=ORIENTED_EDGE('',*,*,#11203,.T.);
#8292=ORIENTED_EDGE('',*,*,#11824,.F.);
#8293=CARTESIAN_POINT('',(17.4625,0.9398,-1.2446));
#8294=DIRECTION('',(0.0,0.0,-1.0));
#8295=DIRECTION('',(0.0,-1.0,0.0));
#8296=ORIENTED_EDGE('',*,*,#10556,.F.);
#8297=ORIENTED_EDGE('',*,*,#11825,.T.);
#8298=ORIENTED_EDGE('',*,*,#11200,.T.);
#8299=ORIENTED_EDGE('',*,*,#11826,.F.);
#8300=CARTESIAN_POINT('',(17.4625,0.9398,-1.2446));
#8301=DIRECTION('',(0.0,0.0,-1.0));
#8302=DIRECTION('',(0.0,-1.0,0.0));
#8303=ORIENTED_EDGE('',*,*,#10559,.F.);
#8304=ORIENTED_EDGE('',*,*,#11827,.T.);
#8305=ORIENTED_EDGE('',*,*,#11197,.T.);
#8306=ORIENTED_EDGE('',*,*,#11828,.F.);
#8307=CARTESIAN_POINT('',(17.4625,0.9398,-1.2446));
#8308=DIRECTION('',(0.0,0.0,-1.0));
#8309=DIRECTION('',(0.0,-1.0,0.0));
#8310=ORIENTED_EDGE('',*,*,#10562,.F.);
#8311=ORIENTED_EDGE('',*,*,#11829,.T.);
#8312=ORIENTED_EDGE('',*,*,#11194,.T.);
#8313=ORIENTED_EDGE('',*,*,#11830,.F.);
#8314=CARTESIAN_POINT('',(17.4625,0.9398,-1.2446));
#8315=DIRECTION('',(0.0,0.0,-1.0));
#8316=DIRECTION('',(0.0,-1.0,0.0));
#8317=ORIENTED_EDGE('',*,*,#10565,.F.);
#8318=ORIENTED_EDGE('',*,*,#11831,.T.);
#8319=ORIENTED_EDGE('',*,*,#11191,.T.);
#8320=ORIENTED_EDGE('',*,*,#11832,.F.);
#8321=CARTESIAN_POINT('',(17.4625,0.9398,-1.2446));
#8322=DIRECTION('',(0.0,0.0,-1.0));
#8323=DIRECTION('',(0.0,-1.0,0.0));
#8324=ORIENTED_EDGE('',*,*,#10568,.F.);
#8325=ORIENTED_EDGE('',*,*,#11833,.T.);
#8326=ORIENTED_EDGE('',*,*,#11188,.T.);
#8327=ORIENTED_EDGE('',*,*,#11834,.F.);
#8328=CARTESIAN_POINT('',(17.4625,0.9398,-1.2446));
#8329=DIRECTION('',(0.0,0.0,-1.0));
#8330=DIRECTION('',(0.0,-1.0,0.0));
#8331=ORIENTED_EDGE('',*,*,#10571,.F.);
#8332=ORIENTED_EDGE('',*,*,#11835,.T.);
#8333=ORIENTED_EDGE('',*,*,#11185,.T.);
#8334=ORIENTED_EDGE('',*,*,#11836,.F.);
#8335=CARTESIAN_POINT('',(17.4625,0.9398,-1.2446));
#8336=DIRECTION('',(0.0,0.0,-1.0));
#8337=DIRECTION('',(0.0,-1.0,0.0));
#8338=ORIENTED_EDGE('',*,*,#10574,.F.);
#8339=ORIENTED_EDGE('',*,*,#11837,.T.);
#8340=ORIENTED_EDGE('',*,*,#11182,.T.);
#8341=ORIENTED_EDGE('',*,*,#11838,.F.);
#8342=CARTESIAN_POINT('',(17.4625,0.9398,-1.2446));
#8343=DIRECTION('',(0.0,0.0,-1.0));
#8344=DIRECTION('',(0.0,-1.0,0.0));
#8345=ORIENTED_EDGE('',*,*,#10577,.F.);
#8346=ORIENTED_EDGE('',*,*,#11839,.T.);
#8347=ORIENTED_EDGE('',*,*,#11179,.T.);
#8348=ORIENTED_EDGE('',*,*,#11840,.F.);
#8349=CARTESIAN_POINT('',(17.4625,0.9398,-1.2446));
#8350=DIRECTION('',(0.0,0.0,-1.0));
#8351=DIRECTION('',(0.0,-1.0,0.0));
#8352=ORIENTED_EDGE('',*,*,#10580,.F.);
#8353=ORIENTED_EDGE('',*,*,#11841,.T.);
#8354=ORIENTED_EDGE('',*,*,#11176,.T.);
#8355=ORIENTED_EDGE('',*,*,#11842,.F.);
#8356=CARTESIAN_POINT('',(17.4625,0.9398,-1.2446));
#8357=DIRECTION('',(0.0,0.0,-1.0));
#8358=DIRECTION('',(0.0,-1.0,0.0));
#8359=ORIENTED_EDGE('',*,*,#11170,.T.);
#8360=ORIENTED_EDGE('',*,*,#11843,.F.);
#8361=ORIENTED_EDGE('',*,*,#10586,.F.);
#8362=ORIENTED_EDGE('',*,*,#11844,.T.);
#8363=CARTESIAN_POINT('',(17.4625,0.9398,-1.2446));
#8364=DIRECTION('',(0.0,0.0,-1.0));
#8365=DIRECTION('',(0.0,-1.0,0.0));
#8366=ORIENTED_EDGE('',*,*,#10583,.F.);
#8367=ORIENTED_EDGE('',*,*,#11845,.T.);
#8368=ORIENTED_EDGE('',*,*,#11173,.T.);
#8369=ORIENTED_EDGE('',*,*,#11846,.F.);
#8370=CARTESIAN_POINT('',(17.4625,0.9398,-1.2446));
#8371=DIRECTION('',(0.0,0.0,-1.0));
#8372=DIRECTION('',(0.0,-1.0,0.0));
#8373=ORIENTED_EDGE('',*,*,#11820,.T.);
#8374=ORIENTED_EDGE('',*,*,#11208,.T.);
#8375=ORIENTED_EDGE('',*,*,#11847,.F.);
#8376=ORIENTED_EDGE('',*,*,#10548,.T.);
#8377=CARTESIAN_POINT('',(15.24,1.143,-0.9906));
#8378=DIRECTION('',(0.707106781186547,0.0,0.707106781186547));
#8379=DIRECTION('',(0.0,-1.0,0.0));
#8380=ORIENTED_EDGE('',*,*,#11847,.T.);
#8381=ORIENTED_EDGE('',*,*,#11207,.T.);
#8382=ORIENTED_EDGE('',*,*,#11821,.F.);
#8383=ORIENTED_EDGE('',*,*,#10549,.T.);
#8384=CARTESIAN_POINT('',(14.986,1.143,-1.2446));
#8385=DIRECTION('',(-0.707106781186547,0.0,0.707106781186547));
#8386=DIRECTION('',(0.0,1.0,0.0));
#8387=ORIENTED_EDGE('',*,*,#11822,.T.);
#8388=ORIENTED_EDGE('',*,*,#11205,.T.);
#8389=ORIENTED_EDGE('',*,*,#11848,.F.);
#8390=ORIENTED_EDGE('',*,*,#10551,.T.);
#8391=CARTESIAN_POINT('',(12.7,1.143,-0.9906));
#8392=DIRECTION('',(0.707106781186547,0.0,0.707106781186547));
#8393=DIRECTION('',(0.0,-1.0,0.0));
#8394=ORIENTED_EDGE('',*,*,#11848,.T.);
#8395=ORIENTED_EDGE('',*,*,#11204,.T.);
#8396=ORIENTED_EDGE('',*,*,#11823,.F.);
#8397=ORIENTED_EDGE('',*,*,#10552,.T.);
#8398=CARTESIAN_POINT('',(12.446,1.143,-1.2446));
#8399=DIRECTION('',(-0.707106781186547,0.0,0.707106781186547));
#8400=DIRECTION('',(0.0,1.0,0.0));
#8401=ORIENTED_EDGE('',*,*,#11824,.T.);
#8402=ORIENTED_EDGE('',*,*,#11202,.T.);
#8403=ORIENTED_EDGE('',*,*,#11849,.F.);
#8404=ORIENTED_EDGE('',*,*,#10554,.T.);
#8405=CARTESIAN_POINT('',(10.16,1.143,-0.9906));
#8406=DIRECTION('',(0.707106781186547,0.0,0.707106781186547));
#8407=DIRECTION('',(0.0,-1.0,0.0));
#8408=ORIENTED_EDGE('',*,*,#11849,.T.);
#8409=ORIENTED_EDGE('',*,*,#11201,.T.);
#8410=ORIENTED_EDGE('',*,*,#11825,.F.);
#8411=ORIENTED_EDGE('',*,*,#10555,.T.);
#8412=CARTESIAN_POINT('',(9.906,1.143,-1.2446));
#8413=DIRECTION('',(-0.707106781186547,0.0,0.707106781186547));
#8414=DIRECTION('',(0.0,1.0,0.0));
#8415=ORIENTED_EDGE('',*,*,#11826,.T.);
#8416=ORIENTED_EDGE('',*,*,#11199,.T.);
#8417=ORIENTED_EDGE('',*,*,#11850,.F.);
#8418=ORIENTED_EDGE('',*,*,#10557,.T.);
#8419=CARTESIAN_POINT('',(7.62,1.143,-0.9906));
#8420=DIRECTION('',(0.707106781186547,0.0,0.707106781186547));
#8421=DIRECTION('',(0.0,-1.0,0.0));
#8422=ORIENTED_EDGE('',*,*,#11850,.T.);
#8423=ORIENTED_EDGE('',*,*,#11198,.T.);
#8424=ORIENTED_EDGE('',*,*,#11827,.F.);
#8425=ORIENTED_EDGE('',*,*,#10558,.T.);
#8426=CARTESIAN_POINT('',(7.366,1.143,-1.2446));
#8427=DIRECTION('',(-0.707106781186547,0.0,0.707106781186547));
#8428=DIRECTION('',(0.0,1.0,0.0));
#8429=ORIENTED_EDGE('',*,*,#11828,.T.);
#8430=ORIENTED_EDGE('',*,*,#11196,.T.);
#8431=ORIENTED_EDGE('',*,*,#11851,.F.);
#8432=ORIENTED_EDGE('',*,*,#10560,.T.);
#8433=CARTESIAN_POINT('',(5.08,1.143,-0.9906));
#8434=DIRECTION('',(0.707106781186547,0.0,0.707106781186547));
#8435=DIRECTION('',(0.0,-1.0,0.0));
#8436=ORIENTED_EDGE('',*,*,#11851,.T.);
#8437=ORIENTED_EDGE('',*,*,#11195,.T.);
#8438=ORIENTED_EDGE('',*,*,#11829,.F.);
#8439=ORIENTED_EDGE('',*,*,#10561,.T.);
#8440=CARTESIAN_POINT('',(4.826,1.143,-1.2446));
#8441=DIRECTION('',(-0.707106781186547,0.0,0.707106781186547));
#8442=DIRECTION('',(0.0,1.0,0.0));
#8443=ORIENTED_EDGE('',*,*,#11830,.T.);
#8444=ORIENTED_EDGE('',*,*,#11193,.T.);
#8445=ORIENTED_EDGE('',*,*,#11852,.F.);
#8446=ORIENTED_EDGE('',*,*,#10563,.T.);
#8447=CARTESIAN_POINT('',(2.54,1.143,-0.9906));
#8448=DIRECTION('',(0.707106781186547,0.0,0.707106781186547));
#8449=DIRECTION('',(0.0,-1.0,0.0));
#8450=ORIENTED_EDGE('',*,*,#11852,.T.);
#8451=ORIENTED_EDGE('',*,*,#11192,.T.);
#8452=ORIENTED_EDGE('',*,*,#11831,.F.);
#8453=ORIENTED_EDGE('',*,*,#10564,.T.);
#8454=CARTESIAN_POINT('',(2.286,1.143,-1.2446));
#8455=DIRECTION('',(-0.707106781186547,0.0,0.707106781186547));
#8456=DIRECTION('',(0.0,1.0,0.0));
#8457=ORIENTED_EDGE('',*,*,#11832,.T.);
#8458=ORIENTED_EDGE('',*,*,#11190,.T.);
#8459=ORIENTED_EDGE('',*,*,#11853,.F.);
#8460=ORIENTED_EDGE('',*,*,#10566,.T.);
#8461=CARTESIAN_POINT('',(0.0,1.143,-0.9906));
#8462=DIRECTION('',(0.707106781186547,0.0,0.707106781186547));
#8463=DIRECTION('',(0.0,-1.0,0.0));
#8464=ORIENTED_EDGE('',*,*,#11853,.T.);
#8465=ORIENTED_EDGE('',*,*,#11189,.T.);
#8466=ORIENTED_EDGE('',*,*,#11833,.F.);
#8467=ORIENTED_EDGE('',*,*,#10567,.T.);
#8468=CARTESIAN_POINT('',(-0.254,1.143,-1.2446));
#8469=DIRECTION('',(-0.707106781186547,0.0,0.707106781186547));
#8470=DIRECTION('',(0.0,1.0,0.0));
#8471=ORIENTED_EDGE('',*,*,#11834,.T.);
#8472=ORIENTED_EDGE('',*,*,#11187,.T.);
#8473=ORIENTED_EDGE('',*,*,#11854,.F.);
#8474=ORIENTED_EDGE('',*,*,#10569,.T.);
#8475=CARTESIAN_POINT('',(-2.54,1.143,-0.9906));
#8476=DIRECTION('',(0.707106781186547,0.0,0.707106781186547));
#8477=DIRECTION('',(0.0,-1.0,0.0));
#8478=ORIENTED_EDGE('',*,*,#11854,.T.);
#8479=ORIENTED_EDGE('',*,*,#11186,.T.);
#8480=ORIENTED_EDGE('',*,*,#11835,.F.);
#8481=ORIENTED_EDGE('',*,*,#10570,.T.);
#8482=CARTESIAN_POINT('',(-2.794,1.143,-1.2446));
#8483=DIRECTION('',(-0.707106781186547,0.0,0.707106781186547));
#8484=DIRECTION('',(0.0,1.0,0.0));
#8485=ORIENTED_EDGE('',*,*,#11836,.T.);
#8486=ORIENTED_EDGE('',*,*,#11184,.T.);
#8487=ORIENTED_EDGE('',*,*,#11855,.F.);
#8488=ORIENTED_EDGE('',*,*,#10572,.T.);
#8489=CARTESIAN_POINT('',(-5.08,1.143,-0.9906));
#8490=DIRECTION('',(0.707106781186547,0.0,0.707106781186547));
#8491=DIRECTION('',(0.0,-1.0,0.0));
#8492=ORIENTED_EDGE('',*,*,#11855,.T.);
#8493=ORIENTED_EDGE('',*,*,#11183,.T.);
#8494=ORIENTED_EDGE('',*,*,#11837,.F.);
#8495=ORIENTED_EDGE('',*,*,#10573,.T.);
#8496=CARTESIAN_POINT('',(-5.334,1.143,-1.2446));
#8497=DIRECTION('',(-0.707106781186547,0.0,0.707106781186547));
#8498=DIRECTION('',(0.0,1.0,0.0));
#8499=ORIENTED_EDGE('',*,*,#11838,.T.);
#8500=ORIENTED_EDGE('',*,*,#11181,.T.);
#8501=ORIENTED_EDGE('',*,*,#11856,.F.);
#8502=ORIENTED_EDGE('',*,*,#10575,.T.);
#8503=CARTESIAN_POINT('',(-7.62,1.143,-0.9906));
#8504=DIRECTION('',(0.707106781186597,0.0,0.707106781186498));
#8505=DIRECTION('',(0.0,-1.0,0.0));
#8506=ORIENTED_EDGE('',*,*,#11856,.T.);
#8507=ORIENTED_EDGE('',*,*,#11180,.T.);
#8508=ORIENTED_EDGE('',*,*,#11839,.F.);
#8509=ORIENTED_EDGE('',*,*,#10576,.T.);
#8510=CARTESIAN_POINT('',(-7.874,1.143,-1.2446));
#8511=DIRECTION('',(-0.707106781186547,0.0,0.707106781186547));
#8512=DIRECTION('',(0.0,1.0,0.0));
#8513=ORIENTED_EDGE('',*,*,#11840,.T.);
#8514=ORIENTED_EDGE('',*,*,#11178,.T.);
#8515=ORIENTED_EDGE('',*,*,#11857,.F.);
#8516=ORIENTED_EDGE('',*,*,#10578,.T.);
#8517=CARTESIAN_POINT('',(-10.16,1.143,-0.9906));
#8518=DIRECTION('',(0.707106781186547,0.0,0.707106781186547));
#8519=DIRECTION('',(0.0,-1.0,0.0));
#8520=ORIENTED_EDGE('',*,*,#11857,.T.);
#8521=ORIENTED_EDGE('',*,*,#11177,.T.);
#8522=ORIENTED_EDGE('',*,*,#11841,.F.);
#8523=ORIENTED_EDGE('',*,*,#10579,.T.);
#8524=CARTESIAN_POINT('',(-10.414,1.143,-1.2446));
#8525=DIRECTION('',(-0.707106781186547,0.0,0.707106781186547));
#8526=DIRECTION('',(0.0,1.0,0.0));
#8527=ORIENTED_EDGE('',*,*,#11842,.T.);
#8528=ORIENTED_EDGE('',*,*,#11175,.T.);
#8529=ORIENTED_EDGE('',*,*,#11858,.F.);
#8530=ORIENTED_EDGE('',*,*,#10581,.T.);
#8531=CARTESIAN_POINT('',(-12.7,1.143,-0.9906));
#8532=DIRECTION('',(0.707106781186547,0.0,0.707106781186547));
#8533=DIRECTION('',(0.0,-1.0,0.0));
#8534=ORIENTED_EDGE('',*,*,#11858,.T.);
#8535=ORIENTED_EDGE('',*,*,#11174,.T.);
#8536=ORIENTED_EDGE('',*,*,#11845,.F.);
#8537=ORIENTED_EDGE('',*,*,#10582,.T.);
#8538=CARTESIAN_POINT('',(-12.954,1.143,-1.2446));
#8539=DIRECTION('',(-0.707106781186547,0.0,0.707106781186547));
#8540=DIRECTION('',(0.0,1.0,0.0));
#8541=ORIENTED_EDGE('',*,*,#11859,.T.);
#8542=ORIENTED_EDGE('',*,*,#11171,.T.);
#8543=ORIENTED_EDGE('',*,*,#11844,.F.);
#8544=ORIENTED_EDGE('',*,*,#10585,.T.);
#8545=CARTESIAN_POINT('',(-15.494,1.143,-1.2446));
#8546=DIRECTION('',(-0.707106781186547,0.0,0.707106781186547));
#8547=DIRECTION('',(0.0,1.0,0.0));
#8548=ORIENTED_EDGE('',*,*,#11846,.T.);
#8549=ORIENTED_EDGE('',*,*,#11172,.T.);
#8550=ORIENTED_EDGE('',*,*,#11859,.F.);
#8551=ORIENTED_EDGE('',*,*,#10584,.T.);
#8552=CARTESIAN_POINT('',(-15.24,1.143,-0.9906));
#8553=DIRECTION('',(0.707106781186547,0.0,0.707106781186547));
#8554=DIRECTION('',(0.0,-1.0,0.0));
#8555=ORIENTED_EDGE('',*,*,#11169,.F.);
#8556=ORIENTED_EDGE('',*,*,#11860,.F.);
#8557=ORIENTED_EDGE('',*,*,#10587,.T.);
#8558=ORIENTED_EDGE('',*,*,#11843,.T.);
#8559=CARTESIAN_POINT('',(-17.78,0.9398,-1.0033));
#8560=DIRECTION('',(-0.605083267533586,0.0,-0.796162194123081));
#8561=DIRECTION('',(-0.796162194123081,0.0,0.605083267533586));
#8562=ORIENTED_EDGE('',*,*,#11860,.T.);
#8563=ORIENTED_EDGE('',*,*,#11168,.F.);
#8564=ORIENTED_EDGE('',*,*,#11861,.F.);
#8565=ORIENTED_EDGE('',*,*,#10588,.T.);
#8566=CARTESIAN_POINT('',(-17.78,0.9398,-0.9144));
#8567=DIRECTION('',(-1.0,0.0,0.0));
#8568=DIRECTION('',(0.0,0.0,1.0));
#8569=ORIENTED_EDGE('',*,*,#11861,.T.);
#8570=ORIENTED_EDGE('',*,*,#11167,.F.);
#8571=ORIENTED_EDGE('',*,*,#11113,.F.);
#8572=ORIENTED_EDGE('',*,*,#10589,.T.);
#8573=CARTESIAN_POINT('',(-17.4625,0.9398,-0.9144));
#8574=DIRECTION('',(0.0,0.0,1.0));
#8575=DIRECTION('',(1.0,0.0,0.0));
#8576=ORIENTED_EDGE('',*,*,#11862,.F.);
#8577=ORIENTED_EDGE('',*,*,#10755,.F.);
#8578=ORIENTED_EDGE('',*,*,#11863,.F.);
#8579=ORIENTED_EDGE('',*,*,#11864,.T.);
#8580=CARTESIAN_POINT('',(16.1798,0.0,0.0));
#8581=DIRECTION('',(1.0,0.0,0.0));
#8582=DIRECTION('',(0.0,1.0,0.0));
#8583=ORIENTED_EDGE('',*,*,#11865,.F.);
#8584=ORIENTED_EDGE('',*,*,#11411,.T.);
#8585=ORIENTED_EDGE('',*,*,#11866,.F.);
#8586=ORIENTED_EDGE('',*,*,#11867,.T.);
#8587=CARTESIAN_POINT('',(16.1798,0.0,0.0));
#8588=DIRECTION('',(1.0,0.0,0.0));
#8589=DIRECTION('',(0.0,1.0,0.0));
#8590=ORIENTED_EDGE('',*,*,#11868,.F.);
#8591=ORIENTED_EDGE('',*,*,#11864,.F.);
#8592=ORIENTED_EDGE('',*,*,#11869,.F.);
#8593=ORIENTED_EDGE('',*,*,#11870,.T.);
#8594=CARTESIAN_POINT('',(16.27505,8.763,0.0));
#8595=DIRECTION('',(-0.982872186934318,0.184288535050203,0.0));
#8596=DIRECTION('',(0.0,0.0,1.0));
#8597=ORIENTED_EDGE('',*,*,#11870,.F.);
#8598=ORIENTED_EDGE('',*,*,#11871,.F.);
#8599=ORIENTED_EDGE('',*,*,#11872,.F.);
#8600=ORIENTED_EDGE('',*,*,#11873,.T.);
#8601=CARTESIAN_POINT('',(16.1798,9.271,-0.3302));
#8602=DIRECTION('',(-0.0,1.0,0.0));
#8603=DIRECTION('',(1.0,0.0,0.0));
#8604=ORIENTED_EDGE('',*,*,#11874,.T.);
#8605=ORIENTED_EDGE('',*,*,#11875,.T.);
#8606=ORIENTED_EDGE('',*,*,#11868,.T.);
#8607=ORIENTED_EDGE('',*,*,#11873,.F.);
#8608=CARTESIAN_POINT('',(16.51,8.763,-0.23495));
#8609=DIRECTION('',(0.0,0.184288535050203,-0.982872186934318));
#8610=DIRECTION('',(-1.0,0.0,0.0));
#8611=ORIENTED_EDGE('',*,*,#11876,.F.);
#8612=ORIENTED_EDGE('',*,*,#10752,.F.);
#8613=ORIENTED_EDGE('',*,*,#11862,.T.);
#8614=ORIENTED_EDGE('',*,*,#11875,.F.);
#8615=CARTESIAN_POINT('',(16.1798,-4.191,-0.3302));
#8616=DIRECTION('',(0.0,0.0,-1.0));
#8617=DIRECTION('',(0.0,-1.0,0.0));
#8618=ORIENTED_EDGE('',*,*,#11866,.T.);
#8619=ORIENTED_EDGE('',*,*,#11410,.T.);
#8620=ORIENTED_EDGE('',*,*,#11877,.F.);
#8621=ORIENTED_EDGE('',*,*,#11878,.T.);
#8622=CARTESIAN_POINT('',(16.1798,-4.191,-0.3302));
#8623=DIRECTION('',(0.0,0.0,-1.0));
#8624=DIRECTION('',(0.0,-1.0,0.0));
#8625=ORIENTED_EDGE('',*,*,#11879,.T.);
#8626=ORIENTED_EDGE('',*,*,#10753,.T.);
#8627=ORIENTED_EDGE('',*,*,#11876,.T.);
#8628=ORIENTED_EDGE('',*,*,#11880,.T.);
#8629=CARTESIAN_POINT('',(16.8402,0.0,0.0));
#8630=DIRECTION('',(1.0,0.0,0.0));
#8631=DIRECTION('',(0.0,1.0,0.0));
#8632=ORIENTED_EDGE('',*,*,#11877,.T.);
#8633=ORIENTED_EDGE('',*,*,#11409,.F.);
#8634=ORIENTED_EDGE('',*,*,#11881,.T.);
#8635=ORIENTED_EDGE('',*,*,#11882,.T.);
#8636=CARTESIAN_POINT('',(16.8402,0.0,0.0));
#8637=DIRECTION('',(1.0,0.0,0.0));
#8638=DIRECTION('',(0.0,1.0,0.0));
#8639=ORIENTED_EDGE('',*,*,#11883,.F.);
#8640=ORIENTED_EDGE('',*,*,#11880,.F.);
#8641=ORIENTED_EDGE('',*,*,#11874,.F.);
#8642=ORIENTED_EDGE('',*,*,#11872,.T.);
#8643=CARTESIAN_POINT('',(16.74495,8.763,0.0));
#8644=DIRECTION('',(0.982872186934318,0.184288535050203,0.0));
#8645=DIRECTION('',(0.0,0.0,-1.0));
#8646=ORIENTED_EDGE('',*,*,#11883,.T.);
#8647=ORIENTED_EDGE('',*,*,#11871,.T.);
#8648=ORIENTED_EDGE('',*,*,#11869,.T.);
#8649=ORIENTED_EDGE('',*,*,#11884,.F.);
#8650=CARTESIAN_POINT('',(16.51,8.763,0.23495));
#8651=DIRECTION('',(0.0,0.184288535050203,0.982872186934318));
#8652=DIRECTION('',(1.0,-0.0,0.0));
#8653=ORIENTED_EDGE('',*,*,#11863,.T.);
#8654=ORIENTED_EDGE('',*,*,#10754,.T.);
#8655=ORIENTED_EDGE('',*,*,#11879,.F.);
#8656=ORIENTED_EDGE('',*,*,#11884,.T.);
#8657=CARTESIAN_POINT('',(16.1798,9.271,0.3302));
#8658=DIRECTION('',(0.0,0.0,1.0));
#8659=DIRECTION('',(1.0,0.0,0.0));
#8660=ORIENTED_EDGE('',*,*,#11881,.F.);
#8661=ORIENTED_EDGE('',*,*,#11408,.F.);
#8662=ORIENTED_EDGE('',*,*,#11865,.T.);
#8663=ORIENTED_EDGE('',*,*,#11885,.F.);
#8664=CARTESIAN_POINT('',(16.1798,9.271,0.3302));
#8665=DIRECTION('',(0.0,0.0,1.0));
#8666=DIRECTION('',(1.0,0.0,0.0));
#8667=ORIENTED_EDGE('',*,*,#11886,.F.);
#8668=ORIENTED_EDGE('',*,*,#11887,.F.);
#8669=ORIENTED_EDGE('',*,*,#11888,.T.);
#8670=ORIENTED_EDGE('',*,*,#11885,.T.);
#8671=CARTESIAN_POINT('',(16.51,-3.683,0.23495));
#8672=DIRECTION('',(0.0,-0.184288535050203,0.982872186934318));
#8673=DIRECTION('',(-1.0,0.0,0.0));
#8674=ORIENTED_EDGE('',*,*,#11889,.T.);
#8675=ORIENTED_EDGE('',*,*,#11882,.F.);
#8676=ORIENTED_EDGE('',*,*,#11888,.F.);
#8677=ORIENTED_EDGE('',*,*,#11890,.T.);
#8678=CARTESIAN_POINT('',(16.74495,-3.683,0.0));
#8679=DIRECTION('',(0.982872186934318,-0.184288535050203,0.0));
#8680=DIRECTION('',(0.0,0.0,-1.0));
#8681=ORIENTED_EDGE('',*,*,#11890,.F.);
#8682=ORIENTED_EDGE('',*,*,#11887,.T.);
#8683=ORIENTED_EDGE('',*,*,#11891,.F.);
#8684=ORIENTED_EDGE('',*,*,#11892,.F.);
#8685=CARTESIAN_POINT('',(16.1798,-4.191,0.3302));
#8686=DIRECTION('',(0.0,-1.0,0.0));
#8687=DIRECTION('',(0.0,0.0,-1.0));
#8688=ORIENTED_EDGE('',*,*,#11889,.F.);
#8689=ORIENTED_EDGE('',*,*,#11892,.T.);
#8690=ORIENTED_EDGE('',*,*,#11893,.T.);
#8691=ORIENTED_EDGE('',*,*,#11878,.F.);
#8692=CARTESIAN_POINT('',(16.51,-3.683,-0.23495));
#8693=DIRECTION('',(0.0,-0.184288535050203,-0.982872186934318));
#8694=DIRECTION('',(0.0,-0.982872186934319,0.184288535050203));
#8695=ORIENTED_EDGE('',*,*,#11893,.F.);
#8696=ORIENTED_EDGE('',*,*,#11891,.T.);
#8697=ORIENTED_EDGE('',*,*,#11886,.T.);
#8698=ORIENTED_EDGE('',*,*,#11867,.F.);
#8699=CARTESIAN_POINT('',(16.27505,-3.683,0.0));
#8700=DIRECTION('',(-0.982872186934318,-0.184288535050203,0.0));
#8701=DIRECTION('',(-0.184288535050203,0.982872186934319,0.0));
#8702=ORIENTED_EDGE('',*,*,#11894,.F.);
#8703=ORIENTED_EDGE('',*,*,#10759,.F.);
#8704=ORIENTED_EDGE('',*,*,#11895,.F.);
#8705=ORIENTED_EDGE('',*,*,#11896,.T.);
#8706=CARTESIAN_POINT('',(13.6398,0.0,0.0));
#8707=DIRECTION('',(1.0,0.0,0.0));
#8708=DIRECTION('',(0.0,1.0,0.0));
#8709=ORIENTED_EDGE('',*,*,#11897,.F.);
#8710=ORIENTED_EDGE('',*,*,#11415,.T.);
#8711=ORIENTED_EDGE('',*,*,#11898,.F.);
#8712=ORIENTED_EDGE('',*,*,#11899,.T.);
#8713=CARTESIAN_POINT('',(13.6398,0.0,0.0));
#8714=DIRECTION('',(1.0,0.0,0.0));
#8715=DIRECTION('',(0.0,1.0,0.0));
#8716=ORIENTED_EDGE('',*,*,#11900,.F.);
#8717=ORIENTED_EDGE('',*,*,#11896,.F.);
#8718=ORIENTED_EDGE('',*,*,#11901,.F.);
#8719=ORIENTED_EDGE('',*,*,#11902,.T.);
#8720=CARTESIAN_POINT('',(13.73505,8.763,0.0));
#8721=DIRECTION('',(-0.982872186934318,0.184288535050203,0.0));
#8722=DIRECTION('',(0.0,0.0,1.0));
#8723=ORIENTED_EDGE('',*,*,#11902,.F.);
#8724=ORIENTED_EDGE('',*,*,#11903,.F.);
#8725=ORIENTED_EDGE('',*,*,#11904,.F.);
#8726=ORIENTED_EDGE('',*,*,#11905,.T.);
#8727=CARTESIAN_POINT('',(13.6398,9.271,-0.3302));
#8728=DIRECTION('',(-0.0,1.0,0.0));
#8729=DIRECTION('',(1.0,0.0,0.0));
#8730=ORIENTED_EDGE('',*,*,#11906,.T.);
#8731=ORIENTED_EDGE('',*,*,#11907,.T.);
#8732=ORIENTED_EDGE('',*,*,#11900,.T.);
#8733=ORIENTED_EDGE('',*,*,#11905,.F.);
#8734=CARTESIAN_POINT('',(13.97,8.763,-0.23495));
#8735=DIRECTION('',(0.0,0.184288535050203,-0.982872186934318));
#8736=DIRECTION('',(-1.0,0.0,0.0));
#8737=ORIENTED_EDGE('',*,*,#11908,.F.);
#8738=ORIENTED_EDGE('',*,*,#10756,.F.);
#8739=ORIENTED_EDGE('',*,*,#11894,.T.);
#8740=ORIENTED_EDGE('',*,*,#11907,.F.);
#8741=CARTESIAN_POINT('',(13.6398,-4.191,-0.3302));
#8742=DIRECTION('',(0.0,0.0,-1.0));
#8743=DIRECTION('',(0.0,-1.0,0.0));
#8744=ORIENTED_EDGE('',*,*,#11898,.T.);
#8745=ORIENTED_EDGE('',*,*,#11414,.T.);
#8746=ORIENTED_EDGE('',*,*,#11909,.F.);
#8747=ORIENTED_EDGE('',*,*,#11910,.T.);
#8748=CARTESIAN_POINT('',(13.6398,-4.191,-0.3302));
#8749=DIRECTION('',(0.0,0.0,-1.0));
#8750=DIRECTION('',(0.0,-1.0,0.0));
#8751=ORIENTED_EDGE('',*,*,#11911,.T.);
#8752=ORIENTED_EDGE('',*,*,#10757,.T.);
#8753=ORIENTED_EDGE('',*,*,#11908,.T.);
#8754=ORIENTED_EDGE('',*,*,#11912,.T.);
#8755=CARTESIAN_POINT('',(14.3002,0.0,0.0));
#8756=DIRECTION('',(1.0,0.0,0.0));
#8757=DIRECTION('',(0.0,1.0,0.0));
#8758=ORIENTED_EDGE('',*,*,#11909,.T.);
#8759=ORIENTED_EDGE('',*,*,#11413,.F.);
#8760=ORIENTED_EDGE('',*,*,#11913,.T.);
#8761=ORIENTED_EDGE('',*,*,#11914,.T.);
#8762=CARTESIAN_POINT('',(14.3002,0.0,0.0));
#8763=DIRECTION('',(1.0,0.0,0.0));
#8764=DIRECTION('',(0.0,1.0,0.0));
#8765=ORIENTED_EDGE('',*,*,#11915,.F.);
#8766=ORIENTED_EDGE('',*,*,#11912,.F.);
#8767=ORIENTED_EDGE('',*,*,#11906,.F.);
#8768=ORIENTED_EDGE('',*,*,#11904,.T.);
#8769=CARTESIAN_POINT('',(14.20495,8.763,0.0));
#8770=DIRECTION('',(0.982872186934318,0.184288535050203,0.0));
#8771=DIRECTION('',(0.0,0.0,-1.0));
#8772=ORIENTED_EDGE('',*,*,#11915,.T.);
#8773=ORIENTED_EDGE('',*,*,#11903,.T.);
#8774=ORIENTED_EDGE('',*,*,#11901,.T.);
#8775=ORIENTED_EDGE('',*,*,#11916,.F.);
#8776=CARTESIAN_POINT('',(13.97,8.763,0.23495));
#8777=DIRECTION('',(0.0,0.184288535050203,0.982872186934318));
#8778=DIRECTION('',(1.0,-0.0,0.0));
#8779=ORIENTED_EDGE('',*,*,#11895,.T.);
#8780=ORIENTED_EDGE('',*,*,#10758,.T.);
#8781=ORIENTED_EDGE('',*,*,#11911,.F.);
#8782=ORIENTED_EDGE('',*,*,#11916,.T.);
#8783=CARTESIAN_POINT('',(13.6398,9.271,0.3302));
#8784=DIRECTION('',(0.0,0.0,1.0));
#8785=DIRECTION('',(1.0,0.0,0.0));
#8786=ORIENTED_EDGE('',*,*,#11913,.F.);
#8787=ORIENTED_EDGE('',*,*,#11412,.F.);
#8788=ORIENTED_EDGE('',*,*,#11897,.T.);
#8789=ORIENTED_EDGE('',*,*,#11917,.F.);
#8790=CARTESIAN_POINT('',(13.6398,9.271,0.3302));
#8791=DIRECTION('',(0.0,0.0,1.0));
#8792=DIRECTION('',(1.0,0.0,0.0));
#8793=ORIENTED_EDGE('',*,*,#11918,.F.);
#8794=ORIENTED_EDGE('',*,*,#11919,.F.);
#8795=ORIENTED_EDGE('',*,*,#11920,.T.);
#8796=ORIENTED_EDGE('',*,*,#11917,.T.);
#8797=CARTESIAN_POINT('',(13.97,-3.683,0.23495));
#8798=DIRECTION('',(0.0,-0.184288535050203,0.982872186934318));
#8799=DIRECTION('',(-1.0,0.0,0.0));
#8800=ORIENTED_EDGE('',*,*,#11921,.F.);
#8801=ORIENTED_EDGE('',*,*,#11914,.F.);
#8802=ORIENTED_EDGE('',*,*,#11920,.F.);
#8803=ORIENTED_EDGE('',*,*,#11922,.T.);
#8804=CARTESIAN_POINT('',(14.20495,-3.683,0.0));
#8805=DIRECTION('',(0.982872186934318,-0.184288535050203,0.0));
#8806=DIRECTION('',(0.0,0.0,-1.0));
#8807=ORIENTED_EDGE('',*,*,#11922,.F.);
#8808=ORIENTED_EDGE('',*,*,#11919,.T.);
#8809=ORIENTED_EDGE('',*,*,#11923,.F.);
#8810=ORIENTED_EDGE('',*,*,#11924,.F.);
#8811=CARTESIAN_POINT('',(13.6398,-4.191,0.3302));
#8812=DIRECTION('',(0.0,-1.0,0.0));
#8813=DIRECTION('',(0.0,0.0,-1.0));
#8814=ORIENTED_EDGE('',*,*,#11921,.T.);
#8815=ORIENTED_EDGE('',*,*,#11924,.T.);
#8816=ORIENTED_EDGE('',*,*,#11925,.T.);
#8817=ORIENTED_EDGE('',*,*,#11910,.F.);
#8818=CARTESIAN_POINT('',(13.97,-3.683,-0.23495));
#8819=DIRECTION('',(0.0,-0.184288535050203,-0.982872186934318));
#8820=DIRECTION('',(0.0,-0.982872186934319,0.184288535050203));
#8821=ORIENTED_EDGE('',*,*,#11925,.F.);
#8822=ORIENTED_EDGE('',*,*,#11923,.T.);
#8823=ORIENTED_EDGE('',*,*,#11918,.T.);
#8824=ORIENTED_EDGE('',*,*,#11899,.F.);
#8825=CARTESIAN_POINT('',(13.73505,-3.683,0.0));
#8826=DIRECTION('',(-0.982872186934318,-0.184288535050203,0.0));
#8827=DIRECTION('',(-0.184288535050203,0.982872186934319,0.0));
#8828=ORIENTED_EDGE('',*,*,#11926,.F.);
#8829=ORIENTED_EDGE('',*,*,#10763,.F.);
#8830=ORIENTED_EDGE('',*,*,#11927,.F.);
#8831=ORIENTED_EDGE('',*,*,#11928,.T.);
#8832=CARTESIAN_POINT('',(11.0998,0.0,0.0));
#8833=DIRECTION('',(1.0,0.0,0.0));
#8834=DIRECTION('',(0.0,1.0,0.0));
#8835=ORIENTED_EDGE('',*,*,#11929,.F.);
#8836=ORIENTED_EDGE('',*,*,#11419,.T.);
#8837=ORIENTED_EDGE('',*,*,#11930,.F.);
#8838=ORIENTED_EDGE('',*,*,#11931,.T.);
#8839=CARTESIAN_POINT('',(11.0998,0.0,0.0));
#8840=DIRECTION('',(1.0,0.0,0.0));
#8841=DIRECTION('',(0.0,1.0,0.0));
#8842=ORIENTED_EDGE('',*,*,#11932,.F.);
#8843=ORIENTED_EDGE('',*,*,#11928,.F.);
#8844=ORIENTED_EDGE('',*,*,#11933,.F.);
#8845=ORIENTED_EDGE('',*,*,#11934,.T.);
#8846=CARTESIAN_POINT('',(11.19505,8.763,0.0));
#8847=DIRECTION('',(-0.982872186934318,0.184288535050203,0.0));
#8848=DIRECTION('',(0.0,0.0,1.0));
#8849=ORIENTED_EDGE('',*,*,#11934,.F.);
#8850=ORIENTED_EDGE('',*,*,#11935,.F.);
#8851=ORIENTED_EDGE('',*,*,#11936,.F.);
#8852=ORIENTED_EDGE('',*,*,#11937,.T.);
#8853=CARTESIAN_POINT('',(11.0998,9.271,-0.3302));
#8854=DIRECTION('',(-0.0,1.0,0.0));
#8855=DIRECTION('',(1.0,0.0,0.0));
#8856=ORIENTED_EDGE('',*,*,#11938,.T.);
#8857=ORIENTED_EDGE('',*,*,#11939,.T.);
#8858=ORIENTED_EDGE('',*,*,#11932,.T.);
#8859=ORIENTED_EDGE('',*,*,#11937,.F.);
#8860=CARTESIAN_POINT('',(11.43,8.763,-0.23495));
#8861=DIRECTION('',(0.0,0.184288535050203,-0.982872186934318));
#8862=DIRECTION('',(-1.0,0.0,0.0));
#8863=ORIENTED_EDGE('',*,*,#11940,.F.);
#8864=ORIENTED_EDGE('',*,*,#10760,.F.);
#8865=ORIENTED_EDGE('',*,*,#11926,.T.);
#8866=ORIENTED_EDGE('',*,*,#11939,.F.);
#8867=CARTESIAN_POINT('',(11.0998,-4.191,-0.3302));
#8868=DIRECTION('',(0.0,0.0,-1.0));
#8869=DIRECTION('',(0.0,-1.0,0.0));
#8870=ORIENTED_EDGE('',*,*,#11930,.T.);
#8871=ORIENTED_EDGE('',*,*,#11418,.T.);
#8872=ORIENTED_EDGE('',*,*,#11941,.F.);
#8873=ORIENTED_EDGE('',*,*,#11942,.T.);
#8874=CARTESIAN_POINT('',(11.0998,-4.191,-0.3302));
#8875=DIRECTION('',(0.0,0.0,-1.0));
#8876=DIRECTION('',(0.0,-1.0,0.0));
#8877=ORIENTED_EDGE('',*,*,#11943,.T.);
#8878=ORIENTED_EDGE('',*,*,#10761,.T.);
#8879=ORIENTED_EDGE('',*,*,#11940,.T.);
#8880=ORIENTED_EDGE('',*,*,#11944,.T.);
#8881=CARTESIAN_POINT('',(11.7602,0.0,0.0));
#8882=DIRECTION('',(1.0,0.0,0.0));
#8883=DIRECTION('',(0.0,1.0,0.0));
#8884=ORIENTED_EDGE('',*,*,#11941,.T.);
#8885=ORIENTED_EDGE('',*,*,#11417,.F.);
#8886=ORIENTED_EDGE('',*,*,#11945,.T.);
#8887=ORIENTED_EDGE('',*,*,#11946,.T.);
#8888=CARTESIAN_POINT('',(11.7602,0.0,0.0));
#8889=DIRECTION('',(1.0,0.0,0.0));
#8890=DIRECTION('',(0.0,1.0,0.0));
#8891=ORIENTED_EDGE('',*,*,#11947,.F.);
#8892=ORIENTED_EDGE('',*,*,#11944,.F.);
#8893=ORIENTED_EDGE('',*,*,#11938,.F.);
#8894=ORIENTED_EDGE('',*,*,#11936,.T.);
#8895=CARTESIAN_POINT('',(11.66495,8.763,0.0));
#8896=DIRECTION('',(0.982872186934318,0.184288535050203,0.0));
#8897=DIRECTION('',(0.0,0.0,-1.0));
#8898=ORIENTED_EDGE('',*,*,#11947,.T.);
#8899=ORIENTED_EDGE('',*,*,#11935,.T.);
#8900=ORIENTED_EDGE('',*,*,#11933,.T.);
#8901=ORIENTED_EDGE('',*,*,#11948,.F.);
#8902=CARTESIAN_POINT('',(11.43,8.763,0.23495));
#8903=DIRECTION('',(0.0,0.184288535050203,0.982872186934318));
#8904=DIRECTION('',(1.0,-0.0,0.0));
#8905=ORIENTED_EDGE('',*,*,#11927,.T.);
#8906=ORIENTED_EDGE('',*,*,#10762,.T.);
#8907=ORIENTED_EDGE('',*,*,#11943,.F.);
#8908=ORIENTED_EDGE('',*,*,#11948,.T.);
#8909=CARTESIAN_POINT('',(11.0998,9.271,0.3302));
#8910=DIRECTION('',(0.0,0.0,1.0));
#8911=DIRECTION('',(1.0,0.0,0.0));
#8912=ORIENTED_EDGE('',*,*,#11945,.F.);
#8913=ORIENTED_EDGE('',*,*,#11416,.F.);
#8914=ORIENTED_EDGE('',*,*,#11929,.T.);
#8915=ORIENTED_EDGE('',*,*,#11949,.F.);
#8916=CARTESIAN_POINT('',(11.0998,9.271,0.3302));
#8917=DIRECTION('',(0.0,0.0,1.0));
#8918=DIRECTION('',(1.0,0.0,0.0));
#8919=ORIENTED_EDGE('',*,*,#11950,.F.);
#8920=ORIENTED_EDGE('',*,*,#11951,.F.);
#8921=ORIENTED_EDGE('',*,*,#11952,.T.);
#8922=ORIENTED_EDGE('',*,*,#11949,.T.);
#8923=CARTESIAN_POINT('',(11.43,-3.683,0.23495));
#8924=DIRECTION('',(0.0,-0.184288535050203,0.982872186934318));
#8925=DIRECTION('',(-1.0,0.0,0.0));
#8926=ORIENTED_EDGE('',*,*,#11953,.F.);
#8927=ORIENTED_EDGE('',*,*,#11946,.F.);
#8928=ORIENTED_EDGE('',*,*,#11952,.F.);
#8929=ORIENTED_EDGE('',*,*,#11954,.T.);
#8930=CARTESIAN_POINT('',(11.66495,-3.683,0.0));
#8931=DIRECTION('',(0.982872186934318,-0.184288535050203,0.0));
#8932=DIRECTION('',(0.0,0.0,-1.0));
#8933=ORIENTED_EDGE('',*,*,#11954,.F.);
#8934=ORIENTED_EDGE('',*,*,#11951,.T.);
#8935=ORIENTED_EDGE('',*,*,#11955,.F.);
#8936=ORIENTED_EDGE('',*,*,#11956,.F.);
#8937=CARTESIAN_POINT('',(11.0998,-4.191,0.3302));
#8938=DIRECTION('',(0.0,-1.0,0.0));
#8939=DIRECTION('',(0.0,0.0,-1.0));
#8940=ORIENTED_EDGE('',*,*,#11953,.T.);
#8941=ORIENTED_EDGE('',*,*,#11956,.T.);
#8942=ORIENTED_EDGE('',*,*,#11957,.T.);
#8943=ORIENTED_EDGE('',*,*,#11942,.F.);
#8944=CARTESIAN_POINT('',(11.43,-3.683,-0.23495));
#8945=DIRECTION('',(0.0,-0.184288535050203,-0.982872186934318));
#8946=DIRECTION('',(0.0,-0.982872186934319,0.184288535050203));
#8947=ORIENTED_EDGE('',*,*,#11957,.F.);
#8948=ORIENTED_EDGE('',*,*,#11955,.T.);
#8949=ORIENTED_EDGE('',*,*,#11950,.T.);
#8950=ORIENTED_EDGE('',*,*,#11931,.F.);
#8951=CARTESIAN_POINT('',(11.19505,-3.683,0.0));
#8952=DIRECTION('',(-0.982872186934318,-0.184288535050203,0.0));
#8953=DIRECTION('',(-0.184288535050203,0.982872186934319,0.0));
#8954=ORIENTED_EDGE('',*,*,#11958,.F.);
#8955=ORIENTED_EDGE('',*,*,#10767,.F.);
#8956=ORIENTED_EDGE('',*,*,#11959,.F.);
#8957=ORIENTED_EDGE('',*,*,#11960,.T.);
#8958=CARTESIAN_POINT('',(8.5598,0.0,0.0));
#8959=DIRECTION('',(1.0,0.0,0.0));
#8960=DIRECTION('',(0.0,1.0,0.0));
#8961=ORIENTED_EDGE('',*,*,#11961,.F.);
#8962=ORIENTED_EDGE('',*,*,#11423,.T.);
#8963=ORIENTED_EDGE('',*,*,#11962,.F.);
#8964=ORIENTED_EDGE('',*,*,#11963,.T.);
#8965=CARTESIAN_POINT('',(8.5598,0.0,0.0));
#8966=DIRECTION('',(1.0,0.0,0.0));
#8967=DIRECTION('',(0.0,1.0,0.0));
#8968=ORIENTED_EDGE('',*,*,#11964,.F.);
#8969=ORIENTED_EDGE('',*,*,#11960,.F.);
#8970=ORIENTED_EDGE('',*,*,#11965,.F.);
#8971=ORIENTED_EDGE('',*,*,#11966,.T.);
#8972=CARTESIAN_POINT('',(8.65505,8.763,0.0));
#8973=DIRECTION('',(-0.982872186934318,0.184288535050203,0.0));
#8974=DIRECTION('',(0.0,0.0,1.0));
#8975=ORIENTED_EDGE('',*,*,#11966,.F.);
#8976=ORIENTED_EDGE('',*,*,#11967,.F.);
#8977=ORIENTED_EDGE('',*,*,#11968,.F.);
#8978=ORIENTED_EDGE('',*,*,#11969,.T.);
#8979=CARTESIAN_POINT('',(8.5598,9.271,-0.3302));
#8980=DIRECTION('',(-0.0,1.0,0.0));
#8981=DIRECTION('',(1.0,0.0,0.0));
#8982=ORIENTED_EDGE('',*,*,#11970,.T.);
#8983=ORIENTED_EDGE('',*,*,#11971,.T.);
#8984=ORIENTED_EDGE('',*,*,#11964,.T.);
#8985=ORIENTED_EDGE('',*,*,#11969,.F.);
#8986=CARTESIAN_POINT('',(8.89,8.763,-0.23495));
#8987=DIRECTION('',(0.0,0.184288535050203,-0.982872186934318));
#8988=DIRECTION('',(-1.0,0.0,0.0));
#8989=ORIENTED_EDGE('',*,*,#11972,.F.);
#8990=ORIENTED_EDGE('',*,*,#10764,.F.);
#8991=ORIENTED_EDGE('',*,*,#11958,.T.);
#8992=ORIENTED_EDGE('',*,*,#11971,.F.);
#8993=CARTESIAN_POINT('',(8.5598,-4.191,-0.3302));
#8994=DIRECTION('',(0.0,0.0,-1.0));
#8995=DIRECTION('',(0.0,-1.0,0.0));
#8996=ORIENTED_EDGE('',*,*,#11962,.T.);
#8997=ORIENTED_EDGE('',*,*,#11422,.T.);
#8998=ORIENTED_EDGE('',*,*,#11973,.F.);
#8999=ORIENTED_EDGE('',*,*,#11974,.T.);
#9000=CARTESIAN_POINT('',(8.5598,-4.191,-0.3302));
#9001=DIRECTION('',(0.0,0.0,-1.0));
#9002=DIRECTION('',(0.0,-1.0,0.0));
#9003=ORIENTED_EDGE('',*,*,#11975,.T.);
#9004=ORIENTED_EDGE('',*,*,#10765,.T.);
#9005=ORIENTED_EDGE('',*,*,#11972,.T.);
#9006=ORIENTED_EDGE('',*,*,#11976,.T.);
#9007=CARTESIAN_POINT('',(9.2202,0.0,0.0));
#9008=DIRECTION('',(1.0,0.0,0.0));
#9009=DIRECTION('',(0.0,1.0,0.0));
#9010=ORIENTED_EDGE('',*,*,#11973,.T.);
#9011=ORIENTED_EDGE('',*,*,#11421,.F.);
#9012=ORIENTED_EDGE('',*,*,#11977,.T.);
#9013=ORIENTED_EDGE('',*,*,#11978,.T.);
#9014=CARTESIAN_POINT('',(9.2202,0.0,0.0));
#9015=DIRECTION('',(1.0,0.0,0.0));
#9016=DIRECTION('',(0.0,1.0,0.0));
#9017=ORIENTED_EDGE('',*,*,#11979,.F.);
#9018=ORIENTED_EDGE('',*,*,#11976,.F.);
#9019=ORIENTED_EDGE('',*,*,#11970,.F.);
#9020=ORIENTED_EDGE('',*,*,#11968,.T.);
#9021=CARTESIAN_POINT('',(9.12495,8.763,0.0));
#9022=DIRECTION('',(0.982872186934318,0.184288535050203,0.0));
#9023=DIRECTION('',(0.0,0.0,-1.0));
#9024=ORIENTED_EDGE('',*,*,#11979,.T.);
#9025=ORIENTED_EDGE('',*,*,#11967,.T.);
#9026=ORIENTED_EDGE('',*,*,#11965,.T.);
#9027=ORIENTED_EDGE('',*,*,#11980,.F.);
#9028=CARTESIAN_POINT('',(8.89,8.763,0.23495));
#9029=DIRECTION('',(0.0,0.184288535050203,0.982872186934318));
#9030=DIRECTION('',(1.0,-0.0,0.0));
#9031=ORIENTED_EDGE('',*,*,#11959,.T.);
#9032=ORIENTED_EDGE('',*,*,#10766,.T.);
#9033=ORIENTED_EDGE('',*,*,#11975,.F.);
#9034=ORIENTED_EDGE('',*,*,#11980,.T.);
#9035=CARTESIAN_POINT('',(8.5598,9.271,0.3302));
#9036=DIRECTION('',(0.0,0.0,1.0));
#9037=DIRECTION('',(1.0,0.0,0.0));
#9038=ORIENTED_EDGE('',*,*,#11977,.F.);
#9039=ORIENTED_EDGE('',*,*,#11420,.F.);
#9040=ORIENTED_EDGE('',*,*,#11961,.T.);
#9041=ORIENTED_EDGE('',*,*,#11981,.F.);
#9042=CARTESIAN_POINT('',(8.5598,9.271,0.3302));
#9043=DIRECTION('',(0.0,0.0,1.0));
#9044=DIRECTION('',(1.0,0.0,0.0));
#9045=ORIENTED_EDGE('',*,*,#11982,.F.);
#9046=ORIENTED_EDGE('',*,*,#11983,.F.);
#9047=ORIENTED_EDGE('',*,*,#11984,.T.);
#9048=ORIENTED_EDGE('',*,*,#11981,.T.);
#9049=CARTESIAN_POINT('',(8.89,-3.683,0.23495));
#9050=DIRECTION('',(0.0,-0.184288535050203,0.982872186934318));
#9051=DIRECTION('',(-1.0,0.0,0.0));
#9052=ORIENTED_EDGE('',*,*,#11985,.F.);
#9053=ORIENTED_EDGE('',*,*,#11978,.F.);
#9054=ORIENTED_EDGE('',*,*,#11984,.F.);
#9055=ORIENTED_EDGE('',*,*,#11986,.T.);
#9056=CARTESIAN_POINT('',(9.12495,-3.683,0.0));
#9057=DIRECTION('',(0.982872186934318,-0.184288535050203,0.0));
#9058=DIRECTION('',(0.0,0.0,-1.0));
#9059=ORIENTED_EDGE('',*,*,#11986,.F.);
#9060=ORIENTED_EDGE('',*,*,#11983,.T.);
#9061=ORIENTED_EDGE('',*,*,#11987,.F.);
#9062=ORIENTED_EDGE('',*,*,#11988,.F.);
#9063=CARTESIAN_POINT('',(8.5598,-4.191,0.3302));
#9064=DIRECTION('',(0.0,-1.0,0.0));
#9065=DIRECTION('',(0.0,0.0,-1.0));
#9066=ORIENTED_EDGE('',*,*,#11985,.T.);
#9067=ORIENTED_EDGE('',*,*,#11988,.T.);
#9068=ORIENTED_EDGE('',*,*,#11989,.T.);
#9069=ORIENTED_EDGE('',*,*,#11974,.F.);
#9070=CARTESIAN_POINT('',(8.89,-3.683,-0.23495));
#9071=DIRECTION('',(0.0,-0.184288535050203,-0.982872186934318));
#9072=DIRECTION('',(0.0,-0.982872186934319,0.184288535050203));
#9073=ORIENTED_EDGE('',*,*,#11989,.F.);
#9074=ORIENTED_EDGE('',*,*,#11987,.T.);
#9075=ORIENTED_EDGE('',*,*,#11982,.T.);
#9076=ORIENTED_EDGE('',*,*,#11963,.F.);
#9077=CARTESIAN_POINT('',(8.65505,-3.683,0.0));
#9078=DIRECTION('',(-0.982872186934318,-0.184288535050203,0.0));
#9079=DIRECTION('',(-0.184288535050203,0.982872186934319,0.0));
#9080=ORIENTED_EDGE('',*,*,#11990,.F.);
#9081=ORIENTED_EDGE('',*,*,#10771,.F.);
#9082=ORIENTED_EDGE('',*,*,#11991,.F.);
#9083=ORIENTED_EDGE('',*,*,#11992,.T.);
#9084=CARTESIAN_POINT('',(6.0198,0.0,0.0));
#9085=DIRECTION('',(1.0,0.0,0.0));
#9086=DIRECTION('',(0.0,1.0,0.0));
#9087=ORIENTED_EDGE('',*,*,#11993,.F.);
#9088=ORIENTED_EDGE('',*,*,#11427,.T.);
#9089=ORIENTED_EDGE('',*,*,#11994,.F.);
#9090=ORIENTED_EDGE('',*,*,#11995,.T.);
#9091=CARTESIAN_POINT('',(6.0198,0.0,0.0));
#9092=DIRECTION('',(1.0,0.0,0.0));
#9093=DIRECTION('',(0.0,1.0,0.0));
#9094=ORIENTED_EDGE('',*,*,#11996,.F.);
#9095=ORIENTED_EDGE('',*,*,#11992,.F.);
#9096=ORIENTED_EDGE('',*,*,#11997,.F.);
#9097=ORIENTED_EDGE('',*,*,#11998,.T.);
#9098=CARTESIAN_POINT('',(6.11505,8.763,0.0));
#9099=DIRECTION('',(-0.982872186934318,0.184288535050203,0.0));
#9100=DIRECTION('',(0.0,0.0,1.0));
#9101=ORIENTED_EDGE('',*,*,#11998,.F.);
#9102=ORIENTED_EDGE('',*,*,#11999,.F.);
#9103=ORIENTED_EDGE('',*,*,#12000,.F.);
#9104=ORIENTED_EDGE('',*,*,#12001,.T.);
#9105=CARTESIAN_POINT('',(6.0198,9.271,-0.3302));
#9106=DIRECTION('',(-0.0,1.0,0.0));
#9107=DIRECTION('',(1.0,0.0,0.0));
#9108=ORIENTED_EDGE('',*,*,#12002,.T.);
#9109=ORIENTED_EDGE('',*,*,#12003,.T.);
#9110=ORIENTED_EDGE('',*,*,#11996,.T.);
#9111=ORIENTED_EDGE('',*,*,#12001,.F.);
#9112=CARTESIAN_POINT('',(6.35,8.763,-0.23495));
#9113=DIRECTION('',(0.0,0.184288535050203,-0.982872186934318));
#9114=DIRECTION('',(-1.0,0.0,0.0));
#9115=ORIENTED_EDGE('',*,*,#12004,.F.);
#9116=ORIENTED_EDGE('',*,*,#10768,.F.);
#9117=ORIENTED_EDGE('',*,*,#11990,.T.);
#9118=ORIENTED_EDGE('',*,*,#12003,.F.);
#9119=CARTESIAN_POINT('',(6.0198,-4.191,-0.3302));
#9120=DIRECTION('',(0.0,0.0,-1.0));
#9121=DIRECTION('',(0.0,-1.0,0.0));
#9122=ORIENTED_EDGE('',*,*,#11994,.T.);
#9123=ORIENTED_EDGE('',*,*,#11426,.T.);
#9124=ORIENTED_EDGE('',*,*,#12005,.F.);
#9125=ORIENTED_EDGE('',*,*,#12006,.T.);
#9126=CARTESIAN_POINT('',(6.0198,-4.191,-0.3302));
#9127=DIRECTION('',(0.0,0.0,-1.0));
#9128=DIRECTION('',(0.0,-1.0,0.0));
#9129=ORIENTED_EDGE('',*,*,#12007,.T.);
#9130=ORIENTED_EDGE('',*,*,#10769,.T.);
#9131=ORIENTED_EDGE('',*,*,#12004,.T.);
#9132=ORIENTED_EDGE('',*,*,#12008,.T.);
#9133=CARTESIAN_POINT('',(6.6802,0.0,0.0));
#9134=DIRECTION('',(1.0,0.0,0.0));
#9135=DIRECTION('',(0.0,1.0,0.0));
#9136=ORIENTED_EDGE('',*,*,#12005,.T.);
#9137=ORIENTED_EDGE('',*,*,#11425,.F.);
#9138=ORIENTED_EDGE('',*,*,#12009,.T.);
#9139=ORIENTED_EDGE('',*,*,#12010,.T.);
#9140=CARTESIAN_POINT('',(6.6802,0.0,0.0));
#9141=DIRECTION('',(1.0,0.0,0.0));
#9142=DIRECTION('',(0.0,1.0,0.0));
#9143=ORIENTED_EDGE('',*,*,#12011,.F.);
#9144=ORIENTED_EDGE('',*,*,#12008,.F.);
#9145=ORIENTED_EDGE('',*,*,#12002,.F.);
#9146=ORIENTED_EDGE('',*,*,#12000,.T.);
#9147=CARTESIAN_POINT('',(6.58495,8.763,0.0));
#9148=DIRECTION('',(0.982872186934318,0.184288535050203,0.0));
#9149=DIRECTION('',(0.0,0.0,-1.0));
#9150=ORIENTED_EDGE('',*,*,#12011,.T.);
#9151=ORIENTED_EDGE('',*,*,#11999,.T.);
#9152=ORIENTED_EDGE('',*,*,#11997,.T.);
#9153=ORIENTED_EDGE('',*,*,#12012,.F.);
#9154=CARTESIAN_POINT('',(6.35,8.763,0.23495));
#9155=DIRECTION('',(0.0,0.184288535050203,0.982872186934318));
#9156=DIRECTION('',(1.0,-0.0,0.0));
#9157=ORIENTED_EDGE('',*,*,#11991,.T.);
#9158=ORIENTED_EDGE('',*,*,#10770,.T.);
#9159=ORIENTED_EDGE('',*,*,#12007,.F.);
#9160=ORIENTED_EDGE('',*,*,#12012,.T.);
#9161=CARTESIAN_POINT('',(6.0198,9.271,0.3302));
#9162=DIRECTION('',(0.0,0.0,1.0));
#9163=DIRECTION('',(1.0,0.0,0.0));
#9164=ORIENTED_EDGE('',*,*,#12009,.F.);
#9165=ORIENTED_EDGE('',*,*,#11424,.F.);
#9166=ORIENTED_EDGE('',*,*,#11993,.T.);
#9167=ORIENTED_EDGE('',*,*,#12013,.F.);
#9168=CARTESIAN_POINT('',(6.0198,9.271,0.3302));
#9169=DIRECTION('',(0.0,0.0,1.0));
#9170=DIRECTION('',(1.0,0.0,0.0));
#9171=ORIENTED_EDGE('',*,*,#12014,.F.);
#9172=ORIENTED_EDGE('',*,*,#12015,.F.);
#9173=ORIENTED_EDGE('',*,*,#12016,.T.);
#9174=ORIENTED_EDGE('',*,*,#12013,.T.);
#9175=CARTESIAN_POINT('',(6.35,-3.683,0.23495));
#9176=DIRECTION('',(0.0,-0.184288535050203,0.982872186934318));
#9177=DIRECTION('',(-1.0,0.0,0.0));
#9178=ORIENTED_EDGE('',*,*,#12017,.F.);
#9179=ORIENTED_EDGE('',*,*,#12010,.F.);
#9180=ORIENTED_EDGE('',*,*,#12016,.F.);
#9181=ORIENTED_EDGE('',*,*,#12018,.T.);
#9182=CARTESIAN_POINT('',(6.58495,-3.683,0.0));
#9183=DIRECTION('',(0.982872186934318,-0.184288535050203,0.0));
#9184=DIRECTION('',(0.0,0.0,-1.0));
#9185=ORIENTED_EDGE('',*,*,#12018,.F.);
#9186=ORIENTED_EDGE('',*,*,#12015,.T.);
#9187=ORIENTED_EDGE('',*,*,#12019,.F.);
#9188=ORIENTED_EDGE('',*,*,#12020,.F.);
#9189=CARTESIAN_POINT('',(6.0198,-4.191,0.3302));
#9190=DIRECTION('',(0.0,-1.0,0.0));
#9191=DIRECTION('',(0.0,0.0,-1.0));
#9192=ORIENTED_EDGE('',*,*,#12017,.T.);
#9193=ORIENTED_EDGE('',*,*,#12020,.T.);
#9194=ORIENTED_EDGE('',*,*,#12021,.T.);
#9195=ORIENTED_EDGE('',*,*,#12006,.F.);
#9196=CARTESIAN_POINT('',(6.35,-3.683,-0.23495));
#9197=DIRECTION('',(0.0,-0.184288535050203,-0.982872186934318));
#9198=DIRECTION('',(0.0,-0.982872186934319,0.184288535050203));
#9199=ORIENTED_EDGE('',*,*,#12021,.F.);
#9200=ORIENTED_EDGE('',*,*,#12019,.T.);
#9201=ORIENTED_EDGE('',*,*,#12014,.T.);
#9202=ORIENTED_EDGE('',*,*,#11995,.F.);
#9203=CARTESIAN_POINT('',(6.11505,-3.683,0.0));
#9204=DIRECTION('',(-0.982872186934318,-0.184288535050203,0.0));
#9205=DIRECTION('',(-0.184288535050203,0.982872186934319,0.0));
#9206=ORIENTED_EDGE('',*,*,#12022,.F.);
#9207=ORIENTED_EDGE('',*,*,#10775,.F.);
#9208=ORIENTED_EDGE('',*,*,#12023,.F.);
#9209=ORIENTED_EDGE('',*,*,#12024,.T.);
#9210=CARTESIAN_POINT('',(3.4798,0.0,0.0));
#9211=DIRECTION('',(1.0,0.0,0.0));
#9212=DIRECTION('',(0.0,1.0,0.0));
#9213=ORIENTED_EDGE('',*,*,#12025,.F.);
#9214=ORIENTED_EDGE('',*,*,#11431,.T.);
#9215=ORIENTED_EDGE('',*,*,#12026,.F.);
#9216=ORIENTED_EDGE('',*,*,#12027,.T.);
#9217=CARTESIAN_POINT('',(3.4798,0.0,0.0));
#9218=DIRECTION('',(1.0,0.0,0.0));
#9219=DIRECTION('',(0.0,1.0,0.0));
#9220=ORIENTED_EDGE('',*,*,#12028,.F.);
#9221=ORIENTED_EDGE('',*,*,#12024,.F.);
#9222=ORIENTED_EDGE('',*,*,#12029,.F.);
#9223=ORIENTED_EDGE('',*,*,#12030,.T.);
#9224=CARTESIAN_POINT('',(3.57505,8.763,0.0));
#9225=DIRECTION('',(-0.982872186934318,0.184288535050203,0.0));
#9226=DIRECTION('',(0.0,0.0,1.0));
#9227=ORIENTED_EDGE('',*,*,#12030,.F.);
#9228=ORIENTED_EDGE('',*,*,#12031,.F.);
#9229=ORIENTED_EDGE('',*,*,#12032,.F.);
#9230=ORIENTED_EDGE('',*,*,#12033,.T.);
#9231=CARTESIAN_POINT('',(3.4798,9.271,-0.3302));
#9232=DIRECTION('',(-0.0,1.0,0.0));
#9233=DIRECTION('',(1.0,0.0,0.0));
#9234=ORIENTED_EDGE('',*,*,#12034,.T.);
#9235=ORIENTED_EDGE('',*,*,#12035,.T.);
#9236=ORIENTED_EDGE('',*,*,#12028,.T.);
#9237=ORIENTED_EDGE('',*,*,#12033,.F.);
#9238=CARTESIAN_POINT('',(3.81,8.763,-0.23495));
#9239=DIRECTION('',(0.0,0.184288535050203,-0.982872186934318));
#9240=DIRECTION('',(-1.0,0.0,0.0));
#9241=ORIENTED_EDGE('',*,*,#12036,.F.);
#9242=ORIENTED_EDGE('',*,*,#10772,.F.);
#9243=ORIENTED_EDGE('',*,*,#12022,.T.);
#9244=ORIENTED_EDGE('',*,*,#12035,.F.);
#9245=CARTESIAN_POINT('',(3.4798,-4.191,-0.3302));
#9246=DIRECTION('',(0.0,0.0,-1.0));
#9247=DIRECTION('',(0.0,-1.0,0.0));
#9248=ORIENTED_EDGE('',*,*,#12026,.T.);
#9249=ORIENTED_EDGE('',*,*,#11430,.T.);
#9250=ORIENTED_EDGE('',*,*,#12037,.F.);
#9251=ORIENTED_EDGE('',*,*,#12038,.T.);
#9252=CARTESIAN_POINT('',(3.4798,-4.191,-0.3302));
#9253=DIRECTION('',(0.0,0.0,-1.0));
#9254=DIRECTION('',(0.0,-1.0,0.0));
#9255=ORIENTED_EDGE('',*,*,#12039,.T.);
#9256=ORIENTED_EDGE('',*,*,#10773,.T.);
#9257=ORIENTED_EDGE('',*,*,#12036,.T.);
#9258=ORIENTED_EDGE('',*,*,#12040,.T.);
#9259=CARTESIAN_POINT('',(4.1402,0.0,0.0));
#9260=DIRECTION('',(1.0,0.0,0.0));
#9261=DIRECTION('',(0.0,1.0,0.0));
#9262=ORIENTED_EDGE('',*,*,#12037,.T.);
#9263=ORIENTED_EDGE('',*,*,#11429,.F.);
#9264=ORIENTED_EDGE('',*,*,#12041,.T.);
#9265=ORIENTED_EDGE('',*,*,#12042,.T.);
#9266=CARTESIAN_POINT('',(4.1402,0.0,0.0));
#9267=DIRECTION('',(1.0,0.0,0.0));
#9268=DIRECTION('',(0.0,1.0,0.0));
#9269=ORIENTED_EDGE('',*,*,#12043,.F.);
#9270=ORIENTED_EDGE('',*,*,#12040,.F.);
#9271=ORIENTED_EDGE('',*,*,#12034,.F.);
#9272=ORIENTED_EDGE('',*,*,#12032,.T.);
#9273=CARTESIAN_POINT('',(4.04495,8.763,0.0));
#9274=DIRECTION('',(0.982872186934318,0.184288535050203,0.0));
#9275=DIRECTION('',(0.0,0.0,-1.0));
#9276=ORIENTED_EDGE('',*,*,#12043,.T.);
#9277=ORIENTED_EDGE('',*,*,#12031,.T.);
#9278=ORIENTED_EDGE('',*,*,#12029,.T.);
#9279=ORIENTED_EDGE('',*,*,#12044,.F.);
#9280=CARTESIAN_POINT('',(3.81,8.763,0.23495));
#9281=DIRECTION('',(0.0,0.184288535050203,0.982872186934318));
#9282=DIRECTION('',(1.0,-0.0,0.0));
#9283=ORIENTED_EDGE('',*,*,#12023,.T.);
#9284=ORIENTED_EDGE('',*,*,#10774,.T.);
#9285=ORIENTED_EDGE('',*,*,#12039,.F.);
#9286=ORIENTED_EDGE('',*,*,#12044,.T.);
#9287=CARTESIAN_POINT('',(3.4798,9.271,0.3302));
#9288=DIRECTION('',(0.0,0.0,1.0));
#9289=DIRECTION('',(1.0,0.0,0.0));
#9290=ORIENTED_EDGE('',*,*,#12041,.F.);
#9291=ORIENTED_EDGE('',*,*,#11428,.F.);
#9292=ORIENTED_EDGE('',*,*,#12025,.T.);
#9293=ORIENTED_EDGE('',*,*,#12045,.F.);
#9294=CARTESIAN_POINT('',(3.4798,9.271,0.3302));
#9295=DIRECTION('',(0.0,0.0,1.0));
#9296=DIRECTION('',(1.0,0.0,0.0));
#9297=ORIENTED_EDGE('',*,*,#12046,.F.);
#9298=ORIENTED_EDGE('',*,*,#12047,.F.);
#9299=ORIENTED_EDGE('',*,*,#12048,.T.);
#9300=ORIENTED_EDGE('',*,*,#12045,.T.);
#9301=CARTESIAN_POINT('',(3.81,-3.683,0.23495));
#9302=DIRECTION('',(0.0,-0.184288535050203,0.982872186934318));
#9303=DIRECTION('',(-1.0,0.0,0.0));
#9304=ORIENTED_EDGE('',*,*,#12049,.F.);
#9305=ORIENTED_EDGE('',*,*,#12042,.F.);
#9306=ORIENTED_EDGE('',*,*,#12048,.F.);
#9307=ORIENTED_EDGE('',*,*,#12050,.T.);
#9308=CARTESIAN_POINT('',(4.04495,-3.683,0.0));
#9309=DIRECTION('',(0.982872186934318,-0.184288535050203,0.0));
#9310=DIRECTION('',(0.0,0.0,-1.0));
#9311=ORIENTED_EDGE('',*,*,#12050,.F.);
#9312=ORIENTED_EDGE('',*,*,#12047,.T.);
#9313=ORIENTED_EDGE('',*,*,#12051,.F.);
#9314=ORIENTED_EDGE('',*,*,#12052,.F.);
#9315=CARTESIAN_POINT('',(3.4798,-4.191,0.3302));
#9316=DIRECTION('',(0.0,-1.0,0.0));
#9317=DIRECTION('',(0.0,0.0,-1.0));
#9318=ORIENTED_EDGE('',*,*,#12049,.T.);
#9319=ORIENTED_EDGE('',*,*,#12052,.T.);
#9320=ORIENTED_EDGE('',*,*,#12053,.T.);
#9321=ORIENTED_EDGE('',*,*,#12038,.F.);
#9322=CARTESIAN_POINT('',(3.81,-3.683,-0.23495));
#9323=DIRECTION('',(0.0,-0.184288535050203,-0.982872186934318));
#9324=DIRECTION('',(0.0,-0.982872186934319,0.184288535050203));
#9325=ORIENTED_EDGE('',*,*,#12053,.F.);
#9326=ORIENTED_EDGE('',*,*,#12051,.T.);
#9327=ORIENTED_EDGE('',*,*,#12046,.T.);
#9328=ORIENTED_EDGE('',*,*,#12027,.F.);
#9329=CARTESIAN_POINT('',(3.57505,-3.683,0.0));
#9330=DIRECTION('',(-0.982872186934318,-0.184288535050203,0.0));
#9331=DIRECTION('',(-0.184288535050203,0.982872186934319,0.0));
#9332=ORIENTED_EDGE('',*,*,#12054,.F.);
#9333=ORIENTED_EDGE('',*,*,#10779,.F.);
#9334=ORIENTED_EDGE('',*,*,#12055,.F.);
#9335=ORIENTED_EDGE('',*,*,#12056,.T.);
#9336=CARTESIAN_POINT('',(0.9398,0.0,0.0));
#9337=DIRECTION('',(1.0,0.0,0.0));
#9338=DIRECTION('',(0.0,1.0,0.0));
#9339=ORIENTED_EDGE('',*,*,#12057,.F.);
#9340=ORIENTED_EDGE('',*,*,#11435,.T.);
#9341=ORIENTED_EDGE('',*,*,#12058,.F.);
#9342=ORIENTED_EDGE('',*,*,#12059,.T.);
#9343=CARTESIAN_POINT('',(0.9398,0.0,0.0));
#9344=DIRECTION('',(1.0,0.0,0.0));
#9345=DIRECTION('',(0.0,1.0,0.0));
#9346=ORIENTED_EDGE('',*,*,#12060,.F.);
#9347=ORIENTED_EDGE('',*,*,#12056,.F.);
#9348=ORIENTED_EDGE('',*,*,#12061,.F.);
#9349=ORIENTED_EDGE('',*,*,#12062,.T.);
#9350=CARTESIAN_POINT('',(1.03505,8.763,0.0));
#9351=DIRECTION('',(-0.982872186934318,0.184288535050203,0.0));
#9352=DIRECTION('',(0.0,0.0,1.0));
#9353=ORIENTED_EDGE('',*,*,#12062,.F.);
#9354=ORIENTED_EDGE('',*,*,#12063,.F.);
#9355=ORIENTED_EDGE('',*,*,#12064,.F.);
#9356=ORIENTED_EDGE('',*,*,#12065,.T.);
#9357=CARTESIAN_POINT('',(0.9398,9.271,-0.3302));
#9358=DIRECTION('',(-0.0,1.0,0.0));
#9359=DIRECTION('',(1.0,0.0,0.0));
#9360=ORIENTED_EDGE('',*,*,#12066,.T.);
#9361=ORIENTED_EDGE('',*,*,#12067,.T.);
#9362=ORIENTED_EDGE('',*,*,#12060,.T.);
#9363=ORIENTED_EDGE('',*,*,#12065,.F.);
#9364=CARTESIAN_POINT('',(1.27,8.763,-0.23495));
#9365=DIRECTION('',(0.0,0.184288535050203,-0.982872186934318));
#9366=DIRECTION('',(-1.0,0.0,0.0));
#9367=ORIENTED_EDGE('',*,*,#12068,.F.);
#9368=ORIENTED_EDGE('',*,*,#10776,.F.);
#9369=ORIENTED_EDGE('',*,*,#12054,.T.);
#9370=ORIENTED_EDGE('',*,*,#12067,.F.);
#9371=CARTESIAN_POINT('',(0.9398,-4.191,-0.3302));
#9372=DIRECTION('',(0.0,0.0,-1.0));
#9373=DIRECTION('',(0.0,-1.0,0.0));
#9374=ORIENTED_EDGE('',*,*,#12058,.T.);
#9375=ORIENTED_EDGE('',*,*,#11434,.T.);
#9376=ORIENTED_EDGE('',*,*,#12069,.F.);
#9377=ORIENTED_EDGE('',*,*,#12070,.T.);
#9378=CARTESIAN_POINT('',(0.9398,-4.191,-0.3302));
#9379=DIRECTION('',(0.0,0.0,-1.0));
#9380=DIRECTION('',(0.0,-1.0,0.0));
#9381=ORIENTED_EDGE('',*,*,#12071,.T.);
#9382=ORIENTED_EDGE('',*,*,#10777,.T.);
#9383=ORIENTED_EDGE('',*,*,#12068,.T.);
#9384=ORIENTED_EDGE('',*,*,#12072,.T.);
#9385=CARTESIAN_POINT('',(1.6002,0.0,0.0));
#9386=DIRECTION('',(1.0,0.0,0.0));
#9387=DIRECTION('',(0.0,1.0,0.0));
#9388=ORIENTED_EDGE('',*,*,#12069,.T.);
#9389=ORIENTED_EDGE('',*,*,#11433,.F.);
#9390=ORIENTED_EDGE('',*,*,#12073,.T.);
#9391=ORIENTED_EDGE('',*,*,#12074,.T.);
#9392=CARTESIAN_POINT('',(1.6002,0.0,0.0));
#9393=DIRECTION('',(1.0,0.0,0.0));
#9394=DIRECTION('',(0.0,1.0,0.0));
#9395=ORIENTED_EDGE('',*,*,#12075,.F.);
#9396=ORIENTED_EDGE('',*,*,#12072,.F.);
#9397=ORIENTED_EDGE('',*,*,#12066,.F.);
#9398=ORIENTED_EDGE('',*,*,#12064,.T.);
#9399=CARTESIAN_POINT('',(1.50495,8.763,0.0));
#9400=DIRECTION('',(0.982872186934318,0.184288535050203,0.0));
#9401=DIRECTION('',(0.0,0.0,-1.0));
#9402=ORIENTED_EDGE('',*,*,#12075,.T.);
#9403=ORIENTED_EDGE('',*,*,#12063,.T.);
#9404=ORIENTED_EDGE('',*,*,#12061,.T.);
#9405=ORIENTED_EDGE('',*,*,#12076,.F.);
#9406=CARTESIAN_POINT('',(1.27,8.763,0.23495));
#9407=DIRECTION('',(0.0,0.184288535050203,0.982872186934318));
#9408=DIRECTION('',(1.0,-0.0,0.0));
#9409=ORIENTED_EDGE('',*,*,#12055,.T.);
#9410=ORIENTED_EDGE('',*,*,#10778,.T.);
#9411=ORIENTED_EDGE('',*,*,#12071,.F.);
#9412=ORIENTED_EDGE('',*,*,#12076,.T.);
#9413=CARTESIAN_POINT('',(0.9398,9.271,0.3302));
#9414=DIRECTION('',(0.0,0.0,1.0));
#9415=DIRECTION('',(1.0,0.0,0.0));
#9416=ORIENTED_EDGE('',*,*,#12073,.F.);
#9417=ORIENTED_EDGE('',*,*,#11432,.F.);
#9418=ORIENTED_EDGE('',*,*,#12057,.T.);
#9419=ORIENTED_EDGE('',*,*,#12077,.F.);
#9420=CARTESIAN_POINT('',(0.9398,9.271,0.3302));
#9421=DIRECTION('',(0.0,0.0,1.0));
#9422=DIRECTION('',(1.0,0.0,0.0));
#9423=ORIENTED_EDGE('',*,*,#12078,.F.);
#9424=ORIENTED_EDGE('',*,*,#12079,.F.);
#9425=ORIENTED_EDGE('',*,*,#12080,.T.);
#9426=ORIENTED_EDGE('',*,*,#12077,.T.);
#9427=CARTESIAN_POINT('',(1.27,-3.683,0.23495));
#9428=DIRECTION('',(0.0,-0.184288535050203,0.982872186934318));
#9429=DIRECTION('',(-1.0,0.0,0.0));
#9430=ORIENTED_EDGE('',*,*,#12081,.F.);
#9431=ORIENTED_EDGE('',*,*,#12074,.F.);
#9432=ORIENTED_EDGE('',*,*,#12080,.F.);
#9433=ORIENTED_EDGE('',*,*,#12082,.T.);
#9434=CARTESIAN_POINT('',(1.50495,-3.683,0.0));
#9435=DIRECTION('',(0.982872186934318,-0.184288535050203,0.0));
#9436=DIRECTION('',(0.0,0.0,-1.0));
#9437=ORIENTED_EDGE('',*,*,#12082,.F.);
#9438=ORIENTED_EDGE('',*,*,#12079,.T.);
#9439=ORIENTED_EDGE('',*,*,#12083,.F.);
#9440=ORIENTED_EDGE('',*,*,#12084,.F.);
#9441=CARTESIAN_POINT('',(0.9398,-4.191,0.3302));
#9442=DIRECTION('',(0.0,-1.0,0.0));
#9443=DIRECTION('',(0.0,0.0,-1.0));
#9444=ORIENTED_EDGE('',*,*,#12081,.T.);
#9445=ORIENTED_EDGE('',*,*,#12084,.T.);
#9446=ORIENTED_EDGE('',*,*,#12085,.T.);
#9447=ORIENTED_EDGE('',*,*,#12070,.F.);
#9448=CARTESIAN_POINT('',(1.27,-3.683,-0.23495));
#9449=DIRECTION('',(0.0,-0.184288535050203,-0.982872186934318));
#9450=DIRECTION('',(0.0,-0.982872186934319,0.184288535050203));
#9451=ORIENTED_EDGE('',*,*,#12085,.F.);
#9452=ORIENTED_EDGE('',*,*,#12083,.T.);
#9453=ORIENTED_EDGE('',*,*,#12078,.T.);
#9454=ORIENTED_EDGE('',*,*,#12059,.F.);
#9455=CARTESIAN_POINT('',(1.03505,-3.683,0.0));
#9456=DIRECTION('',(-0.982872186934318,-0.184288535050203,0.0));
#9457=DIRECTION('',(-0.184288535050203,0.982872186934319,0.0));
#9458=ORIENTED_EDGE('',*,*,#12086,.F.);
#9459=ORIENTED_EDGE('',*,*,#10783,.F.);
#9460=ORIENTED_EDGE('',*,*,#12087,.F.);
#9461=ORIENTED_EDGE('',*,*,#12088,.T.);
#9462=CARTESIAN_POINT('',(-1.6002,0.0,0.0));
#9463=DIRECTION('',(1.0,0.0,0.0));
#9464=DIRECTION('',(0.0,1.0,0.0));
#9465=ORIENTED_EDGE('',*,*,#12089,.F.);
#9466=ORIENTED_EDGE('',*,*,#11439,.T.);
#9467=ORIENTED_EDGE('',*,*,#12090,.F.);
#9468=ORIENTED_EDGE('',*,*,#12091,.T.);
#9469=CARTESIAN_POINT('',(-1.6002,0.0,0.0));
#9470=DIRECTION('',(1.0,0.0,0.0));
#9471=DIRECTION('',(0.0,1.0,0.0));
#9472=ORIENTED_EDGE('',*,*,#12092,.F.);
#9473=ORIENTED_EDGE('',*,*,#12088,.F.);
#9474=ORIENTED_EDGE('',*,*,#12093,.F.);
#9475=ORIENTED_EDGE('',*,*,#12094,.T.);
#9476=CARTESIAN_POINT('',(-1.50495,8.763,0.0));
#9477=DIRECTION('',(-0.982872186934318,0.184288535050203,0.0));
#9478=DIRECTION('',(0.0,0.0,1.0));
#9479=ORIENTED_EDGE('',*,*,#12094,.F.);
#9480=ORIENTED_EDGE('',*,*,#12095,.F.);
#9481=ORIENTED_EDGE('',*,*,#12096,.F.);
#9482=ORIENTED_EDGE('',*,*,#12097,.T.);
#9483=CARTESIAN_POINT('',(-1.6002,9.271,-0.3302));
#9484=DIRECTION('',(-0.0,1.0,0.0));
#9485=DIRECTION('',(1.0,0.0,0.0));
#9486=ORIENTED_EDGE('',*,*,#12098,.T.);
#9487=ORIENTED_EDGE('',*,*,#12099,.T.);
#9488=ORIENTED_EDGE('',*,*,#12092,.T.);
#9489=ORIENTED_EDGE('',*,*,#12097,.F.);
#9490=CARTESIAN_POINT('',(-1.27,8.763,-0.23495));
#9491=DIRECTION('',(0.0,0.184288535050203,-0.982872186934318));
#9492=DIRECTION('',(-1.0,0.0,0.0));
#9493=ORIENTED_EDGE('',*,*,#12100,.F.);
#9494=ORIENTED_EDGE('',*,*,#10780,.F.);
#9495=ORIENTED_EDGE('',*,*,#12086,.T.);
#9496=ORIENTED_EDGE('',*,*,#12099,.F.);
#9497=CARTESIAN_POINT('',(-1.6002,-4.191,-0.3302));
#9498=DIRECTION('',(0.0,0.0,-1.0));
#9499=DIRECTION('',(0.0,-1.0,0.0));
#9500=ORIENTED_EDGE('',*,*,#12090,.T.);
#9501=ORIENTED_EDGE('',*,*,#11438,.T.);
#9502=ORIENTED_EDGE('',*,*,#12101,.F.);
#9503=ORIENTED_EDGE('',*,*,#12102,.T.);
#9504=CARTESIAN_POINT('',(-1.6002,-4.191,-0.3302));
#9505=DIRECTION('',(0.0,0.0,-1.0));
#9506=DIRECTION('',(0.0,-1.0,0.0));
#9507=ORIENTED_EDGE('',*,*,#12103,.T.);
#9508=ORIENTED_EDGE('',*,*,#10781,.T.);
#9509=ORIENTED_EDGE('',*,*,#12100,.T.);
#9510=ORIENTED_EDGE('',*,*,#12104,.T.);
#9511=CARTESIAN_POINT('',(-0.9398,0.0,0.0));
#9512=DIRECTION('',(1.0,0.0,0.0));
#9513=DIRECTION('',(0.0,1.0,0.0));
#9514=ORIENTED_EDGE('',*,*,#12101,.T.);
#9515=ORIENTED_EDGE('',*,*,#11437,.F.);
#9516=ORIENTED_EDGE('',*,*,#12105,.T.);
#9517=ORIENTED_EDGE('',*,*,#12106,.T.);
#9518=CARTESIAN_POINT('',(-0.9398,0.0,0.0));
#9519=DIRECTION('',(1.0,0.0,0.0));
#9520=DIRECTION('',(0.0,1.0,0.0));
#9521=ORIENTED_EDGE('',*,*,#12107,.F.);
#9522=ORIENTED_EDGE('',*,*,#12104,.F.);
#9523=ORIENTED_EDGE('',*,*,#12098,.F.);
#9524=ORIENTED_EDGE('',*,*,#12096,.T.);
#9525=CARTESIAN_POINT('',(-1.03505,8.763,0.0));
#9526=DIRECTION('',(0.982872186934318,0.184288535050203,0.0));
#9527=DIRECTION('',(0.0,0.0,-1.0));
#9528=ORIENTED_EDGE('',*,*,#12107,.T.);
#9529=ORIENTED_EDGE('',*,*,#12095,.T.);
#9530=ORIENTED_EDGE('',*,*,#12093,.T.);
#9531=ORIENTED_EDGE('',*,*,#12108,.F.);
#9532=CARTESIAN_POINT('',(-1.27,8.763,0.23495));
#9533=DIRECTION('',(0.0,0.184288535050203,0.982872186934318));
#9534=DIRECTION('',(1.0,-0.0,0.0));
#9535=ORIENTED_EDGE('',*,*,#12087,.T.);
#9536=ORIENTED_EDGE('',*,*,#10782,.T.);
#9537=ORIENTED_EDGE('',*,*,#12103,.F.);
#9538=ORIENTED_EDGE('',*,*,#12108,.T.);
#9539=CARTESIAN_POINT('',(-1.6002,9.271,0.3302));
#9540=DIRECTION('',(0.0,0.0,1.0));
#9541=DIRECTION('',(1.0,0.0,0.0));
#9542=ORIENTED_EDGE('',*,*,#12105,.F.);
#9543=ORIENTED_EDGE('',*,*,#11436,.F.);
#9544=ORIENTED_EDGE('',*,*,#12089,.T.);
#9545=ORIENTED_EDGE('',*,*,#12109,.F.);
#9546=CARTESIAN_POINT('',(-1.6002,9.271,0.3302));
#9547=DIRECTION('',(0.0,0.0,1.0));
#9548=DIRECTION('',(1.0,0.0,0.0));
#9549=ORIENTED_EDGE('',*,*,#12110,.F.);
#9550=ORIENTED_EDGE('',*,*,#12111,.F.);
#9551=ORIENTED_EDGE('',*,*,#12112,.T.);
#9552=ORIENTED_EDGE('',*,*,#12109,.T.);
#9553=CARTESIAN_POINT('',(-1.27,-3.683,0.23495));
#9554=DIRECTION('',(0.0,-0.184288535050203,0.982872186934318));
#9555=DIRECTION('',(-1.0,0.0,0.0));
#9556=ORIENTED_EDGE('',*,*,#12113,.F.);
#9557=ORIENTED_EDGE('',*,*,#12106,.F.);
#9558=ORIENTED_EDGE('',*,*,#12112,.F.);
#9559=ORIENTED_EDGE('',*,*,#12114,.T.);
#9560=CARTESIAN_POINT('',(-1.03505,-3.683,0.0));
#9561=DIRECTION('',(0.982872186934318,-0.184288535050203,0.0));
#9562=DIRECTION('',(0.0,0.0,-1.0));
#9563=ORIENTED_EDGE('',*,*,#12114,.F.);
#9564=ORIENTED_EDGE('',*,*,#12111,.T.);
#9565=ORIENTED_EDGE('',*,*,#12115,.F.);
#9566=ORIENTED_EDGE('',*,*,#12116,.F.);
#9567=CARTESIAN_POINT('',(-1.6002,-4.191,0.3302));
#9568=DIRECTION('',(0.0,-1.0,0.0));
#9569=DIRECTION('',(0.0,0.0,-1.0));
#9570=ORIENTED_EDGE('',*,*,#12113,.T.);
#9571=ORIENTED_EDGE('',*,*,#12116,.T.);
#9572=ORIENTED_EDGE('',*,*,#12117,.T.);
#9573=ORIENTED_EDGE('',*,*,#12102,.F.);
#9574=CARTESIAN_POINT('',(-1.27,-3.683,-0.23495));
#9575=DIRECTION('',(0.0,-0.184288535050203,-0.982872186934318));
#9576=DIRECTION('',(0.0,-0.982872186934319,0.184288535050203));
#9577=ORIENTED_EDGE('',*,*,#12117,.F.);
#9578=ORIENTED_EDGE('',*,*,#12115,.T.);
#9579=ORIENTED_EDGE('',*,*,#12110,.T.);
#9580=ORIENTED_EDGE('',*,*,#12091,.F.);
#9581=CARTESIAN_POINT('',(-1.50495,-3.683,0.0));
#9582=DIRECTION('',(-0.982872186934318,-0.184288535050203,0.0));
#9583=DIRECTION('',(-0.184288535050203,0.982872186934319,0.0));
#9584=ORIENTED_EDGE('',*,*,#12118,.F.);
#9585=ORIENTED_EDGE('',*,*,#10787,.F.);
#9586=ORIENTED_EDGE('',*,*,#12119,.F.);
#9587=ORIENTED_EDGE('',*,*,#12120,.T.);
#9588=CARTESIAN_POINT('',(-4.1402,0.0,0.0));
#9589=DIRECTION('',(1.0,0.0,0.0));
#9590=DIRECTION('',(0.0,1.0,0.0));
#9591=ORIENTED_EDGE('',*,*,#12121,.F.);
#9592=ORIENTED_EDGE('',*,*,#11443,.T.);
#9593=ORIENTED_EDGE('',*,*,#12122,.F.);
#9594=ORIENTED_EDGE('',*,*,#12123,.T.);
#9595=CARTESIAN_POINT('',(-4.1402,0.0,0.0));
#9596=DIRECTION('',(1.0,0.0,0.0));
#9597=DIRECTION('',(0.0,1.0,0.0));
#9598=ORIENTED_EDGE('',*,*,#12124,.F.);
#9599=ORIENTED_EDGE('',*,*,#12120,.F.);
#9600=ORIENTED_EDGE('',*,*,#12125,.F.);
#9601=ORIENTED_EDGE('',*,*,#12126,.T.);
#9602=CARTESIAN_POINT('',(-4.04495,8.763,0.0));
#9603=DIRECTION('',(-0.982872186934318,0.184288535050203,0.0));
#9604=DIRECTION('',(0.0,0.0,1.0));
#9605=ORIENTED_EDGE('',*,*,#12126,.F.);
#9606=ORIENTED_EDGE('',*,*,#12127,.F.);
#9607=ORIENTED_EDGE('',*,*,#12128,.F.);
#9608=ORIENTED_EDGE('',*,*,#12129,.T.);
#9609=CARTESIAN_POINT('',(-4.1402,9.271,-0.3302));
#9610=DIRECTION('',(-0.0,1.0,0.0));
#9611=DIRECTION('',(1.0,0.0,0.0));
#9612=ORIENTED_EDGE('',*,*,#12130,.T.);
#9613=ORIENTED_EDGE('',*,*,#12131,.T.);
#9614=ORIENTED_EDGE('',*,*,#12124,.T.);
#9615=ORIENTED_EDGE('',*,*,#12129,.F.);
#9616=CARTESIAN_POINT('',(-3.81,8.763,-0.23495));
#9617=DIRECTION('',(0.0,0.184288535050203,-0.982872186934318));
#9618=DIRECTION('',(-1.0,0.0,0.0));
#9619=ORIENTED_EDGE('',*,*,#12132,.F.);
#9620=ORIENTED_EDGE('',*,*,#10784,.F.);
#9621=ORIENTED_EDGE('',*,*,#12118,.T.);
#9622=ORIENTED_EDGE('',*,*,#12131,.F.);
#9623=CARTESIAN_POINT('',(-4.1402,-4.191,-0.3302));
#9624=DIRECTION('',(0.0,0.0,-1.0));
#9625=DIRECTION('',(0.0,-1.0,0.0));
#9626=ORIENTED_EDGE('',*,*,#12122,.T.);
#9627=ORIENTED_EDGE('',*,*,#11442,.T.);
#9628=ORIENTED_EDGE('',*,*,#12133,.F.);
#9629=ORIENTED_EDGE('',*,*,#12134,.T.);
#9630=CARTESIAN_POINT('',(-4.1402,-4.191,-0.3302));
#9631=DIRECTION('',(0.0,0.0,-1.0));
#9632=DIRECTION('',(0.0,-1.0,0.0));
#9633=ORIENTED_EDGE('',*,*,#12135,.T.);
#9634=ORIENTED_EDGE('',*,*,#10785,.T.);
#9635=ORIENTED_EDGE('',*,*,#12132,.T.);
#9636=ORIENTED_EDGE('',*,*,#12136,.T.);
#9637=CARTESIAN_POINT('',(-3.4798,0.0,0.0));
#9638=DIRECTION('',(1.0,0.0,0.0));
#9639=DIRECTION('',(0.0,1.0,0.0));
#9640=ORIENTED_EDGE('',*,*,#12133,.T.);
#9641=ORIENTED_EDGE('',*,*,#11441,.F.);
#9642=ORIENTED_EDGE('',*,*,#12137,.T.);
#9643=ORIENTED_EDGE('',*,*,#12138,.T.);
#9644=CARTESIAN_POINT('',(-3.4798,0.0,0.0));
#9645=DIRECTION('',(1.0,0.0,0.0));
#9646=DIRECTION('',(0.0,1.0,0.0));
#9647=ORIENTED_EDGE('',*,*,#12139,.F.);
#9648=ORIENTED_EDGE('',*,*,#12136,.F.);
#9649=ORIENTED_EDGE('',*,*,#12130,.F.);
#9650=ORIENTED_EDGE('',*,*,#12128,.T.);
#9651=CARTESIAN_POINT('',(-3.57505,8.763,0.0));
#9652=DIRECTION('',(0.982872186934318,0.184288535050203,0.0));
#9653=DIRECTION('',(0.0,0.0,-1.0));
#9654=ORIENTED_EDGE('',*,*,#12139,.T.);
#9655=ORIENTED_EDGE('',*,*,#12127,.T.);
#9656=ORIENTED_EDGE('',*,*,#12125,.T.);
#9657=ORIENTED_EDGE('',*,*,#12140,.F.);
#9658=CARTESIAN_POINT('',(-3.81,8.763,0.23495));
#9659=DIRECTION('',(0.0,0.184288535050203,0.982872186934318));
#9660=DIRECTION('',(1.0,-0.0,0.0));
#9661=ORIENTED_EDGE('',*,*,#12119,.T.);
#9662=ORIENTED_EDGE('',*,*,#10786,.T.);
#9663=ORIENTED_EDGE('',*,*,#12135,.F.);
#9664=ORIENTED_EDGE('',*,*,#12140,.T.);
#9665=CARTESIAN_POINT('',(-4.1402,9.271,0.3302));
#9666=DIRECTION('',(0.0,0.0,1.0));
#9667=DIRECTION('',(1.0,0.0,0.0));
#9668=ORIENTED_EDGE('',*,*,#12137,.F.);
#9669=ORIENTED_EDGE('',*,*,#11440,.F.);
#9670=ORIENTED_EDGE('',*,*,#12121,.T.);
#9671=ORIENTED_EDGE('',*,*,#12141,.F.);
#9672=CARTESIAN_POINT('',(-4.1402,9.271,0.3302));
#9673=DIRECTION('',(0.0,0.0,1.0));
#9674=DIRECTION('',(1.0,0.0,0.0));
#9675=ORIENTED_EDGE('',*,*,#12142,.F.);
#9676=ORIENTED_EDGE('',*,*,#12143,.F.);
#9677=ORIENTED_EDGE('',*,*,#12144,.T.);
#9678=ORIENTED_EDGE('',*,*,#12141,.T.);
#9679=CARTESIAN_POINT('',(-3.81,-3.683,0.23495));
#9680=DIRECTION('',(0.0,-0.184288535050203,0.982872186934318));
#9681=DIRECTION('',(-1.0,0.0,0.0));
#9682=ORIENTED_EDGE('',*,*,#12145,.F.);
#9683=ORIENTED_EDGE('',*,*,#12138,.F.);
#9684=ORIENTED_EDGE('',*,*,#12144,.F.);
#9685=ORIENTED_EDGE('',*,*,#12146,.T.);
#9686=CARTESIAN_POINT('',(-3.57505,-3.683,0.0));
#9687=DIRECTION('',(0.982872186934318,-0.184288535050203,0.0));
#9688=DIRECTION('',(0.0,0.0,-1.0));
#9689=ORIENTED_EDGE('',*,*,#12146,.F.);
#9690=ORIENTED_EDGE('',*,*,#12143,.T.);
#9691=ORIENTED_EDGE('',*,*,#12147,.F.);
#9692=ORIENTED_EDGE('',*,*,#12148,.F.);
#9693=CARTESIAN_POINT('',(-4.1402,-4.191,0.3302));
#9694=DIRECTION('',(0.0,-1.0,0.0));
#9695=DIRECTION('',(0.0,0.0,-1.0));
#9696=ORIENTED_EDGE('',*,*,#12145,.T.);
#9697=ORIENTED_EDGE('',*,*,#12148,.T.);
#9698=ORIENTED_EDGE('',*,*,#12149,.T.);
#9699=ORIENTED_EDGE('',*,*,#12134,.F.);
#9700=CARTESIAN_POINT('',(-3.81,-3.683,-0.23495));
#9701=DIRECTION('',(0.0,-0.184288535050203,-0.982872186934318));
#9702=DIRECTION('',(0.0,-0.982872186934319,0.184288535050203));
#9703=ORIENTED_EDGE('',*,*,#12149,.F.);
#9704=ORIENTED_EDGE('',*,*,#12147,.T.);
#9705=ORIENTED_EDGE('',*,*,#12142,.T.);
#9706=ORIENTED_EDGE('',*,*,#12123,.F.);
#9707=CARTESIAN_POINT('',(-4.04495,-3.683,0.0));
#9708=DIRECTION('',(-0.982872186934318,-0.184288535050203,0.0));
#9709=DIRECTION('',(-0.184288535050203,0.982872186934319,0.0));
#9710=ORIENTED_EDGE('',*,*,#12150,.F.);
#9711=ORIENTED_EDGE('',*,*,#10791,.F.);
#9712=ORIENTED_EDGE('',*,*,#12151,.F.);
#9713=ORIENTED_EDGE('',*,*,#12152,.T.);
#9714=CARTESIAN_POINT('',(-6.6802,0.0,0.0));
#9715=DIRECTION('',(1.0,0.0,0.0));
#9716=DIRECTION('',(0.0,1.0,0.0));
#9717=ORIENTED_EDGE('',*,*,#12153,.F.);
#9718=ORIENTED_EDGE('',*,*,#11447,.T.);
#9719=ORIENTED_EDGE('',*,*,#12154,.F.);
#9720=ORIENTED_EDGE('',*,*,#12155,.T.);
#9721=CARTESIAN_POINT('',(-6.6802,0.0,0.0));
#9722=DIRECTION('',(1.0,0.0,0.0));
#9723=DIRECTION('',(0.0,1.0,0.0));
#9724=ORIENTED_EDGE('',*,*,#12156,.F.);
#9725=ORIENTED_EDGE('',*,*,#12152,.F.);
#9726=ORIENTED_EDGE('',*,*,#12157,.F.);
#9727=ORIENTED_EDGE('',*,*,#12158,.T.);
#9728=CARTESIAN_POINT('',(-6.58495,8.763,0.0));
#9729=DIRECTION('',(-0.982872186934318,0.184288535050203,0.0));
#9730=DIRECTION('',(0.0,0.0,1.0));
#9731=ORIENTED_EDGE('',*,*,#12158,.F.);
#9732=ORIENTED_EDGE('',*,*,#12159,.F.);
#9733=ORIENTED_EDGE('',*,*,#12160,.F.);
#9734=ORIENTED_EDGE('',*,*,#12161,.T.);
#9735=CARTESIAN_POINT('',(-6.6802,9.271,-0.3302));
#9736=DIRECTION('',(-0.0,1.0,0.0));
#9737=DIRECTION('',(1.0,0.0,0.0));
#9738=ORIENTED_EDGE('',*,*,#12162,.T.);
#9739=ORIENTED_EDGE('',*,*,#12163,.T.);
#9740=ORIENTED_EDGE('',*,*,#12156,.T.);
#9741=ORIENTED_EDGE('',*,*,#12161,.F.);
#9742=CARTESIAN_POINT('',(-6.35,8.763,-0.23495));
#9743=DIRECTION('',(0.0,0.184288535050203,-0.982872186934318));
#9744=DIRECTION('',(-1.0,0.0,0.0));
#9745=ORIENTED_EDGE('',*,*,#12164,.F.);
#9746=ORIENTED_EDGE('',*,*,#10788,.F.);
#9747=ORIENTED_EDGE('',*,*,#12150,.T.);
#9748=ORIENTED_EDGE('',*,*,#12163,.F.);
#9749=CARTESIAN_POINT('',(-6.6802,-4.191,-0.3302));
#9750=DIRECTION('',(0.0,0.0,-1.0));
#9751=DIRECTION('',(0.0,-1.0,0.0));
#9752=ORIENTED_EDGE('',*,*,#12154,.T.);
#9753=ORIENTED_EDGE('',*,*,#11446,.T.);
#9754=ORIENTED_EDGE('',*,*,#12165,.F.);
#9755=ORIENTED_EDGE('',*,*,#12166,.T.);
#9756=CARTESIAN_POINT('',(-6.6802,-4.191,-0.3302));
#9757=DIRECTION('',(0.0,0.0,-1.0));
#9758=DIRECTION('',(0.0,-1.0,0.0));
#9759=ORIENTED_EDGE('',*,*,#12167,.T.);
#9760=ORIENTED_EDGE('',*,*,#10789,.T.);
#9761=ORIENTED_EDGE('',*,*,#12164,.T.);
#9762=ORIENTED_EDGE('',*,*,#12168,.T.);
#9763=CARTESIAN_POINT('',(-6.0198,0.0,0.0));
#9764=DIRECTION('',(1.0,0.0,0.0));
#9765=DIRECTION('',(0.0,1.0,0.0));
#9766=ORIENTED_EDGE('',*,*,#12165,.T.);
#9767=ORIENTED_EDGE('',*,*,#11445,.F.);
#9768=ORIENTED_EDGE('',*,*,#12169,.T.);
#9769=ORIENTED_EDGE('',*,*,#12170,.T.);
#9770=CARTESIAN_POINT('',(-6.0198,0.0,0.0));
#9771=DIRECTION('',(1.0,0.0,0.0));
#9772=DIRECTION('',(0.0,1.0,0.0));
#9773=ORIENTED_EDGE('',*,*,#12171,.F.);
#9774=ORIENTED_EDGE('',*,*,#12168,.F.);
#9775=ORIENTED_EDGE('',*,*,#12162,.F.);
#9776=ORIENTED_EDGE('',*,*,#12160,.T.);
#9777=CARTESIAN_POINT('',(-6.11505,8.763,0.0));
#9778=DIRECTION('',(0.982872186934318,0.184288535050203,0.0));
#9779=DIRECTION('',(0.0,0.0,-1.0));
#9780=ORIENTED_EDGE('',*,*,#12171,.T.);
#9781=ORIENTED_EDGE('',*,*,#12159,.T.);
#9782=ORIENTED_EDGE('',*,*,#12157,.T.);
#9783=ORIENTED_EDGE('',*,*,#12172,.F.);
#9784=CARTESIAN_POINT('',(-6.35,8.763,0.23495));
#9785=DIRECTION('',(0.0,0.184288535050203,0.982872186934318));
#9786=DIRECTION('',(1.0,-0.0,0.0));
#9787=ORIENTED_EDGE('',*,*,#12151,.T.);
#9788=ORIENTED_EDGE('',*,*,#10790,.T.);
#9789=ORIENTED_EDGE('',*,*,#12167,.F.);
#9790=ORIENTED_EDGE('',*,*,#12172,.T.);
#9791=CARTESIAN_POINT('',(-6.6802,9.271,0.3302));
#9792=DIRECTION('',(0.0,0.0,1.0));
#9793=DIRECTION('',(1.0,0.0,0.0));
#9794=ORIENTED_EDGE('',*,*,#12169,.F.);
#9795=ORIENTED_EDGE('',*,*,#11444,.F.);
#9796=ORIENTED_EDGE('',*,*,#12153,.T.);
#9797=ORIENTED_EDGE('',*,*,#12173,.F.);
#9798=CARTESIAN_POINT('',(-6.6802,9.271,0.3302));
#9799=DIRECTION('',(0.0,0.0,1.0));
#9800=DIRECTION('',(1.0,0.0,0.0));
#9801=ORIENTED_EDGE('',*,*,#12174,.F.);
#9802=ORIENTED_EDGE('',*,*,#12175,.F.);
#9803=ORIENTED_EDGE('',*,*,#12176,.T.);
#9804=ORIENTED_EDGE('',*,*,#12173,.T.);
#9805=CARTESIAN_POINT('',(-6.35,-3.683,0.23495));
#9806=DIRECTION('',(0.0,-0.184288535050203,0.982872186934318));
#9807=DIRECTION('',(-1.0,0.0,0.0));
#9808=ORIENTED_EDGE('',*,*,#12177,.F.);
#9809=ORIENTED_EDGE('',*,*,#12170,.F.);
#9810=ORIENTED_EDGE('',*,*,#12176,.F.);
#9811=ORIENTED_EDGE('',*,*,#12178,.T.);
#9812=CARTESIAN_POINT('',(-6.11505,-3.683,0.0));
#9813=DIRECTION('',(0.982872186934318,-0.184288535050203,0.0));
#9814=DIRECTION('',(0.0,0.0,-1.0));
#9815=ORIENTED_EDGE('',*,*,#12178,.F.);
#9816=ORIENTED_EDGE('',*,*,#12175,.T.);
#9817=ORIENTED_EDGE('',*,*,#12179,.F.);
#9818=ORIENTED_EDGE('',*,*,#12180,.F.);
#9819=CARTESIAN_POINT('',(-6.6802,-4.191,0.3302));
#9820=DIRECTION('',(0.0,-1.0,0.0));
#9821=DIRECTION('',(0.0,0.0,-1.0));
#9822=ORIENTED_EDGE('',*,*,#12177,.T.);
#9823=ORIENTED_EDGE('',*,*,#12180,.T.);
#9824=ORIENTED_EDGE('',*,*,#12181,.T.);
#9825=ORIENTED_EDGE('',*,*,#12166,.F.);
#9826=CARTESIAN_POINT('',(-6.35,-3.683,-0.23495));
#9827=DIRECTION('',(0.0,-0.184288535050203,-0.982872186934318));
#9828=DIRECTION('',(0.0,-0.982872186934319,0.184288535050203));
#9829=ORIENTED_EDGE('',*,*,#12181,.F.);
#9830=ORIENTED_EDGE('',*,*,#12179,.T.);
#9831=ORIENTED_EDGE('',*,*,#12174,.T.);
#9832=ORIENTED_EDGE('',*,*,#12155,.F.);
#9833=CARTESIAN_POINT('',(-6.58495,-3.683,0.0));
#9834=DIRECTION('',(-0.982872186934318,-0.184288535050203,0.0));
#9835=DIRECTION('',(-0.184288535050203,0.982872186934319,0.0));
#9836=ORIENTED_EDGE('',*,*,#12182,.F.);
#9837=ORIENTED_EDGE('',*,*,#10795,.F.);
#9838=ORIENTED_EDGE('',*,*,#12183,.F.);
#9839=ORIENTED_EDGE('',*,*,#12184,.T.);
#9840=CARTESIAN_POINT('',(-9.2202,0.0,0.0));
#9841=DIRECTION('',(1.0,0.0,0.0));
#9842=DIRECTION('',(0.0,1.0,0.0));
#9843=ORIENTED_EDGE('',*,*,#12185,.F.);
#9844=ORIENTED_EDGE('',*,*,#11451,.T.);
#9845=ORIENTED_EDGE('',*,*,#12186,.F.);
#9846=ORIENTED_EDGE('',*,*,#12187,.T.);
#9847=CARTESIAN_POINT('',(-9.2202,0.0,0.0));
#9848=DIRECTION('',(1.0,0.0,0.0));
#9849=DIRECTION('',(0.0,1.0,0.0));
#9850=ORIENTED_EDGE('',*,*,#12188,.F.);
#9851=ORIENTED_EDGE('',*,*,#12184,.F.);
#9852=ORIENTED_EDGE('',*,*,#12189,.F.);
#9853=ORIENTED_EDGE('',*,*,#12190,.T.);
#9854=CARTESIAN_POINT('',(-9.12495,8.763,0.0));
#9855=DIRECTION('',(-0.982872186934318,0.184288535050203,0.0));
#9856=DIRECTION('',(0.0,0.0,1.0));
#9857=ORIENTED_EDGE('',*,*,#12190,.F.);
#9858=ORIENTED_EDGE('',*,*,#12191,.F.);
#9859=ORIENTED_EDGE('',*,*,#12192,.F.);
#9860=ORIENTED_EDGE('',*,*,#12193,.T.);
#9861=CARTESIAN_POINT('',(-9.2202,9.271,-0.3302));
#9862=DIRECTION('',(-0.0,1.0,0.0));
#9863=DIRECTION('',(1.0,0.0,0.0));
#9864=ORIENTED_EDGE('',*,*,#12194,.T.);
#9865=ORIENTED_EDGE('',*,*,#12195,.T.);
#9866=ORIENTED_EDGE('',*,*,#12188,.T.);
#9867=ORIENTED_EDGE('',*,*,#12193,.F.);
#9868=CARTESIAN_POINT('',(-8.89,8.763,-0.23495));
#9869=DIRECTION('',(0.0,0.184288535050203,-0.982872186934318));
#9870=DIRECTION('',(-1.0,0.0,0.0));
#9871=ORIENTED_EDGE('',*,*,#12196,.F.);
#9872=ORIENTED_EDGE('',*,*,#10792,.F.);
#9873=ORIENTED_EDGE('',*,*,#12182,.T.);
#9874=ORIENTED_EDGE('',*,*,#12195,.F.);
#9875=CARTESIAN_POINT('',(-9.2202,-4.191,-0.3302));
#9876=DIRECTION('',(0.0,0.0,-1.0));
#9877=DIRECTION('',(0.0,-1.0,0.0));
#9878=ORIENTED_EDGE('',*,*,#12186,.T.);
#9879=ORIENTED_EDGE('',*,*,#11450,.T.);
#9880=ORIENTED_EDGE('',*,*,#12197,.F.);
#9881=ORIENTED_EDGE('',*,*,#12198,.T.);
#9882=CARTESIAN_POINT('',(-9.2202,-4.191,-0.3302));
#9883=DIRECTION('',(0.0,0.0,-1.0));
#9884=DIRECTION('',(0.0,-1.0,0.0));
#9885=ORIENTED_EDGE('',*,*,#12199,.T.);
#9886=ORIENTED_EDGE('',*,*,#10793,.T.);
#9887=ORIENTED_EDGE('',*,*,#12196,.T.);
#9888=ORIENTED_EDGE('',*,*,#12200,.T.);
#9889=CARTESIAN_POINT('',(-8.5598,0.0,0.0));
#9890=DIRECTION('',(1.0,0.0,0.0));
#9891=DIRECTION('',(0.0,1.0,0.0));
#9892=ORIENTED_EDGE('',*,*,#12197,.T.);
#9893=ORIENTED_EDGE('',*,*,#11449,.F.);
#9894=ORIENTED_EDGE('',*,*,#12201,.T.);
#9895=ORIENTED_EDGE('',*,*,#12202,.T.);
#9896=CARTESIAN_POINT('',(-8.5598,0.0,0.0));
#9897=DIRECTION('',(1.0,0.0,0.0));
#9898=DIRECTION('',(0.0,1.0,0.0));
#9899=ORIENTED_EDGE('',*,*,#12203,.F.);
#9900=ORIENTED_EDGE('',*,*,#12200,.F.);
#9901=ORIENTED_EDGE('',*,*,#12194,.F.);
#9902=ORIENTED_EDGE('',*,*,#12192,.T.);
#9903=CARTESIAN_POINT('',(-8.65505,8.763,0.0));
#9904=DIRECTION('',(0.982872186934318,0.184288535050203,0.0));
#9905=DIRECTION('',(0.0,0.0,-1.0));
#9906=ORIENTED_EDGE('',*,*,#12203,.T.);
#9907=ORIENTED_EDGE('',*,*,#12191,.T.);
#9908=ORIENTED_EDGE('',*,*,#12189,.T.);
#9909=ORIENTED_EDGE('',*,*,#12204,.F.);
#9910=CARTESIAN_POINT('',(-8.89,8.763,0.23495));
#9911=DIRECTION('',(0.0,0.184288535050203,0.982872186934318));
#9912=DIRECTION('',(1.0,-0.0,0.0));
#9913=ORIENTED_EDGE('',*,*,#12183,.T.);
#9914=ORIENTED_EDGE('',*,*,#10794,.T.);
#9915=ORIENTED_EDGE('',*,*,#12199,.F.);
#9916=ORIENTED_EDGE('',*,*,#12204,.T.);
#9917=CARTESIAN_POINT('',(-9.2202,9.271,0.3302));
#9918=DIRECTION('',(0.0,0.0,1.0));
#9919=DIRECTION('',(1.0,0.0,0.0));
#9920=ORIENTED_EDGE('',*,*,#12201,.F.);
#9921=ORIENTED_EDGE('',*,*,#11448,.F.);
#9922=ORIENTED_EDGE('',*,*,#12185,.T.);
#9923=ORIENTED_EDGE('',*,*,#12205,.F.);
#9924=CARTESIAN_POINT('',(-9.2202,9.271,0.3302));
#9925=DIRECTION('',(0.0,0.0,1.0));
#9926=DIRECTION('',(1.0,0.0,0.0));
#9927=ORIENTED_EDGE('',*,*,#12206,.F.);
#9928=ORIENTED_EDGE('',*,*,#12207,.F.);
#9929=ORIENTED_EDGE('',*,*,#12208,.T.);
#9930=ORIENTED_EDGE('',*,*,#12205,.T.);
#9931=CARTESIAN_POINT('',(-8.89,-3.683,0.23495));
#9932=DIRECTION('',(0.0,-0.184288535050203,0.982872186934318));
#9933=DIRECTION('',(-1.0,0.0,0.0));
#9934=ORIENTED_EDGE('',*,*,#12209,.F.);
#9935=ORIENTED_EDGE('',*,*,#12202,.F.);
#9936=ORIENTED_EDGE('',*,*,#12208,.F.);
#9937=ORIENTED_EDGE('',*,*,#12210,.T.);
#9938=CARTESIAN_POINT('',(-8.65505,-3.683,0.0));
#9939=DIRECTION('',(0.982872186934318,-0.184288535050203,0.0));
#9940=DIRECTION('',(0.0,0.0,-1.0));
#9941=ORIENTED_EDGE('',*,*,#12210,.F.);
#9942=ORIENTED_EDGE('',*,*,#12207,.T.);
#9943=ORIENTED_EDGE('',*,*,#12211,.F.);
#9944=ORIENTED_EDGE('',*,*,#12212,.F.);
#9945=CARTESIAN_POINT('',(-9.2202,-4.191,0.3302));
#9946=DIRECTION('',(0.0,-1.0,0.0));
#9947=DIRECTION('',(0.0,0.0,-1.0));
#9948=ORIENTED_EDGE('',*,*,#12209,.T.);
#9949=ORIENTED_EDGE('',*,*,#12212,.T.);
#9950=ORIENTED_EDGE('',*,*,#12213,.T.);
#9951=ORIENTED_EDGE('',*,*,#12198,.F.);
#9952=CARTESIAN_POINT('',(-8.89,-3.683,-0.23495));
#9953=DIRECTION('',(0.0,-0.184288535050203,-0.982872186934318));
#9954=DIRECTION('',(0.0,-0.982872186934319,0.184288535050203));
#9955=ORIENTED_EDGE('',*,*,#12213,.F.);
#9956=ORIENTED_EDGE('',*,*,#12211,.T.);
#9957=ORIENTED_EDGE('',*,*,#12206,.T.);
#9958=ORIENTED_EDGE('',*,*,#12187,.F.);
#9959=CARTESIAN_POINT('',(-9.12495,-3.683,0.0));
#9960=DIRECTION('',(-0.982872186934318,-0.184288535050203,0.0));
#9961=DIRECTION('',(-0.184288535050203,0.982872186934319,0.0));
#9962=ORIENTED_EDGE('',*,*,#12214,.F.);
#9963=ORIENTED_EDGE('',*,*,#10799,.F.);
#9964=ORIENTED_EDGE('',*,*,#12215,.F.);
#9965=ORIENTED_EDGE('',*,*,#12216,.T.);
#9966=CARTESIAN_POINT('',(-11.7602,0.0,0.0));
#9967=DIRECTION('',(1.0,0.0,0.0));
#9968=DIRECTION('',(0.0,1.0,0.0));
#9969=ORIENTED_EDGE('',*,*,#12217,.F.);
#9970=ORIENTED_EDGE('',*,*,#11455,.T.);
#9971=ORIENTED_EDGE('',*,*,#12218,.F.);
#9972=ORIENTED_EDGE('',*,*,#12219,.T.);
#9973=CARTESIAN_POINT('',(-11.7602,0.0,0.0));
#9974=DIRECTION('',(1.0,0.0,0.0));
#9975=DIRECTION('',(0.0,1.0,0.0));
#9976=ORIENTED_EDGE('',*,*,#12220,.F.);
#9977=ORIENTED_EDGE('',*,*,#12216,.F.);
#9978=ORIENTED_EDGE('',*,*,#12221,.F.);
#9979=ORIENTED_EDGE('',*,*,#12222,.T.);
#9980=CARTESIAN_POINT('',(-11.66495,8.763,0.0));
#9981=DIRECTION('',(-0.982872186934318,0.184288535050203,0.0));
#9982=DIRECTION('',(0.0,0.0,1.0));
#9983=ORIENTED_EDGE('',*,*,#12222,.F.);
#9984=ORIENTED_EDGE('',*,*,#12223,.F.);
#9985=ORIENTED_EDGE('',*,*,#12224,.F.);
#9986=ORIENTED_EDGE('',*,*,#12225,.T.);
#9987=CARTESIAN_POINT('',(-11.7602,9.271,-0.3302));
#9988=DIRECTION('',(-0.0,1.0,0.0));
#9989=DIRECTION('',(1.0,0.0,0.0));
#9990=ORIENTED_EDGE('',*,*,#12226,.T.);
#9991=ORIENTED_EDGE('',*,*,#12227,.T.);
#9992=ORIENTED_EDGE('',*,*,#12220,.T.);
#9993=ORIENTED_EDGE('',*,*,#12225,.F.);
#9994=CARTESIAN_POINT('',(-11.43,8.763,-0.23495));
#9995=DIRECTION('',(0.0,0.184288535050203,-0.982872186934318));
#9996=DIRECTION('',(-1.0,0.0,0.0));
#9997=ORIENTED_EDGE('',*,*,#12228,.F.);
#9998=ORIENTED_EDGE('',*,*,#10796,.F.);
#9999=ORIENTED_EDGE('',*,*,#12214,.T.);
#10000=ORIENTED_EDGE('',*,*,#12227,.F.);
#10001=CARTESIAN_POINT('',(-11.7602,-4.191,-0.3302));
#10002=DIRECTION('',(0.0,0.0,-1.0));
#10003=DIRECTION('',(0.0,-1.0,0.0));
#10004=ORIENTED_EDGE('',*,*,#12218,.T.);
#10005=ORIENTED_EDGE('',*,*,#11454,.T.);
#10006=ORIENTED_EDGE('',*,*,#12229,.F.);
#10007=ORIENTED_EDGE('',*,*,#12230,.T.);
#10008=CARTESIAN_POINT('',(-11.7602,-4.191,-0.3302));
#10009=DIRECTION('',(0.0,0.0,-1.0));
#10010=DIRECTION('',(0.0,-1.0,0.0));
#10011=ORIENTED_EDGE('',*,*,#12231,.T.);
#10012=ORIENTED_EDGE('',*,*,#10797,.T.);
#10013=ORIENTED_EDGE('',*,*,#12228,.T.);
#10014=ORIENTED_EDGE('',*,*,#12232,.T.);
#10015=CARTESIAN_POINT('',(-11.0998,0.0,0.0));
#10016=DIRECTION('',(1.0,0.0,0.0));
#10017=DIRECTION('',(0.0,1.0,0.0));
#10018=ORIENTED_EDGE('',*,*,#12229,.T.);
#10019=ORIENTED_EDGE('',*,*,#11453,.F.);
#10020=ORIENTED_EDGE('',*,*,#12233,.T.);
#10021=ORIENTED_EDGE('',*,*,#12234,.T.);
#10022=CARTESIAN_POINT('',(-11.0998,0.0,0.0));
#10023=DIRECTION('',(1.0,0.0,0.0));
#10024=DIRECTION('',(0.0,1.0,0.0));
#10025=ORIENTED_EDGE('',*,*,#12235,.F.);
#10026=ORIENTED_EDGE('',*,*,#12232,.F.);
#10027=ORIENTED_EDGE('',*,*,#12226,.F.);
#10028=ORIENTED_EDGE('',*,*,#12224,.T.);
#10029=CARTESIAN_POINT('',(-11.19505,8.763,0.0));
#10030=DIRECTION('',(0.982872186934318,0.184288535050203,0.0));
#10031=DIRECTION('',(0.0,0.0,-1.0));
#10032=ORIENTED_EDGE('',*,*,#12235,.T.);
#10033=ORIENTED_EDGE('',*,*,#12223,.T.);
#10034=ORIENTED_EDGE('',*,*,#12221,.T.);
#10035=ORIENTED_EDGE('',*,*,#12236,.F.);
#10036=CARTESIAN_POINT('',(-11.43,8.763,0.23495));
#10037=DIRECTION('',(0.0,0.184288535050203,0.982872186934318));
#10038=DIRECTION('',(1.0,-0.0,0.0));
#10039=ORIENTED_EDGE('',*,*,#12215,.T.);
#10040=ORIENTED_EDGE('',*,*,#10798,.T.);
#10041=ORIENTED_EDGE('',*,*,#12231,.F.);
#10042=ORIENTED_EDGE('',*,*,#12236,.T.);
#10043=CARTESIAN_POINT('',(-11.7602,9.271,0.3302));
#10044=DIRECTION('',(0.0,0.0,1.0));
#10045=DIRECTION('',(1.0,0.0,0.0));
#10046=ORIENTED_EDGE('',*,*,#12233,.F.);
#10047=ORIENTED_EDGE('',*,*,#11452,.F.);
#10048=ORIENTED_EDGE('',*,*,#12217,.T.);
#10049=ORIENTED_EDGE('',*,*,#12237,.F.);
#10050=CARTESIAN_POINT('',(-11.7602,9.271,0.3302));
#10051=DIRECTION('',(0.0,0.0,1.0));
#10052=DIRECTION('',(1.0,0.0,0.0));
#10053=ORIENTED_EDGE('',*,*,#12238,.F.);
#10054=ORIENTED_EDGE('',*,*,#12239,.F.);
#10055=ORIENTED_EDGE('',*,*,#12240,.T.);
#10056=ORIENTED_EDGE('',*,*,#12237,.T.);
#10057=CARTESIAN_POINT('',(-11.43,-3.683,0.23495));
#10058=DIRECTION('',(0.0,-0.184288535050203,0.982872186934318));
#10059=DIRECTION('',(-1.0,0.0,0.0));
#10060=ORIENTED_EDGE('',*,*,#12241,.F.);
#10061=ORIENTED_EDGE('',*,*,#12234,.F.);
#10062=ORIENTED_EDGE('',*,*,#12240,.F.);
#10063=ORIENTED_EDGE('',*,*,#12242,.T.);
#10064=CARTESIAN_POINT('',(-11.19505,-3.683,0.0));
#10065=DIRECTION('',(0.982872186934318,-0.184288535050203,0.0));
#10066=DIRECTION('',(0.0,0.0,-1.0));
#10067=ORIENTED_EDGE('',*,*,#12242,.F.);
#10068=ORIENTED_EDGE('',*,*,#12239,.T.);
#10069=ORIENTED_EDGE('',*,*,#12243,.F.);
#10070=ORIENTED_EDGE('',*,*,#12244,.F.);
#10071=CARTESIAN_POINT('',(-11.7602,-4.191,0.3302));
#10072=DIRECTION('',(0.0,-1.0,0.0));
#10073=DIRECTION('',(0.0,0.0,-1.0));
#10074=ORIENTED_EDGE('',*,*,#12241,.T.);
#10075=ORIENTED_EDGE('',*,*,#12244,.T.);
#10076=ORIENTED_EDGE('',*,*,#12245,.T.);
#10077=ORIENTED_EDGE('',*,*,#12230,.F.);
#10078=CARTESIAN_POINT('',(-11.43,-3.683,-0.23495));
#10079=DIRECTION('',(0.0,-0.184288535050203,-0.982872186934318));
#10080=DIRECTION('',(0.0,-0.982872186934319,0.184288535050203));
#10081=ORIENTED_EDGE('',*,*,#12245,.F.);
#10082=ORIENTED_EDGE('',*,*,#12243,.T.);
#10083=ORIENTED_EDGE('',*,*,#12238,.T.);
#10084=ORIENTED_EDGE('',*,*,#12219,.F.);
#10085=CARTESIAN_POINT('',(-11.66495,-3.683,0.0));
#10086=DIRECTION('',(-0.982872186934318,-0.184288535050203,0.0));
#10087=DIRECTION('',(-0.184288535050203,0.982872186934319,0.0));
#10088=ORIENTED_EDGE('',*,*,#12246,.F.);
#10089=ORIENTED_EDGE('',*,*,#10803,.F.);
#10090=ORIENTED_EDGE('',*,*,#12247,.F.);
#10091=ORIENTED_EDGE('',*,*,#12248,.T.);
#10092=CARTESIAN_POINT('',(-14.3002,0.0,0.0));
#10093=DIRECTION('',(1.0,0.0,0.0));
#10094=DIRECTION('',(0.0,1.0,0.0));
#10095=ORIENTED_EDGE('',*,*,#12249,.F.);
#10096=ORIENTED_EDGE('',*,*,#11459,.T.);
#10097=ORIENTED_EDGE('',*,*,#12250,.F.);
#10098=ORIENTED_EDGE('',*,*,#12251,.T.);
#10099=CARTESIAN_POINT('',(-14.3002,0.0,0.0));
#10100=DIRECTION('',(1.0,0.0,0.0));
#10101=DIRECTION('',(0.0,1.0,0.0));
#10102=ORIENTED_EDGE('',*,*,#12252,.F.);
#10103=ORIENTED_EDGE('',*,*,#12248,.F.);
#10104=ORIENTED_EDGE('',*,*,#12253,.F.);
#10105=ORIENTED_EDGE('',*,*,#12254,.T.);
#10106=CARTESIAN_POINT('',(-14.20495,8.763,0.0));
#10107=DIRECTION('',(-0.982872186934318,0.184288535050203,0.0));
#10108=DIRECTION('',(0.0,0.0,1.0));
#10109=ORIENTED_EDGE('',*,*,#12254,.F.);
#10110=ORIENTED_EDGE('',*,*,#12255,.F.);
#10111=ORIENTED_EDGE('',*,*,#12256,.F.);
#10112=ORIENTED_EDGE('',*,*,#12257,.T.);
#10113=CARTESIAN_POINT('',(-14.3002,9.271,-0.3302));
#10114=DIRECTION('',(-0.0,1.0,0.0));
#10115=DIRECTION('',(1.0,0.0,0.0));
#10116=ORIENTED_EDGE('',*,*,#12258,.T.);
#10117=ORIENTED_EDGE('',*,*,#12259,.T.);
#10118=ORIENTED_EDGE('',*,*,#12252,.T.);
#10119=ORIENTED_EDGE('',*,*,#12257,.F.);
#10120=CARTESIAN_POINT('',(-13.97,8.763,-0.23495));
#10121=DIRECTION('',(0.0,0.184288535050203,-0.982872186934318));
#10122=DIRECTION('',(-1.0,0.0,0.0));
#10123=ORIENTED_EDGE('',*,*,#12260,.F.);
#10124=ORIENTED_EDGE('',*,*,#10800,.F.);
#10125=ORIENTED_EDGE('',*,*,#12246,.T.);
#10126=ORIENTED_EDGE('',*,*,#12259,.F.);
#10127=CARTESIAN_POINT('',(-14.3002,-4.191,-0.3302));
#10128=DIRECTION('',(0.0,0.0,-1.0));
#10129=DIRECTION('',(0.0,-1.0,0.0));
#10130=ORIENTED_EDGE('',*,*,#12250,.T.);
#10131=ORIENTED_EDGE('',*,*,#11458,.T.);
#10132=ORIENTED_EDGE('',*,*,#12261,.F.);
#10133=ORIENTED_EDGE('',*,*,#12262,.T.);
#10134=CARTESIAN_POINT('',(-14.3002,-4.191,-0.3302));
#10135=DIRECTION('',(0.0,0.0,-1.0));
#10136=DIRECTION('',(0.0,-1.0,0.0));
#10137=ORIENTED_EDGE('',*,*,#12263,.T.);
#10138=ORIENTED_EDGE('',*,*,#10801,.T.);
#10139=ORIENTED_EDGE('',*,*,#12260,.T.);
#10140=ORIENTED_EDGE('',*,*,#12264,.T.);
#10141=CARTESIAN_POINT('',(-13.6398,0.0,0.0));
#10142=DIRECTION('',(1.0,0.0,0.0));
#10143=DIRECTION('',(0.0,1.0,0.0));
#10144=ORIENTED_EDGE('',*,*,#12261,.T.);
#10145=ORIENTED_EDGE('',*,*,#11457,.F.);
#10146=ORIENTED_EDGE('',*,*,#12265,.T.);
#10147=ORIENTED_EDGE('',*,*,#12266,.T.);
#10148=CARTESIAN_POINT('',(-13.6398,0.0,0.0));
#10149=DIRECTION('',(1.0,0.0,0.0));
#10150=DIRECTION('',(0.0,1.0,0.0));
#10151=ORIENTED_EDGE('',*,*,#12267,.F.);
#10152=ORIENTED_EDGE('',*,*,#12264,.F.);
#10153=ORIENTED_EDGE('',*,*,#12258,.F.);
#10154=ORIENTED_EDGE('',*,*,#12256,.T.);
#10155=CARTESIAN_POINT('',(-13.73505,8.763,0.0));
#10156=DIRECTION('',(0.982872186934318,0.184288535050203,0.0));
#10157=DIRECTION('',(0.0,0.0,-1.0));
#10158=ORIENTED_EDGE('',*,*,#12267,.T.);
#10159=ORIENTED_EDGE('',*,*,#12255,.T.);
#10160=ORIENTED_EDGE('',*,*,#12253,.T.);
#10161=ORIENTED_EDGE('',*,*,#12268,.F.);
#10162=CARTESIAN_POINT('',(-13.97,8.763,0.23495));
#10163=DIRECTION('',(0.0,0.184288535050203,0.982872186934318));
#10164=DIRECTION('',(1.0,-0.0,0.0));
#10165=ORIENTED_EDGE('',*,*,#12247,.T.);
#10166=ORIENTED_EDGE('',*,*,#10802,.T.);
#10167=ORIENTED_EDGE('',*,*,#12263,.F.);
#10168=ORIENTED_EDGE('',*,*,#12268,.T.);
#10169=CARTESIAN_POINT('',(-14.3002,9.271,0.3302));
#10170=DIRECTION('',(0.0,0.0,1.0));
#10171=DIRECTION('',(1.0,0.0,0.0));
#10172=ORIENTED_EDGE('',*,*,#12265,.F.);
#10173=ORIENTED_EDGE('',*,*,#11456,.F.);
#10174=ORIENTED_EDGE('',*,*,#12249,.T.);
#10175=ORIENTED_EDGE('',*,*,#12269,.F.);
#10176=CARTESIAN_POINT('',(-14.3002,9.271,0.3302));
#10177=DIRECTION('',(0.0,0.0,1.0));
#10178=DIRECTION('',(1.0,0.0,0.0));
#10179=ORIENTED_EDGE('',*,*,#12270,.F.);
#10180=ORIENTED_EDGE('',*,*,#12271,.F.);
#10181=ORIENTED_EDGE('',*,*,#12272,.T.);
#10182=ORIENTED_EDGE('',*,*,#12269,.T.);
#10183=CARTESIAN_POINT('',(-13.97,-3.683,0.23495));
#10184=DIRECTION('',(0.0,-0.184288535050203,0.982872186934318));
#10185=DIRECTION('',(-1.0,0.0,0.0));
#10186=ORIENTED_EDGE('',*,*,#12273,.F.);
#10187=ORIENTED_EDGE('',*,*,#12266,.F.);
#10188=ORIENTED_EDGE('',*,*,#12272,.F.);
#10189=ORIENTED_EDGE('',*,*,#12274,.T.);
#10190=CARTESIAN_POINT('',(-13.73505,-3.683,0.0));
#10191=DIRECTION('',(0.982872186934318,-0.184288535050203,0.0));
#10192=DIRECTION('',(0.0,0.0,-1.0));
#10193=ORIENTED_EDGE('',*,*,#12274,.F.);
#10194=ORIENTED_EDGE('',*,*,#12271,.T.);
#10195=ORIENTED_EDGE('',*,*,#12275,.F.);
#10196=ORIENTED_EDGE('',*,*,#12276,.F.);
#10197=CARTESIAN_POINT('',(-14.3002,-4.191,0.3302));
#10198=DIRECTION('',(0.0,-1.0,0.0));
#10199=DIRECTION('',(0.0,0.0,-1.0));
#10200=ORIENTED_EDGE('',*,*,#12273,.T.);
#10201=ORIENTED_EDGE('',*,*,#12276,.T.);
#10202=ORIENTED_EDGE('',*,*,#12277,.T.);
#10203=ORIENTED_EDGE('',*,*,#12262,.F.);
#10204=CARTESIAN_POINT('',(-13.97,-3.683,-0.23495));
#10205=DIRECTION('',(0.0,-0.184288535050203,-0.982872186934318));
#10206=DIRECTION('',(0.0,-0.982872186934319,0.184288535050203));
#10207=ORIENTED_EDGE('',*,*,#12277,.F.);
#10208=ORIENTED_EDGE('',*,*,#12275,.T.);
#10209=ORIENTED_EDGE('',*,*,#12270,.T.);
#10210=ORIENTED_EDGE('',*,*,#12251,.F.);
#10211=CARTESIAN_POINT('',(-14.20495,-3.683,0.0));
#10212=DIRECTION('',(-0.982872186934318,-0.184288535050203,0.0));
#10213=DIRECTION('',(-0.184288535050203,0.982872186934319,0.0));
#10214=ORIENTED_EDGE('',*,*,#12278,.F.);
#10215=ORIENTED_EDGE('',*,*,#10807,.F.);
#10216=ORIENTED_EDGE('',*,*,#12279,.F.);
#10217=ORIENTED_EDGE('',*,*,#12280,.T.);
#10218=CARTESIAN_POINT('',(-16.8402,0.0,0.0));
#10219=DIRECTION('',(1.0,0.0,0.0));
#10220=DIRECTION('',(0.0,1.0,0.0));
#10221=ORIENTED_EDGE('',*,*,#12281,.F.);
#10222=ORIENTED_EDGE('',*,*,#11463,.T.);
#10223=ORIENTED_EDGE('',*,*,#12282,.F.);
#10224=ORIENTED_EDGE('',*,*,#12283,.T.);
#10225=CARTESIAN_POINT('',(-16.8402,0.0,0.0));
#10226=DIRECTION('',(1.0,0.0,0.0));
#10227=DIRECTION('',(0.0,1.0,0.0));
#10228=ORIENTED_EDGE('',*,*,#12284,.F.);
#10229=ORIENTED_EDGE('',*,*,#12280,.F.);
#10230=ORIENTED_EDGE('',*,*,#12285,.F.);
#10231=ORIENTED_EDGE('',*,*,#12286,.T.);
#10232=CARTESIAN_POINT('',(-16.74495,8.763,0.0));
#10233=DIRECTION('',(-0.982872186934318,0.184288535050203,0.0));
#10234=DIRECTION('',(0.0,0.0,1.0));
#10235=ORIENTED_EDGE('',*,*,#12286,.F.);
#10236=ORIENTED_EDGE('',*,*,#12287,.F.);
#10237=ORIENTED_EDGE('',*,*,#12288,.F.);
#10238=ORIENTED_EDGE('',*,*,#12289,.T.);
#10239=CARTESIAN_POINT('',(-16.8402,9.271,-0.3302));
#10240=DIRECTION('',(-0.0,1.0,0.0));
#10241=DIRECTION('',(1.0,0.0,0.0));
#10242=ORIENTED_EDGE('',*,*,#12290,.T.);
#10243=ORIENTED_EDGE('',*,*,#12291,.T.);
#10244=ORIENTED_EDGE('',*,*,#12284,.T.);
#10245=ORIENTED_EDGE('',*,*,#12289,.F.);
#10246=CARTESIAN_POINT('',(-16.51,8.763,-0.23495));
#10247=DIRECTION('',(0.0,0.184288535050203,-0.982872186934318));
#10248=DIRECTION('',(-1.0,0.0,0.0));
#10249=ORIENTED_EDGE('',*,*,#12292,.F.);
#10250=ORIENTED_EDGE('',*,*,#10804,.F.);
#10251=ORIENTED_EDGE('',*,*,#12278,.T.);
#10252=ORIENTED_EDGE('',*,*,#12291,.F.);
#10253=CARTESIAN_POINT('',(-16.8402,-4.191,-0.3302));
#10254=DIRECTION('',(0.0,0.0,-1.0));
#10255=DIRECTION('',(0.0,-1.0,0.0));
#10256=ORIENTED_EDGE('',*,*,#12282,.T.);
#10257=ORIENTED_EDGE('',*,*,#11462,.T.);
#10258=ORIENTED_EDGE('',*,*,#12293,.F.);
#10259=ORIENTED_EDGE('',*,*,#12294,.T.);
#10260=CARTESIAN_POINT('',(-16.8402,-4.191,-0.3302));
#10261=DIRECTION('',(0.0,0.0,-1.0));
#10262=DIRECTION('',(0.0,-1.0,0.0));
#10263=ORIENTED_EDGE('',*,*,#12295,.T.);
#10264=ORIENTED_EDGE('',*,*,#10805,.T.);
#10265=ORIENTED_EDGE('',*,*,#12292,.T.);
#10266=ORIENTED_EDGE('',*,*,#12296,.T.);
#10267=CARTESIAN_POINT('',(-16.1798,0.0,0.0));
#10268=DIRECTION('',(1.0,0.0,0.0));
#10269=DIRECTION('',(0.0,1.0,0.0));
#10270=ORIENTED_EDGE('',*,*,#12293,.T.);
#10271=ORIENTED_EDGE('',*,*,#11461,.F.);
#10272=ORIENTED_EDGE('',*,*,#12297,.T.);
#10273=ORIENTED_EDGE('',*,*,#12298,.T.);
#10274=CARTESIAN_POINT('',(-16.1798,0.0,0.0));
#10275=DIRECTION('',(1.0,0.0,0.0));
#10276=DIRECTION('',(0.0,1.0,0.0));
#10277=ORIENTED_EDGE('',*,*,#12299,.F.);
#10278=ORIENTED_EDGE('',*,*,#12296,.F.);
#10279=ORIENTED_EDGE('',*,*,#12290,.F.);
#10280=ORIENTED_EDGE('',*,*,#12288,.T.);
#10281=CARTESIAN_POINT('',(-16.27505,8.763,0.0));
#10282=DIRECTION('',(0.982872186934318,0.184288535050203,0.0));
#10283=DIRECTION('',(0.0,0.0,-1.0));
#10284=ORIENTED_EDGE('',*,*,#12299,.T.);
#10285=ORIENTED_EDGE('',*,*,#12287,.T.);
#10286=ORIENTED_EDGE('',*,*,#12285,.T.);
#10287=ORIENTED_EDGE('',*,*,#12300,.F.);
#10288=CARTESIAN_POINT('',(-16.51,8.763,0.23495));
#10289=DIRECTION('',(0.0,0.184288535050203,0.982872186934318));
#10290=DIRECTION('',(1.0,-0.0,0.0));
#10291=ORIENTED_EDGE('',*,*,#12279,.T.);
#10292=ORIENTED_EDGE('',*,*,#10806,.T.);
#10293=ORIENTED_EDGE('',*,*,#12295,.F.);
#10294=ORIENTED_EDGE('',*,*,#12300,.T.);
#10295=CARTESIAN_POINT('',(-16.8402,9.271,0.3302));
#10296=DIRECTION('',(0.0,0.0,1.0));
#10297=DIRECTION('',(1.0,0.0,0.0));
#10298=ORIENTED_EDGE('',*,*,#12297,.F.);
#10299=ORIENTED_EDGE('',*,*,#11460,.F.);
#10300=ORIENTED_EDGE('',*,*,#12281,.T.);
#10301=ORIENTED_EDGE('',*,*,#12301,.F.);
#10302=CARTESIAN_POINT('',(-16.8402,9.271,0.3302));
#10303=DIRECTION('',(0.0,0.0,1.0));
#10304=DIRECTION('',(1.0,0.0,0.0));
#10305=ORIENTED_EDGE('',*,*,#12302,.F.);
#10306=ORIENTED_EDGE('',*,*,#12303,.F.);
#10307=ORIENTED_EDGE('',*,*,#12304,.T.);
#10308=ORIENTED_EDGE('',*,*,#12301,.T.);
#10309=CARTESIAN_POINT('',(-16.51,-3.683,0.23495));
#10310=DIRECTION('',(0.0,-0.184288535050203,0.982872186934318));
#10311=DIRECTION('',(-1.0,0.0,0.0));
#10312=ORIENTED_EDGE('',*,*,#12305,.F.);
#10313=ORIENTED_EDGE('',*,*,#12298,.F.);
#10314=ORIENTED_EDGE('',*,*,#12304,.F.);
#10315=ORIENTED_EDGE('',*,*,#12306,.T.);
#10316=CARTESIAN_POINT('',(-16.27505,-3.683,0.0));
#10317=DIRECTION('',(0.982872186934318,-0.184288535050203,0.0));
#10318=DIRECTION('',(0.0,0.0,-1.0));
#10319=ORIENTED_EDGE('',*,*,#12306,.F.);
#10320=ORIENTED_EDGE('',*,*,#12303,.T.);
#10321=ORIENTED_EDGE('',*,*,#12307,.F.);
#10322=ORIENTED_EDGE('',*,*,#12308,.F.);
#10323=CARTESIAN_POINT('',(-16.8402,-4.191,0.3302));
#10324=DIRECTION('',(0.0,-1.0,0.0));
#10325=DIRECTION('',(0.0,0.0,-1.0));
#10326=ORIENTED_EDGE('',*,*,#12305,.T.);
#10327=ORIENTED_EDGE('',*,*,#12308,.T.);
#10328=ORIENTED_EDGE('',*,*,#12309,.T.);
#10329=ORIENTED_EDGE('',*,*,#12294,.F.);
#10330=CARTESIAN_POINT('',(-16.51,-3.683,-0.23495));
#10331=DIRECTION('',(0.0,-0.184288535050203,-0.982872186934318));
#10332=DIRECTION('',(0.0,-0.982872186934319,0.184288535050203));
#10333=ORIENTED_EDGE('',*,*,#12309,.F.);
#10334=ORIENTED_EDGE('',*,*,#12307,.T.);
#10335=ORIENTED_EDGE('',*,*,#12302,.T.);
#10336=ORIENTED_EDGE('',*,*,#12283,.F.);
#10337=CARTESIAN_POINT('',(-16.74495,-3.683,0.0));
#10338=DIRECTION('',(-0.982872186934318,-0.184288535050203,0.0));
#10339=DIRECTION('',(-0.184288535050203,0.982872186934319,0.0));
#10340=AXIS2_PLACEMENT_3D('',#12310,#12311,#12312);
#10341=AXIS2_PLACEMENT_3D('',#12313,#12314,#12315);
#10342=AXIS2_PLACEMENT_3D('',#12316,#12317,#12318);
#10343=AXIS2_PLACEMENT_3D('',#12319,#12320,#12321);
#10344=AXIS2_PLACEMENT_3D('',#12322,#12323,#12324);
#10345=AXIS2_PLACEMENT_3D('',#12325,#12326,#12327);
#10346=AXIS2_PLACEMENT_3D('',#12328,#12329,#12330);
#10347=AXIS2_PLACEMENT_3D('',#12331,#12332,#12333);
#10348=AXIS2_PLACEMENT_3D('',#12334,#12335,#12336);
#10349=AXIS2_PLACEMENT_3D('',#12337,#12338,#12339);
#10350=AXIS2_PLACEMENT_3D('',#12340,#12341,#12342);
#10351=AXIS2_PLACEMENT_3D('',#12343,#12344,#12345);
#10352=AXIS2_PLACEMENT_3D('',#12346,#12347,#12348);
#10353=AXIS2_PLACEMENT_3D('',#12349,#12350,#12351);
#10354=AXIS2_PLACEMENT_3D('',#12352,#12353,#12354);
#10355=AXIS2_PLACEMENT_3D('',#12355,#12356,#12357);
#10356=AXIS2_PLACEMENT_3D('',#12358,#12359,#12360);
#10357=AXIS2_PLACEMENT_3D('',#12361,#12362,#12363);
#10358=AXIS2_PLACEMENT_3D('',#12364,#12365,#12366);
#10359=AXIS2_PLACEMENT_3D('',#12367,#12368,#12369);
#10360=AXIS2_PLACEMENT_3D('',#12370,#12371,#12372);
#10361=AXIS2_PLACEMENT_3D('',#12373,#12374,#12375);
#10362=AXIS2_PLACEMENT_3D('',#12376,#12377,#12378);
#10363=AXIS2_PLACEMENT_3D('',#12379,#12380,#12381);
#10364=AXIS2_PLACEMENT_3D('',#12382,#12383,#12384);
#10365=AXIS2_PLACEMENT_3D('',#12385,#12386,#12387);
#10366=AXIS2_PLACEMENT_3D('',#12388,#12389,#12390);
#10367=AXIS2_PLACEMENT_3D('',#12391,#12392,#12393);
#10368=EDGE_CURVE('',#12394,#12395,#12396,.T.);
#10369=EDGE_CURVE('',#12397,#12394,#12398,.T.);
#10370=EDGE_CURVE('',#12399,#12397,#12400,.T.);
#10371=EDGE_CURVE('',#12399,#12395,#12401,.T.);
#10372=EDGE_CURVE('',#12402,#12403,#12404,.T.);
#10373=EDGE_CURVE('',#12402,#12405,#12406,.T.);
#10374=EDGE_CURVE('',#12405,#12407,#12408,.T.);
#10375=EDGE_CURVE('',#12403,#12407,#12409,.T.);
#10376=EDGE_CURVE('',#12410,#12411,#12412,.T.);
#10377=EDGE_CURVE('',#12413,#12410,#12414,.T.);
#10378=EDGE_CURVE('',#12415,#12413,#12416,.T.);
#10379=EDGE_CURVE('',#12415,#12411,#12417,.T.);
#10380=EDGE_CURVE('',#12418,#12419,#12420,.T.);
#10381=EDGE_CURVE('',#12418,#12421,#12422,.T.);
#10382=EDGE_CURVE('',#12421,#12423,#12424,.T.);
#10383=EDGE_CURVE('',#12419,#12423,#12425,.T.);
#10384=EDGE_CURVE('',#12426,#12427,#12428,.T.);
#10385=EDGE_CURVE('',#12429,#12426,#12430,.T.);
#10386=EDGE_CURVE('',#12431,#12429,#12432,.T.);
#10387=EDGE_CURVE('',#12431,#12427,#12433,.T.);
#10388=EDGE_CURVE('',#12434,#12435,#12436,.T.);
#10389=EDGE_CURVE('',#12434,#12437,#12438,.T.);
#10390=EDGE_CURVE('',#12437,#12439,#12440,.T.);
#10391=EDGE_CURVE('',#12435,#12439,#12441,.T.);
#10392=EDGE_CURVE('',#12442,#12443,#12444,.T.);
#10393=EDGE_CURVE('',#12445,#12442,#12446,.T.);
#10394=EDGE_CURVE('',#12447,#12445,#12448,.T.);
#10395=EDGE_CURVE('',#12447,#12443,#12449,.T.);
#10396=EDGE_CURVE('',#12450,#12451,#12452,.T.);
#10397=EDGE_CURVE('',#12450,#12453,#12454,.T.);
#10398=EDGE_CURVE('',#12453,#12455,#12456,.T.);
#10399=EDGE_CURVE('',#12451,#12455,#12457,.T.);
#10400=EDGE_CURVE('',#12458,#12459,#12460,.T.);
#10401=EDGE_CURVE('',#12461,#12458,#12462,.T.);
#10402=EDGE_CURVE('',#12463,#12461,#12464,.T.);
#10403=EDGE_CURVE('',#12463,#12459,#12465,.T.);
#10404=EDGE_CURVE('',#12466,#12467,#12468,.T.);
#10405=EDGE_CURVE('',#12466,#12469,#12470,.T.);
#10406=EDGE_CURVE('',#12469,#12471,#12472,.T.);
#10407=EDGE_CURVE('',#12467,#12471,#12473,.T.);
#10408=EDGE_CURVE('',#12474,#12475,#12476,.T.);
#10409=EDGE_CURVE('',#12477,#12474,#12478,.T.);
#10410=EDGE_CURVE('',#12479,#12477,#12480,.T.);
#10411=EDGE_CURVE('',#12479,#12475,#12481,.T.);
#10412=EDGE_CURVE('',#12482,#12483,#12484,.T.);
#10413=EDGE_CURVE('',#12482,#12485,#12486,.T.);
#10414=EDGE_CURVE('',#12485,#12487,#12488,.T.);
#10415=EDGE_CURVE('',#12483,#12487,#12489,.T.);
#10416=EDGE_CURVE('',#12490,#12491,#12492,.T.);
#10417=EDGE_CURVE('',#12493,#12490,#12494,.T.);
#10418=EDGE_CURVE('',#12495,#12493,#12496,.T.);
#10419=EDGE_CURVE('',#12495,#12491,#12497,.T.);
#10420=EDGE_CURVE('',#12498,#12499,#12500,.T.);
#10421=EDGE_CURVE('',#12498,#12501,#12502,.T.);
#10422=EDGE_CURVE('',#12501,#12503,#12504,.T.);
#10423=EDGE_CURVE('',#12499,#12503,#12505,.T.);
#10424=EDGE_CURVE('',#12506,#12507,#12508,.T.);
#10425=EDGE_CURVE('',#12509,#12506,#12510,.T.);
#10426=EDGE_CURVE('',#12511,#12509,#12512,.T.);
#10427=EDGE_CURVE('',#12511,#12507,#12513,.T.);
#10428=EDGE_CURVE('',#12514,#12515,#12516,.T.);
#10429=EDGE_CURVE('',#12514,#12517,#12518,.T.);
#10430=EDGE_CURVE('',#12517,#12519,#12520,.T.);
#10431=EDGE_CURVE('',#12515,#12519,#12521,.T.);
#10432=EDGE_CURVE('',#12522,#12523,#12524,.T.);
#10433=EDGE_CURVE('',#12525,#12522,#12526,.T.);
#10434=EDGE_CURVE('',#12527,#12525,#12528,.T.);
#10435=EDGE_CURVE('',#12527,#12523,#12529,.T.);
#10436=EDGE_CURVE('',#12530,#12531,#12532,.T.);
#10437=EDGE_CURVE('',#12530,#12533,#12534,.T.);
#10438=EDGE_CURVE('',#12533,#12535,#12536,.T.);
#10439=EDGE_CURVE('',#12531,#12535,#12537,.T.);
#10440=EDGE_CURVE('',#12538,#12539,#12540,.T.);
#10441=EDGE_CURVE('',#12541,#12538,#12542,.T.);
#10442=EDGE_CURVE('',#12543,#12541,#12544,.T.);
#10443=EDGE_CURVE('',#12543,#12539,#12545,.T.);
#10444=EDGE_CURVE('',#12546,#12547,#12548,.T.);
#10445=EDGE_CURVE('',#12546,#12549,#12550,.T.);
#10446=EDGE_CURVE('',#12549,#12551,#12552,.T.);
#10447=EDGE_CURVE('',#12547,#12551,#12553,.T.);
#10448=EDGE_CURVE('',#12554,#12555,#12556,.T.);
#10449=EDGE_CURVE('',#12557,#12554,#12558,.T.);
#10450=EDGE_CURVE('',#12559,#12557,#12560,.T.);
#10451=EDGE_CURVE('',#12559,#12555,#12561,.T.);
#10452=EDGE_CURVE('',#12562,#12563,#12564,.T.);
#10453=EDGE_CURVE('',#12562,#12565,#12566,.T.);
#10454=EDGE_CURVE('',#12565,#12567,#12568,.T.);
#10455=EDGE_CURVE('',#12563,#12567,#12569,.T.);
#10456=EDGE_CURVE('',#12570,#12571,#12572,.T.);
#10457=EDGE_CURVE('',#12573,#12570,#12574,.T.);
#10458=EDGE_CURVE('',#12575,#12573,#12576,.T.);
#10459=EDGE_CURVE('',#12575,#12571,#12577,.T.);
#10460=EDGE_CURVE('',#12578,#12579,#12580,.T.);
#10461=EDGE_CURVE('',#12578,#12581,#12582,.T.);
#10462=EDGE_CURVE('',#12581,#12583,#12584,.T.);
#10463=EDGE_CURVE('',#12579,#12583,#12585,.T.);
#10464=EDGE_CURVE('',#12586,#12587,#12588,.T.);
#10465=EDGE_CURVE('',#12589,#12586,#12590,.T.);
#10466=EDGE_CURVE('',#12591,#12589,#12592,.T.);
#10467=EDGE_CURVE('',#12591,#12587,#12593,.T.);
#10468=EDGE_CURVE('',#12594,#12595,#12596,.T.);
#10469=EDGE_CURVE('',#12594,#12597,#12598,.T.);
#10470=EDGE_CURVE('',#12597,#12599,#12600,.T.);
#10471=EDGE_CURVE('',#12595,#12599,#12601,.T.);
#10472=EDGE_CURVE('',#12602,#12603,#12604,.T.);
#10473=EDGE_CURVE('',#12605,#12602,#12606,.T.);
#10474=EDGE_CURVE('',#12607,#12605,#12608,.T.);
#10475=EDGE_CURVE('',#12607,#12603,#12609,.T.);
#10476=EDGE_CURVE('',#12610,#12611,#12612,.T.);
#10477=EDGE_CURVE('',#12610,#12613,#12614,.T.);
#10478=EDGE_CURVE('',#12613,#12615,#12616,.T.);
#10479=EDGE_CURVE('',#12611,#12615,#12617,.T.);
#10480=EDGE_CURVE('',#12618,#12619,#12620,.T.);
#10481=EDGE_CURVE('',#12621,#12618,#12622,.T.);
#10482=EDGE_CURVE('',#12623,#12621,#12624,.T.);
#10483=EDGE_CURVE('',#12625,#12623,#12626,.T.);
#10484=EDGE_CURVE('',#12627,#12625,#12628,.T.);
#10485=EDGE_CURVE('',#12619,#12627,#12629,.T.);
#10486=EDGE_CURVE('',#12630,#12631,#12632,.T.);
#10487=EDGE_CURVE('',#12630,#12633,#12634,.T.);
#10488=EDGE_CURVE('',#12635,#12633,#12636,.T.);
#10489=EDGE_CURVE('',#12637,#12635,#12638,.T.);
#10490=EDGE_CURVE('',#12639,#12637,#12640,.T.);
#10491=EDGE_CURVE('',#12639,#12631,#12641,.T.);
#10492=EDGE_CURVE('',#12642,#12643,#12644,.T.);
#10493=EDGE_CURVE('',#12645,#12642,#12646,.T.);
#10494=EDGE_CURVE('',#12647,#12645,#12648,.T.);
#10495=EDGE_CURVE('',#12649,#12647,#12650,.T.);
#10496=EDGE_CURVE('',#12651,#12649,#12652,.T.);
#10497=EDGE_CURVE('',#12653,#12651,#12654,.T.);
#10498=EDGE_CURVE('',#12655,#12653,#12656,.T.);
#10499=EDGE_CURVE('',#12657,#12655,#12658,.T.);
#10500=EDGE_CURVE('',#12659,#12657,#12660,.T.);
#10501=EDGE_CURVE('',#12661,#12659,#12662,.T.);
#10502=EDGE_CURVE('',#12663,#12661,#12664,.T.);
#10503=EDGE_CURVE('',#12665,#12663,#12666,.T.);
#10504=EDGE_CURVE('',#12667,#12665,#12668,.T.);
#10505=EDGE_CURVE('',#12669,#12667,#12670,.T.);
#10506=EDGE_CURVE('',#12671,#12669,#12672,.T.);
#10507=EDGE_CURVE('',#12673,#12671,#12674,.T.);
#10508=EDGE_CURVE('',#12675,#12673,#12676,.T.);
#10509=EDGE_CURVE('',#12677,#12675,#12678,.T.);
#10510=EDGE_CURVE('',#12679,#12677,#12680,.T.);
#10511=EDGE_CURVE('',#12681,#12679,#12682,.T.);
#10512=EDGE_CURVE('',#12683,#12681,#12684,.T.);
#10513=EDGE_CURVE('',#12685,#12683,#12686,.T.);
#10514=EDGE_CURVE('',#12687,#12685,#12688,.T.);
#10515=EDGE_CURVE('',#12689,#12687,#12690,.T.);
#10516=EDGE_CURVE('',#12691,#12689,#12692,.T.);
#10517=EDGE_CURVE('',#12693,#12691,#12694,.T.);
#10518=EDGE_CURVE('',#12695,#12693,#12696,.T.);
#10519=EDGE_CURVE('',#12697,#12695,#12698,.T.);
#10520=EDGE_CURVE('',#12699,#12697,#12700,.T.);
#10521=EDGE_CURVE('',#12701,#12699,#12702,.T.);
#10522=EDGE_CURVE('',#12703,#12701,#12704,.T.);
#10523=EDGE_CURVE('',#12705,#12703,#12706,.T.);
#10524=EDGE_CURVE('',#12707,#12705,#12708,.T.);
#10525=EDGE_CURVE('',#12709,#12707,#12710,.T.);
#10526=EDGE_CURVE('',#12711,#12709,#12712,.T.);
#10527=EDGE_CURVE('',#12713,#12711,#12714,.T.);
#10528=EDGE_CURVE('',#12715,#12713,#12716,.T.);
#10529=EDGE_CURVE('',#12717,#12715,#12718,.T.);
#10530=EDGE_CURVE('',#12719,#12717,#12720,.T.);
#10531=EDGE_CURVE('',#12721,#12719,#12722,.T.);
#10532=EDGE_CURVE('',#12723,#12721,#12724,.T.);
#10533=EDGE_CURVE('',#12725,#12723,#12726,.T.);
#10534=EDGE_CURVE('',#12727,#12725,#12728,.T.);
#10535=EDGE_CURVE('',#12729,#12727,#12730,.T.);
#10536=EDGE_CURVE('',#12731,#12729,#12732,.T.);
#10537=EDGE_CURVE('',#12733,#12731,#12734,.T.);
#10538=EDGE_CURVE('',#12625,#12733,#12735,.T.);
#10539=EDGE_CURVE('',#12623,#12736,#12737,.T.);
#10540=EDGE_CURVE('',#12736,#12738,#12739,.T.);
#10541=EDGE_CURVE('',#12738,#12611,#12740,.T.);
#10542=EDGE_CURVE('',#12615,#12741,#12742,.T.);
#10543=EDGE_CURVE('',#12619,#12741,#12743,.T.);
#10544=EDGE_CURVE('',#12744,#12627,#12745,.T.);
#10545=EDGE_CURVE('',#12746,#12744,#12747,.T.);
#10546=EDGE_CURVE('',#12748,#12746,#12749,.T.);
#10547=EDGE_CURVE('',#12748,#12750,#12751,.T.);
#10548=EDGE_CURVE('',#12752,#12750,#12753,.T.);
#10549=EDGE_CURVE('',#12754,#12752,#12755,.T.);
#10550=EDGE_CURVE('',#12754,#12756,#12757,.T.);
#10551=EDGE_CURVE('',#12758,#12756,#12759,.T.);
#10552=EDGE_CURVE('',#12760,#12758,#12761,.T.);
#10553=EDGE_CURVE('',#12760,#12762,#12763,.T.);
#10554=EDGE_CURVE('',#12764,#12762,#12765,.T.);
#10555=EDGE_CURVE('',#12766,#12764,#12767,.T.);
#10556=EDGE_CURVE('',#12766,#12768,#12769,.T.);
#10557=EDGE_CURVE('',#12770,#12768,#12771,.T.);
#10558=EDGE_CURVE('',#12772,#12770,#12773,.T.);
#10559=EDGE_CURVE('',#12772,#12774,#12775,.T.);
#10560=EDGE_CURVE('',#12776,#12774,#12777,.T.);
#10561=EDGE_CURVE('',#12778,#12776,#12779,.T.);
#10562=EDGE_CURVE('',#12778,#12780,#12781,.T.);
#10563=EDGE_CURVE('',#12782,#12780,#12783,.T.);
#10564=EDGE_CURVE('',#12784,#12782,#12785,.T.);
#10565=EDGE_CURVE('',#12784,#12786,#12787,.T.);
#10566=EDGE_CURVE('',#12788,#12786,#12789,.T.);
#10567=EDGE_CURVE('',#12790,#12788,#12791,.T.);
#10568=EDGE_CURVE('',#12790,#12792,#12793,.T.);
#10569=EDGE_CURVE('',#12794,#12792,#12795,.T.);
#10570=EDGE_CURVE('',#12796,#12794,#12797,.T.);
#10571=EDGE_CURVE('',#12796,#12798,#12799,.T.);
#10572=EDGE_CURVE('',#12800,#12798,#12801,.T.);
#10573=EDGE_CURVE('',#12802,#12800,#12803,.T.);
#10574=EDGE_CURVE('',#12802,#12804,#12805,.T.);
#10575=EDGE_CURVE('',#12806,#12804,#12807,.T.);
#10576=EDGE_CURVE('',#12808,#12806,#12809,.T.);
#10577=EDGE_CURVE('',#12808,#12810,#12811,.T.);
#10578=EDGE_CURVE('',#12812,#12810,#12813,.T.);
#10579=EDGE_CURVE('',#12814,#12812,#12815,.T.);
#10580=EDGE_CURVE('',#12814,#12816,#12817,.T.);
#10581=EDGE_CURVE('',#12818,#12816,#12819,.T.);
#10582=EDGE_CURVE('',#12820,#12818,#12821,.T.);
#10583=EDGE_CURVE('',#12820,#12822,#12823,.T.);
#10584=EDGE_CURVE('',#12824,#12822,#12825,.T.);
#10585=EDGE_CURVE('',#12826,#12824,#12827,.T.);
#10586=EDGE_CURVE('',#12826,#12828,#12829,.T.);
#10587=EDGE_CURVE('',#12830,#12828,#12831,.T.);
#10588=EDGE_CURVE('',#12832,#12830,#12833,.T.);
#10589=EDGE_CURVE('',#12834,#12832,#12835,.T.);
#10590=EDGE_CURVE('',#12836,#12834,#12837,.T.);
#10591=EDGE_CURVE('',#12838,#12836,#12839,.T.);
#10592=EDGE_CURVE('',#12838,#12397,#12840,.T.);
#10593=EDGE_CURVE('',#12394,#12841,#12842,.T.);
#10594=EDGE_CURVE('',#12841,#12843,#12844,.T.);
#10595=EDGE_CURVE('',#12843,#12643,#12845,.T.);
#10596=EDGE_CURVE('',#12846,#12847,#12848,.T.);
#10597=EDGE_CURVE('',#12849,#12847,#12850,.T.);
#10598=EDGE_CURVE('',#12849,#12413,#12851,.T.);
#10599=EDGE_CURVE('',#12410,#12852,#12853,.T.);
#10600=EDGE_CURVE('',#12852,#12854,#12855,.T.);
#10601=EDGE_CURVE('',#12854,#12846,#12856,.T.);
#10602=EDGE_CURVE('',#12857,#12858,#12859,.T.);
#10603=EDGE_CURVE('',#12860,#12858,#12861,.T.);
#10604=EDGE_CURVE('',#12860,#12429,#12862,.T.);
#10605=EDGE_CURVE('',#12426,#12863,#12864,.T.);
#10606=EDGE_CURVE('',#12863,#12865,#12866,.T.);
#10607=EDGE_CURVE('',#12865,#12857,#12867,.T.);
#10608=EDGE_CURVE('',#12868,#12869,#12870,.T.);
#10609=EDGE_CURVE('',#12871,#12869,#12872,.T.);
#10610=EDGE_CURVE('',#12871,#12445,#12873,.T.);
#10611=EDGE_CURVE('',#12442,#12874,#12875,.T.);
#10612=EDGE_CURVE('',#12874,#12876,#12877,.T.);
#10613=EDGE_CURVE('',#12876,#12868,#12878,.T.);
#10614=EDGE_CURVE('',#12879,#12880,#12881,.T.);
#10615=EDGE_CURVE('',#12882,#12880,#12883,.T.);
#10616=EDGE_CURVE('',#12882,#12461,#12884,.T.);
#10617=EDGE_CURVE('',#12458,#12885,#12886,.T.);
#10618=EDGE_CURVE('',#12885,#12887,#12888,.T.);
#10619=EDGE_CURVE('',#12887,#12879,#12889,.T.);
#10620=EDGE_CURVE('',#12890,#12891,#12892,.T.);
#10621=EDGE_CURVE('',#12893,#12891,#12894,.T.);
#10622=EDGE_CURVE('',#12893,#12477,#12895,.T.);
#10623=EDGE_CURVE('',#12474,#12896,#12897,.T.);
#10624=EDGE_CURVE('',#12896,#12898,#12899,.T.);
#10625=EDGE_CURVE('',#12898,#12890,#12900,.T.);
#10626=EDGE_CURVE('',#12901,#12902,#12903,.T.);
#10627=EDGE_CURVE('',#12904,#12902,#12905,.T.);
#10628=EDGE_CURVE('',#12904,#12493,#12906,.T.);
#10629=EDGE_CURVE('',#12490,#12907,#12908,.T.);
#10630=EDGE_CURVE('',#12907,#12909,#12910,.T.);
#10631=EDGE_CURVE('',#12909,#12901,#12911,.T.);
#10632=EDGE_CURVE('',#12912,#12913,#12914,.T.);
#10633=EDGE_CURVE('',#12915,#12913,#12916,.T.);
#10634=EDGE_CURVE('',#12915,#12509,#12917,.T.);
#10635=EDGE_CURVE('',#12506,#12918,#12919,.T.);
#10636=EDGE_CURVE('',#12918,#12920,#12921,.T.);
#10637=EDGE_CURVE('',#12920,#12912,#12922,.T.);
#10638=EDGE_CURVE('',#12923,#12924,#12925,.T.);
#10639=EDGE_CURVE('',#12926,#12924,#12927,.T.);
#10640=EDGE_CURVE('',#12926,#12525,#12928,.T.);
#10641=EDGE_CURVE('',#12522,#12929,#12930,.T.);
#10642=EDGE_CURVE('',#12929,#12931,#12932,.T.);
#10643=EDGE_CURVE('',#12931,#12923,#12933,.T.);
#10644=EDGE_CURVE('',#12934,#12935,#12936,.T.);
#10645=EDGE_CURVE('',#12937,#12935,#12938,.T.);
#10646=EDGE_CURVE('',#12937,#12541,#12939,.T.);
#10647=EDGE_CURVE('',#12538,#12940,#12941,.T.);
#10648=EDGE_CURVE('',#12940,#12942,#12943,.T.);
#10649=EDGE_CURVE('',#12942,#12934,#12944,.T.);
#10650=EDGE_CURVE('',#12945,#12946,#12947,.T.);
#10651=EDGE_CURVE('',#12948,#12946,#12949,.T.);
#10652=EDGE_CURVE('',#12948,#12557,#12950,.T.);
#10653=EDGE_CURVE('',#12554,#12951,#12952,.T.);
#10654=EDGE_CURVE('',#12951,#12953,#12954,.T.);
#10655=EDGE_CURVE('',#12953,#12945,#12955,.T.);
#10656=EDGE_CURVE('',#12956,#12957,#12958,.T.);
#10657=EDGE_CURVE('',#12959,#12957,#12960,.T.);
#10658=EDGE_CURVE('',#12959,#12573,#12961,.T.);
#10659=EDGE_CURVE('',#12570,#12962,#12963,.T.);
#10660=EDGE_CURVE('',#12962,#12964,#12965,.T.);
#10661=EDGE_CURVE('',#12964,#12956,#12966,.T.);
#10662=EDGE_CURVE('',#12967,#12968,#12969,.T.);
#10663=EDGE_CURVE('',#12970,#12968,#12971,.T.);
#10664=EDGE_CURVE('',#12970,#12589,#12972,.T.);
#10665=EDGE_CURVE('',#12586,#12973,#12974,.T.);
#10666=EDGE_CURVE('',#12973,#12975,#12976,.T.);
#10667=EDGE_CURVE('',#12975,#12967,#12977,.T.);
#10668=EDGE_CURVE('',#12978,#12979,#12980,.T.);
#10669=EDGE_CURVE('',#12981,#12979,#12982,.T.);
#10670=EDGE_CURVE('',#12981,#12605,#12983,.T.);
#10671=EDGE_CURVE('',#12602,#12984,#12985,.T.);
#10672=EDGE_CURVE('',#12984,#12986,#12987,.T.);
#10673=EDGE_CURVE('',#12986,#12978,#12988,.T.);
#10674=EDGE_CURVE('',#12989,#12990,#12991,.T.);
#10675=EDGE_CURVE('',#12989,#12992,#12993,.T.);
#10676=EDGE_CURVE('',#12992,#12994,#12995,.T.);
#10677=EDGE_CURVE('',#12994,#12595,#12996,.T.);
#10678=EDGE_CURVE('',#12599,#12997,#12998,.T.);
#10679=EDGE_CURVE('',#12990,#12997,#12999,.T.);
#10680=EDGE_CURVE('',#13000,#13001,#13002,.T.);
#10681=EDGE_CURVE('',#13000,#13003,#13004,.T.);
#10682=EDGE_CURVE('',#13003,#13005,#13006,.T.);
#10683=EDGE_CURVE('',#13005,#12579,#13007,.T.);
#10684=EDGE_CURVE('',#12583,#13008,#13009,.T.);
#10685=EDGE_CURVE('',#13001,#13008,#13010,.T.);
#10686=EDGE_CURVE('',#13011,#13012,#13013,.T.);
#10687=EDGE_CURVE('',#13011,#13014,#13015,.T.);
#10688=EDGE_CURVE('',#13014,#13016,#13017,.T.);
#10689=EDGE_CURVE('',#13016,#12563,#13018,.T.);
#10690=EDGE_CURVE('',#12567,#13019,#13020,.T.);
#10691=EDGE_CURVE('',#13012,#13019,#13021,.T.);
#10692=EDGE_CURVE('',#13022,#13023,#13024,.T.);
#10693=EDGE_CURVE('',#13022,#13025,#13026,.T.);
#10694=EDGE_CURVE('',#13025,#13027,#13028,.T.);
#10695=EDGE_CURVE('',#13027,#12547,#13029,.T.);
#10696=EDGE_CURVE('',#12551,#13030,#13031,.T.);
#10697=EDGE_CURVE('',#13023,#13030,#13032,.T.);
#10698=EDGE_CURVE('',#13033,#13034,#13035,.T.);
#10699=EDGE_CURVE('',#13033,#13036,#13037,.T.);
#10700=EDGE_CURVE('',#13036,#13038,#13039,.T.);
#10701=EDGE_CURVE('',#13038,#12531,#13040,.T.);
#10702=EDGE_CURVE('',#12535,#13041,#13042,.T.);
#10703=EDGE_CURVE('',#13034,#13041,#13043,.T.);
#10704=EDGE_CURVE('',#13044,#13045,#13046,.T.);
#10705=EDGE_CURVE('',#13044,#13047,#13048,.T.);
#10706=EDGE_CURVE('',#13047,#13049,#13050,.T.);
#10707=EDGE_CURVE('',#13049,#12515,#13051,.T.);
#10708=EDGE_CURVE('',#12519,#13052,#13053,.T.);
#10709=EDGE_CURVE('',#13045,#13052,#13054,.T.);
#10710=EDGE_CURVE('',#13055,#13056,#13057,.T.);
#10711=EDGE_CURVE('',#13055,#13058,#13059,.T.);
#10712=EDGE_CURVE('',#13058,#13060,#13061,.T.);
#10713=EDGE_CURVE('',#13060,#12499,#13062,.T.);
#10714=EDGE_CURVE('',#12503,#13063,#13064,.T.);
#10715=EDGE_CURVE('',#13056,#13063,#13065,.T.);
#10716=EDGE_CURVE('',#13066,#13067,#13068,.T.);
#10717=EDGE_CURVE('',#13066,#13069,#13070,.T.);
#10718=EDGE_CURVE('',#13069,#13071,#13072,.T.);
#10719=EDGE_CURVE('',#13071,#12483,#13073,.T.);
#10720=EDGE_CURVE('',#12487,#13074,#13075,.T.);
#10721=EDGE_CURVE('',#13067,#13074,#13076,.T.);
#10722=EDGE_CURVE('',#13077,#13078,#13079,.T.);
#10723=EDGE_CURVE('',#13077,#13080,#13081,.T.);
#10724=EDGE_CURVE('',#13080,#13082,#13083,.T.);
#10725=EDGE_CURVE('',#13082,#12467,#13084,.T.);
#10726=EDGE_CURVE('',#12471,#13085,#13086,.T.);
#10727=EDGE_CURVE('',#13078,#13085,#13087,.T.);
#10728=EDGE_CURVE('',#13088,#13089,#13090,.T.);
#10729=EDGE_CURVE('',#13088,#13091,#13092,.T.);
#10730=EDGE_CURVE('',#13091,#13093,#13094,.T.);
#10731=EDGE_CURVE('',#13093,#12451,#13095,.T.);
#10732=EDGE_CURVE('',#12455,#13096,#13097,.T.);
#10733=EDGE_CURVE('',#13089,#13096,#13098,.T.);
#10734=EDGE_CURVE('',#13099,#13100,#13101,.T.);
#10735=EDGE_CURVE('',#13099,#13102,#13103,.T.);
#10736=EDGE_CURVE('',#13102,#13104,#13105,.T.);
#10737=EDGE_CURVE('',#13104,#12435,#13106,.T.);
#10738=EDGE_CURVE('',#12439,#13107,#13108,.T.);
#10739=EDGE_CURVE('',#13100,#13107,#13109,.T.);
#10740=EDGE_CURVE('',#13110,#13111,#13112,.T.);
#10741=EDGE_CURVE('',#13110,#13113,#13114,.T.);
#10742=EDGE_CURVE('',#13113,#13115,#13116,.T.);
#10743=EDGE_CURVE('',#13115,#12419,#13117,.T.);
#10744=EDGE_CURVE('',#12423,#13118,#13119,.T.);
#10745=EDGE_CURVE('',#13111,#13118,#13120,.T.);
#10746=EDGE_CURVE('',#13121,#13122,#13123,.T.);
#10747=EDGE_CURVE('',#13121,#13124,#13125,.T.);
#10748=EDGE_CURVE('',#13124,#13126,#13127,.T.);
#10749=EDGE_CURVE('',#13126,#12403,#13128,.T.);
#10750=EDGE_CURVE('',#12407,#13129,#13130,.T.);
#10751=EDGE_CURVE('',#13122,#13129,#13131,.T.);
#10752=EDGE_CURVE('',#13132,#13133,#13134,.T.);
#10753=EDGE_CURVE('',#13135,#13133,#13136,.T.);
#10754=EDGE_CURVE('',#13137,#13135,#13138,.T.);
#10755=EDGE_CURVE('',#13137,#13132,#13139,.T.);
#10756=EDGE_CURVE('',#13140,#13141,#13142,.T.);
#10757=EDGE_CURVE('',#13143,#13141,#13144,.T.);
#10758=EDGE_CURVE('',#13145,#13143,#13146,.T.);
#10759=EDGE_CURVE('',#13145,#13140,#13147,.T.);
#10760=EDGE_CURVE('',#13148,#13149,#13150,.T.);
#10761=EDGE_CURVE('',#13151,#13149,#13152,.T.);
#10762=EDGE_CURVE('',#13153,#13151,#13154,.T.);
#10763=EDGE_CURVE('',#13153,#13148,#13155,.T.);
#10764=EDGE_CURVE('',#13156,#13157,#13158,.T.);
#10765=EDGE_CURVE('',#13159,#13157,#13160,.T.);
#10766=EDGE_CURVE('',#13161,#13159,#13162,.T.);
#10767=EDGE_CURVE('',#13161,#13156,#13163,.T.);
#10768=EDGE_CURVE('',#13164,#13165,#13166,.T.);
#10769=EDGE_CURVE('',#13167,#13165,#13168,.T.);
#10770=EDGE_CURVE('',#13169,#13167,#13170,.T.);
#10771=EDGE_CURVE('',#13169,#13164,#13171,.T.);
#10772=EDGE_CURVE('',#13172,#13173,#13174,.T.);
#10773=EDGE_CURVE('',#13175,#13173,#13176,.T.);
#10774=EDGE_CURVE('',#13177,#13175,#13178,.T.);
#10775=EDGE_CURVE('',#13177,#13172,#13179,.T.);
#10776=EDGE_CURVE('',#13180,#13181,#13182,.T.);
#10777=EDGE_CURVE('',#13183,#13181,#13184,.T.);
#10778=EDGE_CURVE('',#13185,#13183,#13186,.T.);
#10779=EDGE_CURVE('',#13185,#13180,#13187,.T.);
#10780=EDGE_CURVE('',#13188,#13189,#13190,.T.);
#10781=EDGE_CURVE('',#13191,#13189,#13192,.T.);
#10782=EDGE_CURVE('',#13193,#13191,#13194,.T.);
#10783=EDGE_CURVE('',#13193,#13188,#13195,.T.);
#10784=EDGE_CURVE('',#13196,#13197,#13198,.T.);
#10785=EDGE_CURVE('',#13199,#13197,#13200,.T.);
#10786=EDGE_CURVE('',#13201,#13199,#13202,.T.);
#10787=EDGE_CURVE('',#13201,#13196,#13203,.T.);
#10788=EDGE_CURVE('',#13204,#13205,#13206,.T.);
#10789=EDGE_CURVE('',#13207,#13205,#13208,.T.);
#10790=EDGE_CURVE('',#13209,#13207,#13210,.T.);
#10791=EDGE_CURVE('',#13209,#13204,#13211,.T.);
#10792=EDGE_CURVE('',#13212,#13213,#13214,.T.);
#10793=EDGE_CURVE('',#13215,#13213,#13216,.T.);
#10794=EDGE_CURVE('',#13217,#13215,#13218,.T.);
#10795=EDGE_CURVE('',#13217,#13212,#13219,.T.);
#10796=EDGE_CURVE('',#13220,#13221,#13222,.T.);
#10797=EDGE_CURVE('',#13223,#13221,#13224,.T.);
#10798=EDGE_CURVE('',#13225,#13223,#13226,.T.);
#10799=EDGE_CURVE('',#13225,#13220,#13227,.T.);
#10800=EDGE_CURVE('',#13228,#13229,#13230,.T.);
#10801=EDGE_CURVE('',#13231,#13229,#13232,.T.);
#10802=EDGE_CURVE('',#13233,#13231,#13234,.T.);
#10803=EDGE_CURVE('',#13233,#13228,#13235,.T.);
#10804=EDGE_CURVE('',#13236,#13237,#13238,.T.);
#10805=EDGE_CURVE('',#13239,#13237,#13240,.T.);
#10806=EDGE_CURVE('',#13241,#13239,#13242,.T.);
#10807=EDGE_CURVE('',#13241,#13236,#13243,.T.);
#10808=EDGE_CURVE('',#13244,#13245,#13246,.T.);
#10809=EDGE_CURVE('',#12978,#13245,#13247,.T.);
#10810=EDGE_CURVE('',#12986,#13244,#13248,.T.);
#10811=EDGE_CURVE('',#12621,#13249,#13250,.T.);
#10812=EDGE_CURVE('',#12736,#13249,#13251,.T.);
#10813=EDGE_CURVE('',#13252,#13253,#13254,.T.);
#10814=EDGE_CURVE('',#12967,#13253,#13255,.T.);
#10815=EDGE_CURVE('',#12975,#13252,#13256,.T.);
#10816=EDGE_CURVE('',#12989,#13257,#13258,.T.);
#10817=EDGE_CURVE('',#13257,#13259,#13260,.T.);
#10818=EDGE_CURVE('',#12992,#13259,#13261,.T.);
#10819=EDGE_CURVE('',#13262,#13263,#13264,.T.);
#10820=EDGE_CURVE('',#12956,#13263,#13265,.T.);
#10821=EDGE_CURVE('',#12964,#13262,#13266,.T.);
#10822=EDGE_CURVE('',#13000,#13267,#13268,.T.);
#10823=EDGE_CURVE('',#13267,#13269,#13270,.T.);
#10824=EDGE_CURVE('',#13003,#13269,#13271,.T.);
#10825=EDGE_CURVE('',#13272,#13273,#13274,.T.);
#10826=EDGE_CURVE('',#12945,#13273,#13275,.T.);
#10827=EDGE_CURVE('',#12953,#13272,#13276,.T.);
#10828=EDGE_CURVE('',#13011,#13277,#13278,.T.);
#10829=EDGE_CURVE('',#13277,#13279,#13280,.T.);
#10830=EDGE_CURVE('',#13014,#13279,#13281,.T.);
#10831=EDGE_CURVE('',#13282,#13283,#13284,.T.);
#10832=EDGE_CURVE('',#12934,#13283,#13285,.T.);
#10833=EDGE_CURVE('',#12942,#13282,#13286,.T.);
#10834=EDGE_CURVE('',#13022,#13287,#13288,.T.);
#10835=EDGE_CURVE('',#13287,#13289,#13290,.T.);
#10836=EDGE_CURVE('',#13025,#13289,#13291,.T.);
#10837=EDGE_CURVE('',#13292,#13293,#13294,.T.);
#10838=EDGE_CURVE('',#12923,#13293,#13295,.T.);
#10839=EDGE_CURVE('',#12931,#13292,#13296,.T.);
#10840=EDGE_CURVE('',#13033,#13297,#13298,.T.);
#10841=EDGE_CURVE('',#13297,#13299,#13300,.T.);
#10842=EDGE_CURVE('',#13036,#13299,#13301,.T.);
#10843=EDGE_CURVE('',#13302,#13303,#13304,.T.);
#10844=EDGE_CURVE('',#12912,#13303,#13305,.T.);
#10845=EDGE_CURVE('',#12920,#13302,#13306,.T.);
#10846=EDGE_CURVE('',#13044,#13307,#13308,.T.);
#10847=EDGE_CURVE('',#13307,#13309,#13310,.T.);
#10848=EDGE_CURVE('',#13047,#13309,#13311,.T.);
#10849=EDGE_CURVE('',#13312,#13313,#13314,.T.);
#10850=EDGE_CURVE('',#12901,#13313,#13315,.T.);
#10851=EDGE_CURVE('',#12909,#13312,#13316,.T.);
#10852=EDGE_CURVE('',#13055,#13317,#13318,.T.);
#10853=EDGE_CURVE('',#13317,#13319,#13320,.T.);
#10854=EDGE_CURVE('',#13058,#13319,#13321,.T.);
#10855=EDGE_CURVE('',#13322,#13323,#13324,.T.);
#10856=EDGE_CURVE('',#12890,#13323,#13325,.T.);
#10857=EDGE_CURVE('',#12898,#13322,#13326,.T.);
#10858=EDGE_CURVE('',#13066,#13327,#13328,.T.);
#10859=EDGE_CURVE('',#13327,#13329,#13330,.T.);
#10860=EDGE_CURVE('',#13069,#13329,#13331,.T.);
#10861=EDGE_CURVE('',#13332,#13333,#13334,.T.);
#10862=EDGE_CURVE('',#12879,#13333,#13335,.T.);
#10863=EDGE_CURVE('',#12887,#13332,#13336,.T.);
#10864=EDGE_CURVE('',#13077,#13337,#13338,.T.);
#10865=EDGE_CURVE('',#13337,#13339,#13340,.T.);
#10866=EDGE_CURVE('',#13080,#13339,#13341,.T.);
#10867=EDGE_CURVE('',#13342,#13343,#13344,.T.);
#10868=EDGE_CURVE('',#12868,#13343,#13345,.T.);
#10869=EDGE_CURVE('',#12876,#13342,#13346,.T.);
#10870=EDGE_CURVE('',#13088,#13347,#13348,.T.);
#10871=EDGE_CURVE('',#13347,#13349,#13350,.T.);
#10872=EDGE_CURVE('',#13091,#13349,#13351,.T.);
#10873=EDGE_CURVE('',#13352,#13353,#13354,.T.);
#10874=EDGE_CURVE('',#12857,#13353,#13355,.T.);
#10875=EDGE_CURVE('',#12865,#13352,#13356,.T.);
#10876=EDGE_CURVE('',#13099,#13357,#13358,.T.);
#10877=EDGE_CURVE('',#13357,#13359,#13360,.T.);
#10878=EDGE_CURVE('',#13102,#13359,#13361,.T.);
#10879=EDGE_CURVE('',#13362,#13363,#13364,.T.);
#10880=EDGE_CURVE('',#12846,#13363,#13365,.T.);
#10881=EDGE_CURVE('',#12854,#13362,#13366,.T.);
#10882=EDGE_CURVE('',#13110,#13367,#13368,.T.);
#10883=EDGE_CURVE('',#13367,#13369,#13370,.T.);
#10884=EDGE_CURVE('',#13113,#13369,#13371,.T.);
#10885=EDGE_CURVE('',#13372,#13373,#13374,.T.);
#10886=EDGE_CURVE('',#12643,#13373,#13375,.T.);
#10887=EDGE_CURVE('',#12843,#13372,#13376,.T.);
#10888=EDGE_CURVE('',#13121,#13377,#13378,.T.);
#10889=EDGE_CURVE('',#13377,#13379,#13380,.T.);
#10890=EDGE_CURVE('',#13124,#13379,#13381,.T.);
#10891=EDGE_CURVE('',#13382,#12984,#13383,.T.);
#10892=EDGE_CURVE('',#13244,#13382,#13384,.T.);
#10893=EDGE_CURVE('',#13249,#13385,#13386,.T.);
#10894=EDGE_CURVE('',#12618,#13387,#13388,.T.);
#10895=EDGE_CURVE('',#13387,#12613,#13389,.T.);
#10896=EDGE_CURVE('',#13385,#12610,#13390,.T.);
#10897=EDGE_CURVE('',#13391,#13392,#13393,.T.);
#10898=EDGE_CURVE('',#13245,#13392,#13394,.T.);
#10899=EDGE_CURVE('',#12603,#13382,#13395,.T.);
#10900=EDGE_CURVE('',#13391,#12607,#13396,.T.);
#10901=EDGE_CURVE('',#13259,#13397,#13398,.T.);
#10902=EDGE_CURVE('',#13257,#13399,#13400,.T.);
#10903=EDGE_CURVE('',#13399,#13401,#13402,.T.);
#10904=EDGE_CURVE('',#13401,#12597,#13403,.T.);
#10905=EDGE_CURVE('',#13397,#12594,#13404,.T.);
#10906=EDGE_CURVE('',#13405,#13406,#13407,.T.);
#10907=EDGE_CURVE('',#13253,#13406,#13408,.T.);
#10908=EDGE_CURVE('',#13252,#13409,#13410,.T.);
#10909=EDGE_CURVE('',#12587,#13409,#13411,.T.);
#10910=EDGE_CURVE('',#13405,#12591,#13412,.T.);
#10911=EDGE_CURVE('',#13269,#13413,#13414,.T.);
#10912=EDGE_CURVE('',#13267,#13415,#13416,.T.);
#10913=EDGE_CURVE('',#13415,#13417,#13418,.T.);
#10914=EDGE_CURVE('',#13417,#12581,#13419,.T.);
#10915=EDGE_CURVE('',#13413,#12578,#13420,.T.);
#10916=EDGE_CURVE('',#13421,#13422,#13423,.T.);
#10917=EDGE_CURVE('',#13263,#13422,#13424,.T.);
#10918=EDGE_CURVE('',#13262,#13425,#13426,.T.);
#10919=EDGE_CURVE('',#12571,#13425,#13427,.T.);
#10920=EDGE_CURVE('',#13421,#12575,#13428,.T.);
#10921=EDGE_CURVE('',#13279,#13429,#13430,.T.);
#10922=EDGE_CURVE('',#13277,#13431,#13432,.T.);
#10923=EDGE_CURVE('',#13431,#13433,#13434,.T.);
#10924=EDGE_CURVE('',#13433,#12565,#13435,.T.);
#10925=EDGE_CURVE('',#13429,#12562,#13436,.T.);
#10926=EDGE_CURVE('',#13437,#13438,#13439,.T.);
#10927=EDGE_CURVE('',#13273,#13438,#13440,.T.);
#10928=EDGE_CURVE('',#13272,#13441,#13442,.T.);
#10929=EDGE_CURVE('',#12555,#13441,#13443,.T.);
#10930=EDGE_CURVE('',#13437,#12559,#13444,.T.);
#10931=EDGE_CURVE('',#13289,#13445,#13446,.T.);
#10932=EDGE_CURVE('',#13287,#13447,#13448,.T.);
#10933=EDGE_CURVE('',#13447,#13449,#13450,.T.);
#10934=EDGE_CURVE('',#13449,#12549,#13451,.T.);
#10935=EDGE_CURVE('',#13445,#12546,#13452,.T.);
#10936=EDGE_CURVE('',#13453,#13454,#13455,.T.);
#10937=EDGE_CURVE('',#13283,#13454,#13456,.T.);
#10938=EDGE_CURVE('',#13282,#13457,#13458,.T.);
#10939=EDGE_CURVE('',#12539,#13457,#13459,.T.);
#10940=EDGE_CURVE('',#13453,#12543,#13460,.T.);
#10941=EDGE_CURVE('',#13299,#13461,#13462,.T.);
#10942=EDGE_CURVE('',#13297,#13463,#13464,.T.);
#10943=EDGE_CURVE('',#13463,#13465,#13466,.T.);
#10944=EDGE_CURVE('',#13465,#12533,#13467,.T.);
#10945=EDGE_CURVE('',#13461,#12530,#13468,.T.);
#10946=EDGE_CURVE('',#13469,#13470,#13471,.T.);
#10947=EDGE_CURVE('',#13293,#13470,#13472,.T.);
#10948=EDGE_CURVE('',#13292,#13473,#13474,.T.);
#10949=EDGE_CURVE('',#12523,#13473,#13475,.T.);
#10950=EDGE_CURVE('',#13469,#12527,#13476,.T.);
#10951=EDGE_CURVE('',#13309,#13477,#13478,.T.);
#10952=EDGE_CURVE('',#13307,#13479,#13480,.T.);
#10953=EDGE_CURVE('',#13479,#13481,#13482,.T.);
#10954=EDGE_CURVE('',#13481,#12517,#13483,.T.);
#10955=EDGE_CURVE('',#13477,#12514,#13484,.T.);
#10956=EDGE_CURVE('',#13485,#13486,#13487,.T.);
#10957=EDGE_CURVE('',#13303,#13486,#13488,.T.);
#10958=EDGE_CURVE('',#13302,#13489,#13490,.T.);
#10959=EDGE_CURVE('',#12507,#13489,#13491,.T.);
#10960=EDGE_CURVE('',#13485,#12511,#13492,.T.);
#10961=EDGE_CURVE('',#13319,#13493,#13494,.T.);
#10962=EDGE_CURVE('',#13317,#13495,#13496,.T.);
#10963=EDGE_CURVE('',#13495,#13497,#13498,.T.);
#10964=EDGE_CURVE('',#13497,#12501,#13499,.T.);
#10965=EDGE_CURVE('',#13493,#12498,#13500,.T.);
#10966=EDGE_CURVE('',#13501,#13502,#13503,.T.);
#10967=EDGE_CURVE('',#13313,#13502,#13504,.T.);
#10968=EDGE_CURVE('',#13312,#13505,#13506,.T.);
#10969=EDGE_CURVE('',#12491,#13505,#13507,.T.);
#10970=EDGE_CURVE('',#13501,#12495,#13508,.T.);
#10971=EDGE_CURVE('',#13329,#13509,#13510,.T.);
#10972=EDGE_CURVE('',#13327,#13511,#13512,.T.);
#10973=EDGE_CURVE('',#13511,#13513,#13514,.T.);
#10974=EDGE_CURVE('',#13513,#12485,#13515,.T.);
#10975=EDGE_CURVE('',#13509,#12482,#13516,.T.);
#10976=EDGE_CURVE('',#13517,#13518,#13519,.T.);
#10977=EDGE_CURVE('',#13323,#13518,#13520,.T.);
#10978=EDGE_CURVE('',#13322,#13521,#13522,.T.);
#10979=EDGE_CURVE('',#12475,#13521,#13523,.T.);
#10980=EDGE_CURVE('',#13517,#12479,#13524,.T.);
#10981=EDGE_CURVE('',#13339,#13525,#13526,.T.);
#10982=EDGE_CURVE('',#13337,#13527,#13528,.T.);
#10983=EDGE_CURVE('',#13527,#13529,#13530,.T.);
#10984=EDGE_CURVE('',#13529,#12469,#13531,.T.);
#10985=EDGE_CURVE('',#13525,#12466,#13532,.T.);
#10986=EDGE_CURVE('',#13533,#13534,#13535,.T.);
#10987=EDGE_CURVE('',#13333,#13534,#13536,.T.);
#10988=EDGE_CURVE('',#13332,#13537,#13538,.T.);
#10989=EDGE_CURVE('',#12459,#13537,#13539,.T.);
#10990=EDGE_CURVE('',#13533,#12463,#13540,.T.);
#10991=EDGE_CURVE('',#13349,#13541,#13542,.T.);
#10992=EDGE_CURVE('',#13347,#13543,#13544,.T.);
#10993=EDGE_CURVE('',#13543,#13545,#13546,.T.);
#10994=EDGE_CURVE('',#13545,#12453,#13547,.T.);
#10995=EDGE_CURVE('',#13541,#12450,#13548,.T.);
#10996=EDGE_CURVE('',#13549,#13550,#13551,.T.);
#10997=EDGE_CURVE('',#13343,#13550,#13552,.T.);
#10998=EDGE_CURVE('',#13342,#13553,#13554,.T.);
#10999=EDGE_CURVE('',#12443,#13553,#13555,.T.);
#11000=EDGE_CURVE('',#13549,#12447,#13556,.T.);
#11001=EDGE_CURVE('',#13359,#13557,#13558,.T.);
#11002=EDGE_CURVE('',#13357,#13559,#13560,.T.);
#11003=EDGE_CURVE('',#13559,#13561,#13562,.T.);
#11004=EDGE_CURVE('',#13561,#12437,#13563,.T.);
#11005=EDGE_CURVE('',#13557,#12434,#13564,.T.);
#11006=EDGE_CURVE('',#13565,#13566,#13567,.T.);
#11007=EDGE_CURVE('',#13353,#13566,#13568,.T.);
#11008=EDGE_CURVE('',#13352,#13569,#13570,.T.);
#11009=EDGE_CURVE('',#12427,#13569,#13571,.T.);
#11010=EDGE_CURVE('',#13565,#12431,#13572,.T.);
#11011=EDGE_CURVE('',#13369,#13573,#13574,.T.);
#11012=EDGE_CURVE('',#13367,#13575,#13576,.T.);
#11013=EDGE_CURVE('',#13575,#13577,#13578,.T.);
#11014=EDGE_CURVE('',#13577,#12421,#13579,.T.);
#11015=EDGE_CURVE('',#13573,#12418,#13580,.T.);
#11016=EDGE_CURVE('',#13581,#13582,#13583,.T.);
#11017=EDGE_CURVE('',#13363,#13582,#13584,.T.);
#11018=EDGE_CURVE('',#13362,#13585,#13586,.T.);
#11019=EDGE_CURVE('',#12411,#13585,#13587,.T.);
#11020=EDGE_CURVE('',#13581,#12415,#13588,.T.);
#11021=EDGE_CURVE('',#13379,#13589,#13590,.T.);
#11022=EDGE_CURVE('',#13377,#13591,#13592,.T.);
#11023=EDGE_CURVE('',#13591,#13593,#13594,.T.);
#11024=EDGE_CURVE('',#13593,#12405,#13595,.T.);
#11025=EDGE_CURVE('',#13589,#12402,#13596,.T.);
#11026=EDGE_CURVE('',#13597,#13598,#13599,.T.);
#11027=EDGE_CURVE('',#13373,#13598,#13600,.T.);
#11028=EDGE_CURVE('',#13372,#13601,#13602,.T.);
#11029=EDGE_CURVE('',#12395,#13601,#13603,.T.);
#11030=EDGE_CURVE('',#13597,#12399,#13604,.T.);
#11031=EDGE_CURVE('',#13385,#12738,#13605,.T.);
#11032=EDGE_CURVE('',#13387,#12741,#13606,.T.);
#11033=EDGE_CURVE('',#13392,#12979,#13607,.T.);
#11034=EDGE_CURVE('',#13391,#12981,#13608,.T.);
#11035=EDGE_CURVE('',#13399,#12990,#13609,.T.);
#11036=EDGE_CURVE('',#13401,#12997,#13610,.T.);
#11037=EDGE_CURVE('',#13406,#12968,#13611,.T.);
#11038=EDGE_CURVE('',#13405,#12970,#13612,.T.);
#11039=EDGE_CURVE('',#13415,#13001,#13613,.T.);
#11040=EDGE_CURVE('',#13417,#13008,#13614,.T.);
#11041=EDGE_CURVE('',#13422,#12957,#13615,.T.);
#11042=EDGE_CURVE('',#13421,#12959,#13616,.T.);
#11043=EDGE_CURVE('',#13431,#13012,#13617,.T.);
#11044=EDGE_CURVE('',#13433,#13019,#13618,.T.);
#11045=EDGE_CURVE('',#13438,#12946,#13619,.T.);
#11046=EDGE_CURVE('',#13437,#12948,#13620,.T.);
#11047=EDGE_CURVE('',#13447,#13023,#13621,.T.);
#11048=EDGE_CURVE('',#13449,#13030,#13622,.T.);
#11049=EDGE_CURVE('',#13454,#12935,#13623,.T.);
#11050=EDGE_CURVE('',#13453,#12937,#13624,.T.);
#11051=EDGE_CURVE('',#13463,#13034,#13625,.T.);
#11052=EDGE_CURVE('',#13465,#13041,#13626,.T.);
#11053=EDGE_CURVE('',#13470,#12924,#13627,.T.);
#11054=EDGE_CURVE('',#13469,#12926,#13628,.T.);
#11055=EDGE_CURVE('',#13479,#13045,#13629,.T.);
#11056=EDGE_CURVE('',#13481,#13052,#13630,.T.);
#11057=EDGE_CURVE('',#13486,#12913,#13631,.T.);
#11058=EDGE_CURVE('',#13485,#12915,#13632,.T.);
#11059=EDGE_CURVE('',#13495,#13056,#13633,.T.);
#11060=EDGE_CURVE('',#13497,#13063,#13634,.T.);
#11061=EDGE_CURVE('',#13502,#12902,#13635,.T.);
#11062=EDGE_CURVE('',#13501,#12904,#13636,.T.);
#11063=EDGE_CURVE('',#13511,#13067,#13637,.T.);
#11064=EDGE_CURVE('',#13513,#13074,#13638,.T.);
#11065=EDGE_CURVE('',#13518,#12891,#13639,.T.);
#11066=EDGE_CURVE('',#13517,#12893,#13640,.T.);
#11067=EDGE_CURVE('',#13527,#13078,#13641,.T.);
#11068=EDGE_CURVE('',#13529,#13085,#13642,.T.);
#11069=EDGE_CURVE('',#13534,#12880,#13643,.T.);
#11070=EDGE_CURVE('',#13533,#12882,#13644,.T.);
#11071=EDGE_CURVE('',#13543,#13089,#13645,.T.);
#11072=EDGE_CURVE('',#13545,#13096,#13646,.T.);
#11073=EDGE_CURVE('',#13550,#12869,#13647,.T.);
#11074=EDGE_CURVE('',#13549,#12871,#13648,.T.);
#11075=EDGE_CURVE('',#13559,#13100,#13649,.T.);
#11076=EDGE_CURVE('',#13561,#13107,#13650,.T.);
#11077=EDGE_CURVE('',#13566,#12858,#13651,.T.);
#11078=EDGE_CURVE('',#13565,#12860,#13652,.T.);
#11079=EDGE_CURVE('',#13575,#13111,#13653,.T.);
#11080=EDGE_CURVE('',#13577,#13118,#13654,.T.);
#11081=EDGE_CURVE('',#13582,#12847,#13655,.T.);
#11082=EDGE_CURVE('',#13581,#12849,#13656,.T.);
#11083=EDGE_CURVE('',#13591,#13122,#13657,.T.);
#11084=EDGE_CURVE('',#13593,#13129,#13658,.T.);
#11085=EDGE_CURVE('',#13598,#12836,#13659,.T.);
#11086=EDGE_CURVE('',#13597,#12838,#13660,.T.);
#11087=EDGE_CURVE('',#13397,#12994,#13661,.T.);
#11088=EDGE_CURVE('',#13409,#12973,#13662,.T.);
#11089=EDGE_CURVE('',#13413,#13005,#13663,.T.);
#11090=EDGE_CURVE('',#13425,#12962,#13664,.T.);
#11091=EDGE_CURVE('',#13429,#13016,#13665,.T.);
#11092=EDGE_CURVE('',#13441,#12951,#13666,.T.);
#11093=EDGE_CURVE('',#13445,#13027,#13667,.T.);
#11094=EDGE_CURVE('',#13457,#12940,#13668,.T.);
#11095=EDGE_CURVE('',#13461,#13038,#13669,.T.);
#11096=EDGE_CURVE('',#13473,#12929,#13670,.T.);
#11097=EDGE_CURVE('',#13477,#13049,#13671,.T.);
#11098=EDGE_CURVE('',#13489,#12918,#13672,.T.);
#11099=EDGE_CURVE('',#13493,#13060,#13673,.T.);
#11100=EDGE_CURVE('',#13505,#12907,#13674,.T.);
#11101=EDGE_CURVE('',#13509,#13071,#13675,.T.);
#11102=EDGE_CURVE('',#13521,#12896,#13676,.T.);
#11103=EDGE_CURVE('',#13525,#13082,#13677,.T.);
#11104=EDGE_CURVE('',#13537,#12885,#13678,.T.);
#11105=EDGE_CURVE('',#13541,#13093,#13679,.T.);
#11106=EDGE_CURVE('',#13553,#12874,#13680,.T.);
#11107=EDGE_CURVE('',#13557,#13104,#13681,.T.);
#11108=EDGE_CURVE('',#13569,#12863,#13682,.T.);
#11109=EDGE_CURVE('',#13573,#13115,#13683,.T.);
#11110=EDGE_CURVE('',#13585,#12852,#13684,.T.);
#11111=EDGE_CURVE('',#13589,#13126,#13685,.T.);
#11112=EDGE_CURVE('',#13601,#12841,#13686,.T.);
#11113=EDGE_CURVE('',#12834,#13687,#13688,.T.);
#11114=EDGE_CURVE('',#13689,#13687,#13690,.T.);
#11115=EDGE_CURVE('',#13689,#13691,#13692,.T.);
#11116=EDGE_CURVE('',#13691,#13693,#13694,.T.);
#11117=EDGE_CURVE('',#13693,#13695,#13696,.T.);
#11118=EDGE_CURVE('',#13697,#13695,#13698,.T.);
#11119=EDGE_CURVE('',#12642,#13697,#13699,.T.);
#11120=EDGE_CURVE('',#13700,#13697,#13701,.T.);
#11121=EDGE_CURVE('',#12645,#13700,#13702,.T.);
#11122=EDGE_CURVE('',#13703,#13700,#13704,.T.);
#11123=EDGE_CURVE('',#12647,#13703,#13705,.T.);
#11124=EDGE_CURVE('',#13706,#13703,#13707,.T.);
#11125=EDGE_CURVE('',#12649,#13706,#13708,.T.);
#11126=EDGE_CURVE('',#12729,#13709,#13710,.T.);
#11127=EDGE_CURVE('',#13711,#12727,#13712,.T.);
#11128=EDGE_CURVE('',#13709,#13711,#13713,.T.);
#11129=EDGE_CURVE('',#13714,#13715,#13716,.T.);
#11130=EDGE_CURVE('',#13714,#12723,#13717,.T.);
#11131=EDGE_CURVE('',#13715,#12721,#13718,.T.);
#11132=EDGE_CURVE('',#13719,#13720,#13721,.T.);
#11133=EDGE_CURVE('',#13719,#12717,#13722,.T.);
#11134=EDGE_CURVE('',#13720,#12715,#13723,.T.);
#11135=EDGE_CURVE('',#13724,#13725,#13726,.T.);
#11136=EDGE_CURVE('',#13724,#12711,#13727,.T.);
#11137=EDGE_CURVE('',#13725,#12709,#13728,.T.);
#11138=EDGE_CURVE('',#13729,#13730,#13731,.T.);
#11139=EDGE_CURVE('',#13729,#12705,#13732,.T.);
#11140=EDGE_CURVE('',#13730,#12703,#13733,.T.);
#11141=EDGE_CURVE('',#13734,#13735,#13736,.T.);
#11142=EDGE_CURVE('',#13734,#12699,#13737,.T.);
#11143=EDGE_CURVE('',#13735,#12697,#13738,.T.);
#11144=EDGE_CURVE('',#13739,#13740,#13741,.T.);
#11145=EDGE_CURVE('',#13739,#12693,#13742,.T.);
#11146=EDGE_CURVE('',#13740,#12691,#13743,.T.);
#11147=EDGE_CURVE('',#13744,#13745,#13746,.T.);
#11148=EDGE_CURVE('',#13744,#12687,#13747,.T.);
#11149=EDGE_CURVE('',#13745,#12685,#13748,.T.);
#11150=EDGE_CURVE('',#13749,#13750,#13751,.T.);
#11151=EDGE_CURVE('',#13749,#12681,#13752,.T.);
#11152=EDGE_CURVE('',#13750,#12679,#13753,.T.);
#11153=EDGE_CURVE('',#13754,#13755,#13756,.T.);
#11154=EDGE_CURVE('',#13754,#12675,#13757,.T.);
#11155=EDGE_CURVE('',#13755,#12673,#13758,.T.);
#11156=EDGE_CURVE('',#13759,#13760,#13761,.T.);
#11157=EDGE_CURVE('',#13759,#12669,#13762,.T.);
#11158=EDGE_CURVE('',#13760,#12667,#13763,.T.);
#11159=EDGE_CURVE('',#13764,#13765,#13766,.T.);
#11160=EDGE_CURVE('',#13764,#12663,#13767,.T.);
#11161=EDGE_CURVE('',#13765,#12661,#13768,.T.);
#11162=EDGE_CURVE('',#13769,#13770,#13771,.T.);
#11163=EDGE_CURVE('',#13769,#12657,#13772,.T.);
#11164=EDGE_CURVE('',#13770,#12655,#13773,.T.);
#11165=EDGE_CURVE('',#13774,#13706,#13775,.T.);
#11166=EDGE_CURVE('',#13774,#12651,#13776,.T.);
#11167=EDGE_CURVE('',#13687,#13777,#13778,.T.);
#11168=EDGE_CURVE('',#13777,#13779,#13780,.T.);
#11169=EDGE_CURVE('',#13779,#13781,#13782,.T.);
#11170=EDGE_CURVE('',#13783,#13781,#13784,.T.);
#11171=EDGE_CURVE('',#13785,#13783,#13786,.T.);
#11172=EDGE_CURVE('',#13787,#13785,#13788,.T.);
#11173=EDGE_CURVE('',#13789,#13787,#13790,.T.);
#11174=EDGE_CURVE('',#13791,#13789,#13792,.T.);
#11175=EDGE_CURVE('',#13793,#13791,#13794,.T.);
#11176=EDGE_CURVE('',#13795,#13793,#13796,.T.);
#11177=EDGE_CURVE('',#13797,#13795,#13798,.T.);
#11178=EDGE_CURVE('',#13799,#13797,#13800,.T.);
#11179=EDGE_CURVE('',#13801,#13799,#13802,.T.);
#11180=EDGE_CURVE('',#13803,#13801,#13804,.T.);
#11181=EDGE_CURVE('',#13805,#13803,#13806,.T.);
#11182=EDGE_CURVE('',#13807,#13805,#13808,.T.);
#11183=EDGE_CURVE('',#13809,#13807,#13810,.T.);
#11184=EDGE_CURVE('',#13811,#13809,#13812,.T.);
#11185=EDGE_CURVE('',#13813,#13811,#13814,.T.);
#11186=EDGE_CURVE('',#13815,#13813,#13816,.T.);
#11187=EDGE_CURVE('',#13817,#13815,#13818,.T.);
#11188=EDGE_CURVE('',#13819,#13817,#13820,.T.);
#11189=EDGE_CURVE('',#13821,#13819,#13822,.T.);
#11190=EDGE_CURVE('',#13823,#13821,#13824,.T.);
#11191=EDGE_CURVE('',#13825,#13823,#13826,.T.);
#11192=EDGE_CURVE('',#13827,#13825,#13828,.T.);
#11193=EDGE_CURVE('',#13829,#13827,#13830,.T.);
#11194=EDGE_CURVE('',#13831,#13829,#13832,.T.);
#11195=EDGE_CURVE('',#13833,#13831,#13834,.T.);
#11196=EDGE_CURVE('',#13835,#13833,#13836,.T.);
#11197=EDGE_CURVE('',#13837,#13835,#13838,.T.);
#11198=EDGE_CURVE('',#13839,#13837,#13840,.T.);
#11199=EDGE_CURVE('',#13841,#13839,#13842,.T.);
#11200=EDGE_CURVE('',#13843,#13841,#13844,.T.);
#11201=EDGE_CURVE('',#13845,#13843,#13846,.T.);
#11202=EDGE_CURVE('',#13847,#13845,#13848,.T.);
#11203=EDGE_CURVE('',#13849,#13847,#13850,.T.);
#11204=EDGE_CURVE('',#13851,#13849,#13852,.T.);
#11205=EDGE_CURVE('',#13853,#13851,#13854,.T.);
#11206=EDGE_CURVE('',#13855,#13853,#13856,.T.);
#11207=EDGE_CURVE('',#13857,#13855,#13858,.T.);
#11208=EDGE_CURVE('',#13859,#13857,#13860,.T.);
#11209=EDGE_CURVE('',#13861,#13859,#13862,.T.);
#11210=EDGE_CURVE('',#13861,#13863,#13864,.T.);
#11211=EDGE_CURVE('',#13863,#13865,#13866,.T.);
#11212=EDGE_CURVE('',#13865,#12631,#13867,.T.);
#11213=EDGE_CURVE('',#12639,#13868,#13869,.T.);
#11214=EDGE_CURVE('',#13868,#13870,#13871,.T.);
#11215=EDGE_CURVE('',#13870,#13872,#13873,.T.);
#11216=EDGE_CURVE('',#13872,#13874,#13875,.T.);
#11217=EDGE_CURVE('',#12633,#13874,#13876,.T.);
#11218=EDGE_CURVE('',#12630,#13877,#13878,.T.);
#11219=EDGE_CURVE('',#13877,#13879,#13880,.T.);
#11220=EDGE_CURVE('',#13879,#13709,#13881,.T.);
#11221=EDGE_CURVE('',#13882,#13711,#13883,.T.);
#11222=EDGE_CURVE('',#13714,#13882,#13884,.T.);
#11223=EDGE_CURVE('',#13885,#13715,#13886,.T.);
#11224=EDGE_CURVE('',#13719,#13885,#13887,.T.);
#11225=EDGE_CURVE('',#13888,#13720,#13889,.T.);
#11226=EDGE_CURVE('',#13724,#13888,#13890,.T.);
#11227=EDGE_CURVE('',#13891,#13725,#13892,.T.);
#11228=EDGE_CURVE('',#13729,#13891,#13893,.T.);
#11229=EDGE_CURVE('',#13894,#13730,#13895,.T.);
#11230=EDGE_CURVE('',#13734,#13894,#13896,.T.);
#11231=EDGE_CURVE('',#13897,#13735,#13898,.T.);
#11232=EDGE_CURVE('',#13739,#13897,#13899,.T.);
#11233=EDGE_CURVE('',#13900,#13740,#13901,.T.);
#11234=EDGE_CURVE('',#13744,#13900,#13902,.T.);
#11235=EDGE_CURVE('',#13903,#13745,#13904,.T.);
#11236=EDGE_CURVE('',#13749,#13903,#13905,.T.);
#11237=EDGE_CURVE('',#13906,#13750,#13907,.T.);
#11238=EDGE_CURVE('',#13754,#13906,#13908,.T.);
#11239=EDGE_CURVE('',#13909,#13755,#13910,.T.);
#11240=EDGE_CURVE('',#13759,#13909,#13911,.T.);
#11241=EDGE_CURVE('',#13912,#13760,#13913,.T.);
#11242=EDGE_CURVE('',#13764,#13912,#13914,.T.);
#11243=EDGE_CURVE('',#13915,#13765,#13916,.T.);
#11244=EDGE_CURVE('',#13769,#13915,#13917,.T.);
#11245=EDGE_CURVE('',#13918,#13770,#13919,.T.);
#11246=EDGE_CURVE('',#13774,#13918,#13920,.T.);
#11247=EDGE_CURVE('',#13921,#13695,#13922,.T.);
#11248=EDGE_CURVE('',#13921,#13923,#13924,.T.);
#11249=EDGE_CURVE('',#13923,#13925,#13926,.T.);
#11250=EDGE_CURVE('',#13925,#13927,#13928,.T.);
#11251=EDGE_CURVE('',#13927,#13689,#13929,.T.);
#11252=EDGE_CURVE('',#13930,#13931,#13932,.T.);
#11253=EDGE_CURVE('',#13931,#13933,#13934,.T.);
#11254=EDGE_CURVE('',#13933,#13935,#13936,.T.);
#11255=EDGE_CURVE('',#13935,#13937,#13938,.T.);
#11256=EDGE_CURVE('',#13937,#13939,#13940,.T.);
#11257=EDGE_CURVE('',#13930,#13939,#13941,.T.);
#11258=EDGE_CURVE('',#13942,#13943,#13944,.T.);
#11259=EDGE_CURVE('',#13943,#13945,#13946,.T.);
#11260=EDGE_CURVE('',#13945,#13947,#13948,.T.);
#11261=EDGE_CURVE('',#13947,#13949,#13950,.T.);
#11262=EDGE_CURVE('',#13949,#13951,#13952,.T.);
#11263=EDGE_CURVE('',#13942,#13951,#13953,.T.);
#11264=EDGE_CURVE('',#13954,#13955,#13956,.T.);
#11265=EDGE_CURVE('',#13955,#13957,#13958,.T.);
#11266=EDGE_CURVE('',#13957,#13959,#13960,.T.);
#11267=EDGE_CURVE('',#13959,#13961,#13962,.T.);
#11268=EDGE_CURVE('',#13961,#13963,#13964,.T.);
#11269=EDGE_CURVE('',#13954,#13963,#13965,.T.);
#11270=EDGE_CURVE('',#13966,#13967,#13968,.T.);
#11271=EDGE_CURVE('',#13967,#13969,#13970,.T.);
#11272=EDGE_CURVE('',#13969,#13971,#13972,.T.);
#11273=EDGE_CURVE('',#13971,#13973,#13974,.T.);
#11274=EDGE_CURVE('',#13973,#13975,#13976,.T.);
#11275=EDGE_CURVE('',#13966,#13975,#13977,.T.);
#11276=EDGE_CURVE('',#13978,#13979,#13980,.T.);
#11277=EDGE_CURVE('',#13979,#13981,#13982,.T.);
#11278=EDGE_CURVE('',#13981,#13983,#13984,.T.);
#11279=EDGE_CURVE('',#13983,#13985,#13986,.T.);
#11280=EDGE_CURVE('',#13985,#13987,#13988,.T.);
#11281=EDGE_CURVE('',#13978,#13987,#13989,.T.);
#11282=EDGE_CURVE('',#13990,#13991,#13992,.T.);
#11283=EDGE_CURVE('',#13991,#13993,#13994,.T.);
#11284=EDGE_CURVE('',#13993,#13995,#13996,.T.);
#11285=EDGE_CURVE('',#13995,#13997,#13998,.T.);
#11286=EDGE_CURVE('',#13997,#13999,#14000,.T.);
#11287=EDGE_CURVE('',#13990,#13999,#14001,.T.);
#11288=EDGE_CURVE('',#14002,#14003,#14004,.T.);
#11289=EDGE_CURVE('',#14003,#14005,#14006,.T.);
#11290=EDGE_CURVE('',#14005,#14007,#14008,.T.);
#11291=EDGE_CURVE('',#14007,#14009,#14010,.T.);
#11292=EDGE_CURVE('',#14009,#14011,#14012,.T.);
#11293=EDGE_CURVE('',#14002,#14011,#14013,.T.);
#11294=EDGE_CURVE('',#14014,#14015,#14016,.T.);
#11295=EDGE_CURVE('',#14015,#14017,#14018,.T.);
#11296=EDGE_CURVE('',#14017,#14019,#14020,.T.);
#11297=EDGE_CURVE('',#14019,#14021,#14022,.T.);
#11298=EDGE_CURVE('',#14021,#14023,#14024,.T.);
#11299=EDGE_CURVE('',#14014,#14023,#14025,.T.);
#11300=EDGE_CURVE('',#14026,#14027,#14028,.T.);
#11301=EDGE_CURVE('',#14027,#14029,#14030,.T.);
#11302=EDGE_CURVE('',#14029,#14031,#14032,.T.);
#11303=EDGE_CURVE('',#14031,#14033,#14034,.T.);
#11304=EDGE_CURVE('',#14033,#14035,#14036,.T.);
#11305=EDGE_CURVE('',#14026,#14035,#14037,.T.);
#11306=EDGE_CURVE('',#14038,#14039,#14040,.T.);
#11307=EDGE_CURVE('',#14039,#14041,#14042,.T.);
#11308=EDGE_CURVE('',#14041,#14043,#14044,.T.);
#11309=EDGE_CURVE('',#14043,#14045,#14046,.T.);
#11310=EDGE_CURVE('',#14045,#14047,#14048,.T.);
#11311=EDGE_CURVE('',#14038,#14047,#14049,.T.);
#11312=EDGE_CURVE('',#14050,#14051,#14052,.T.);
#11313=EDGE_CURVE('',#14051,#14053,#14054,.T.);
#11314=EDGE_CURVE('',#14053,#14055,#14056,.T.);
#11315=EDGE_CURVE('',#14055,#14057,#14058,.T.);
#11316=EDGE_CURVE('',#14057,#14059,#14060,.T.);
#11317=EDGE_CURVE('',#14050,#14059,#14061,.T.);
#11318=EDGE_CURVE('',#14062,#14063,#14064,.T.);
#11319=EDGE_CURVE('',#14063,#14065,#14066,.T.);
#11320=EDGE_CURVE('',#14065,#14067,#14068,.T.);
#11321=EDGE_CURVE('',#14067,#14069,#14070,.T.);
#11322=EDGE_CURVE('',#14069,#14071,#14072,.T.);
#11323=EDGE_CURVE('',#14062,#14071,#14073,.T.);
#11324=EDGE_CURVE('',#14074,#14075,#14076,.T.);
#11325=EDGE_CURVE('',#14077,#14074,#14078,.T.);
#11326=EDGE_CURVE('',#14077,#14079,#14080,.T.);
#11327=EDGE_CURVE('',#14079,#14081,#14082,.T.);
#11328=EDGE_CURVE('',#14081,#14083,#14084,.T.);
#11329=EDGE_CURVE('',#14083,#14075,#14085,.T.);
#11330=EDGE_CURVE('',#14086,#14087,#14088,.T.);
#11331=EDGE_CURVE('',#14089,#14086,#14090,.T.);
#11332=EDGE_CURVE('',#14089,#14091,#14092,.T.);
#11333=EDGE_CURVE('',#14091,#14093,#14094,.T.);
#11334=EDGE_CURVE('',#14093,#14095,#14096,.T.);
#11335=EDGE_CURVE('',#14095,#14087,#14097,.T.);
#11336=EDGE_CURVE('',#14098,#14099,#14100,.T.);
#11337=EDGE_CURVE('',#14101,#14098,#14102,.T.);
#11338=EDGE_CURVE('',#14101,#14103,#14104,.T.);
#11339=EDGE_CURVE('',#14103,#14105,#14106,.T.);
#11340=EDGE_CURVE('',#14105,#14107,#14108,.T.);
#11341=EDGE_CURVE('',#14107,#14099,#14109,.T.);
#11342=EDGE_CURVE('',#14110,#14111,#14112,.T.);
#11343=EDGE_CURVE('',#14113,#14110,#14114,.T.);
#11344=EDGE_CURVE('',#14113,#14115,#14116,.T.);
#11345=EDGE_CURVE('',#14115,#14117,#14118,.T.);
#11346=EDGE_CURVE('',#14117,#14119,#14120,.T.);
#11347=EDGE_CURVE('',#14119,#14111,#14121,.T.);
#11348=EDGE_CURVE('',#14122,#14123,#14124,.T.);
#11349=EDGE_CURVE('',#14125,#14122,#14126,.T.);
#11350=EDGE_CURVE('',#14125,#14127,#14128,.T.);
#11351=EDGE_CURVE('',#14127,#14129,#14130,.T.);
#11352=EDGE_CURVE('',#14129,#14131,#14132,.T.);
#11353=EDGE_CURVE('',#14131,#14123,#14133,.T.);
#11354=EDGE_CURVE('',#14134,#14135,#14136,.T.);
#11355=EDGE_CURVE('',#14137,#14134,#14138,.T.);
#11356=EDGE_CURVE('',#14137,#14139,#14140,.T.);
#11357=EDGE_CURVE('',#14139,#14141,#14142,.T.);
#11358=EDGE_CURVE('',#14141,#14143,#14144,.T.);
#11359=EDGE_CURVE('',#14143,#14135,#14145,.T.);
#11360=EDGE_CURVE('',#14146,#14147,#14148,.T.);
#11361=EDGE_CURVE('',#14149,#14146,#14150,.T.);
#11362=EDGE_CURVE('',#14149,#14151,#14152,.T.);
#11363=EDGE_CURVE('',#14151,#14153,#14154,.T.);
#11364=EDGE_CURVE('',#14153,#14155,#14156,.T.);
#11365=EDGE_CURVE('',#14155,#14147,#14157,.T.);
#11366=EDGE_CURVE('',#14158,#14159,#14160,.T.);
#11367=EDGE_CURVE('',#14161,#14158,#14162,.T.);
#11368=EDGE_CURVE('',#14161,#14163,#14164,.T.);
#11369=EDGE_CURVE('',#14163,#14165,#14166,.T.);
#11370=EDGE_CURVE('',#14165,#14167,#14168,.T.);
#11371=EDGE_CURVE('',#14167,#14159,#14169,.T.);
#11372=EDGE_CURVE('',#14170,#14171,#14172,.T.);
#11373=EDGE_CURVE('',#14173,#14170,#14174,.T.);
#11374=EDGE_CURVE('',#14173,#14175,#14176,.T.);
#11375=EDGE_CURVE('',#14175,#14177,#14178,.T.);
#11376=EDGE_CURVE('',#14177,#14179,#14180,.T.);
#11377=EDGE_CURVE('',#14179,#14171,#14181,.T.);
#11378=EDGE_CURVE('',#14182,#14183,#14184,.T.);
#11379=EDGE_CURVE('',#14185,#14182,#14186,.T.);
#11380=EDGE_CURVE('',#14185,#14187,#14188,.T.);
#11381=EDGE_CURVE('',#14187,#14189,#14190,.T.);
#11382=EDGE_CURVE('',#14189,#14191,#14192,.T.);
#11383=EDGE_CURVE('',#14191,#14183,#14193,.T.);
#11384=EDGE_CURVE('',#14194,#14195,#14196,.T.);
#11385=EDGE_CURVE('',#14197,#14194,#14198,.T.);
#11386=EDGE_CURVE('',#14197,#14199,#14200,.T.);
#11387=EDGE_CURVE('',#14199,#14201,#14202,.T.);
#11388=EDGE_CURVE('',#14201,#14203,#14204,.T.);
#11389=EDGE_CURVE('',#14203,#14195,#14205,.T.);
#11390=EDGE_CURVE('',#14206,#14207,#14208,.T.);
#11391=EDGE_CURVE('',#14209,#14206,#14210,.T.);
#11392=EDGE_CURVE('',#14209,#14211,#14212,.T.);
#11393=EDGE_CURVE('',#14211,#14213,#14214,.T.);
#11394=EDGE_CURVE('',#14213,#14215,#14216,.T.);
#11395=EDGE_CURVE('',#14215,#14207,#14217,.T.);
#11396=EDGE_CURVE('',#14218,#14219,#14220,.T.);
#11397=EDGE_CURVE('',#14221,#14218,#14222,.T.);
#11398=EDGE_CURVE('',#14221,#14223,#14224,.T.);
#11399=EDGE_CURVE('',#14223,#14225,#14226,.T.);
#11400=EDGE_CURVE('',#14225,#14227,#14228,.T.);
#11401=EDGE_CURVE('',#14227,#14219,#14229,.T.);
#11402=EDGE_CURVE('',#14230,#14231,#14232,.T.);
#11403=EDGE_CURVE('',#14231,#14233,#14234,.T.);
#11404=EDGE_CURVE('',#14233,#14235,#14236,.T.);
#11405=EDGE_CURVE('',#14235,#14237,#14238,.T.);
#11406=EDGE_CURVE('',#14237,#14239,#14240,.T.);
#11407=EDGE_CURVE('',#14230,#14239,#14241,.T.);
#11408=EDGE_CURVE('',#14242,#14243,#14244,.T.);
#11409=EDGE_CURVE('',#14243,#14245,#14246,.T.);
#11410=EDGE_CURVE('',#14247,#14245,#14248,.T.);
#11411=EDGE_CURVE('',#14242,#14247,#14249,.T.);
#11412=EDGE_CURVE('',#14250,#14251,#14252,.T.);
#11413=EDGE_CURVE('',#14251,#14253,#14254,.T.);
#11414=EDGE_CURVE('',#14255,#14253,#14256,.T.);
#11415=EDGE_CURVE('',#14250,#14255,#14257,.T.);
#11416=EDGE_CURVE('',#14258,#14259,#14260,.T.);
#11417=EDGE_CURVE('',#14259,#14261,#14262,.T.);
#11418=EDGE_CURVE('',#14263,#14261,#14264,.T.);
#11419=EDGE_CURVE('',#14258,#14263,#14265,.T.);
#11420=EDGE_CURVE('',#14266,#14267,#14268,.T.);
#11421=EDGE_CURVE('',#14267,#14269,#14270,.T.);
#11422=EDGE_CURVE('',#14271,#14269,#14272,.T.);
#11423=EDGE_CURVE('',#14266,#14271,#14273,.T.);
#11424=EDGE_CURVE('',#14274,#14275,#14276,.T.);
#11425=EDGE_CURVE('',#14275,#14277,#14278,.T.);
#11426=EDGE_CURVE('',#14279,#14277,#14280,.T.);
#11427=EDGE_CURVE('',#14274,#14279,#14281,.T.);
#11428=EDGE_CURVE('',#14282,#14283,#14284,.T.);
#11429=EDGE_CURVE('',#14283,#14285,#14286,.T.);
#11430=EDGE_CURVE('',#14287,#14285,#14288,.T.);
#11431=EDGE_CURVE('',#14282,#14287,#14289,.T.);
#11432=EDGE_CURVE('',#14290,#14291,#14292,.T.);
#11433=EDGE_CURVE('',#14291,#14293,#14294,.T.);
#11434=EDGE_CURVE('',#14295,#14293,#14296,.T.);
#11435=EDGE_CURVE('',#14290,#14295,#14297,.T.);
#11436=EDGE_CURVE('',#14298,#14299,#14300,.T.);
#11437=EDGE_CURVE('',#14299,#14301,#14302,.T.);
#11438=EDGE_CURVE('',#14303,#14301,#14304,.T.);
#11439=EDGE_CURVE('',#14298,#14303,#14305,.T.);
#11440=EDGE_CURVE('',#14306,#14307,#14308,.T.);
#11441=EDGE_CURVE('',#14307,#14309,#14310,.T.);
#11442=EDGE_CURVE('',#14311,#14309,#14312,.T.);
#11443=EDGE_CURVE('',#14306,#14311,#14313,.T.);
#11444=EDGE_CURVE('',#14314,#14315,#14316,.T.);
#11445=EDGE_CURVE('',#14315,#14317,#14318,.T.);
#11446=EDGE_CURVE('',#14319,#14317,#14320,.T.);
#11447=EDGE_CURVE('',#14314,#14319,#14321,.T.);
#11448=EDGE_CURVE('',#14322,#14323,#14324,.T.);
#11449=EDGE_CURVE('',#14323,#14325,#14326,.T.);
#11450=EDGE_CURVE('',#14327,#14325,#14328,.T.);
#11451=EDGE_CURVE('',#14322,#14327,#14329,.T.);
#11452=EDGE_CURVE('',#14330,#14331,#14332,.T.);
#11453=EDGE_CURVE('',#14331,#14333,#14334,.T.);
#11454=EDGE_CURVE('',#14335,#14333,#14336,.T.);
#11455=EDGE_CURVE('',#14330,#14335,#14337,.T.);
#11456=EDGE_CURVE('',#14338,#14339,#14340,.T.);
#11457=EDGE_CURVE('',#14339,#14341,#14342,.T.);
#11458=EDGE_CURVE('',#14343,#14341,#14344,.T.);
#11459=EDGE_CURVE('',#14338,#14343,#14345,.T.);
#11460=EDGE_CURVE('',#14346,#14347,#14348,.T.);
#11461=EDGE_CURVE('',#14347,#14349,#14350,.T.);
#11462=EDGE_CURVE('',#14351,#14349,#14352,.T.);
#11463=EDGE_CURVE('',#14346,#14351,#14353,.T.);
#11464=EDGE_CURVE('',#14354,#13874,#14355,.T.);
#11465=EDGE_CURVE('',#12635,#14354,#14356,.T.);
#11466=EDGE_CURVE('',#14357,#14074,#14358,.T.);
#11467=EDGE_CURVE('',#14359,#14357,#14360,.T.);
#11468=EDGE_CURVE('',#14359,#14077,#14361,.T.);
#11469=EDGE_CURVE('',#14362,#14086,#14363,.T.);
#11470=EDGE_CURVE('',#14364,#14362,#14365,.T.);
#11471=EDGE_CURVE('',#14364,#14089,#14366,.T.);
#11472=EDGE_CURVE('',#14367,#14368,#14369,.T.);
#11473=EDGE_CURVE('',#14367,#14062,#14370,.T.);
#11474=EDGE_CURVE('',#14368,#14071,#14371,.T.);
#11475=EDGE_CURVE('',#14372,#14098,#14373,.T.);
#11476=EDGE_CURVE('',#14374,#14372,#14375,.T.);
#11477=EDGE_CURVE('',#14374,#14101,#14376,.T.);
#11478=EDGE_CURVE('',#14377,#14378,#14379,.T.);
#11479=EDGE_CURVE('',#14377,#14050,#14380,.T.);
#11480=EDGE_CURVE('',#14378,#14059,#14381,.T.);
#11481=EDGE_CURVE('',#14382,#14110,#14383,.T.);
#11482=EDGE_CURVE('',#14384,#14382,#14385,.T.);
#11483=EDGE_CURVE('',#14384,#14113,#14386,.T.);
#11484=EDGE_CURVE('',#14387,#14388,#14389,.T.);
#11485=EDGE_CURVE('',#14387,#14038,#14390,.T.);
#11486=EDGE_CURVE('',#14388,#14047,#14391,.T.);
#11487=EDGE_CURVE('',#14392,#14122,#14393,.T.);
#11488=EDGE_CURVE('',#14394,#14392,#14395,.T.);
#11489=EDGE_CURVE('',#14394,#14125,#14396,.T.);
#11490=EDGE_CURVE('',#14397,#14398,#14399,.T.);
#11491=EDGE_CURVE('',#14397,#14026,#14400,.T.);
#11492=EDGE_CURVE('',#14398,#14035,#14401,.T.);
#11493=EDGE_CURVE('',#14402,#14134,#14403,.T.);
#11494=EDGE_CURVE('',#14404,#14402,#14405,.T.);
#11495=EDGE_CURVE('',#14404,#14137,#14406,.T.);
#11496=EDGE_CURVE('',#14407,#14408,#14409,.T.);
#11497=EDGE_CURVE('',#14407,#14014,#14410,.T.);
#11498=EDGE_CURVE('',#14408,#14023,#14411,.T.);
#11499=EDGE_CURVE('',#14412,#14146,#14413,.T.);
#11500=EDGE_CURVE('',#14414,#14412,#14415,.T.);
#11501=EDGE_CURVE('',#14414,#14149,#14416,.T.);
#11502=EDGE_CURVE('',#14417,#14418,#14419,.T.);
#11503=EDGE_CURVE('',#14417,#14002,#14420,.T.);
#11504=EDGE_CURVE('',#14418,#14011,#14421,.T.);
#11505=EDGE_CURVE('',#14422,#14158,#14423,.T.);
#11506=EDGE_CURVE('',#14424,#14422,#14425,.T.);
#11507=EDGE_CURVE('',#14424,#14161,#14426,.T.);
#11508=EDGE_CURVE('',#14427,#14428,#14429,.T.);
#11509=EDGE_CURVE('',#14427,#13990,#14430,.T.);
#11510=EDGE_CURVE('',#14428,#13999,#14431,.T.);
#11511=EDGE_CURVE('',#14432,#14170,#14433,.T.);
#11512=EDGE_CURVE('',#14434,#14432,#14435,.T.);
#11513=EDGE_CURVE('',#14434,#14173,#14436,.T.);
#11514=EDGE_CURVE('',#14437,#14438,#14439,.T.);
#11515=EDGE_CURVE('',#14437,#13978,#14440,.T.);
#11516=EDGE_CURVE('',#14438,#13987,#14441,.T.);
#11517=EDGE_CURVE('',#14442,#14182,#14443,.T.);
#11518=EDGE_CURVE('',#14444,#14442,#14445,.T.);
#11519=EDGE_CURVE('',#14444,#14185,#14446,.T.);
#11520=EDGE_CURVE('',#14447,#14448,#14449,.T.);
#11521=EDGE_CURVE('',#14447,#13966,#14450,.T.);
#11522=EDGE_CURVE('',#14448,#13975,#14451,.T.);
#11523=EDGE_CURVE('',#14452,#14194,#14453,.T.);
#11524=EDGE_CURVE('',#14454,#14452,#14455,.T.);
#11525=EDGE_CURVE('',#14454,#14197,#14456,.T.);
#11526=EDGE_CURVE('',#14457,#14458,#14459,.T.);
#11527=EDGE_CURVE('',#14457,#13954,#14460,.T.);
#11528=EDGE_CURVE('',#14458,#13963,#14461,.T.);
#11529=EDGE_CURVE('',#14462,#14206,#14463,.T.);
#11530=EDGE_CURVE('',#14464,#14462,#14465,.T.);
#11531=EDGE_CURVE('',#14464,#14209,#14466,.T.);
#11532=EDGE_CURVE('',#14467,#14468,#14469,.T.);
#11533=EDGE_CURVE('',#14467,#13942,#14470,.T.);
#11534=EDGE_CURVE('',#14468,#13951,#14471,.T.);
#11535=EDGE_CURVE('',#14472,#14218,#14473,.T.);
#11536=EDGE_CURVE('',#14474,#14472,#14475,.T.);
#11537=EDGE_CURVE('',#14474,#14221,#14476,.T.);
#11538=EDGE_CURVE('',#14477,#14478,#14479,.T.);
#11539=EDGE_CURVE('',#14477,#13930,#14480,.T.);
#11540=EDGE_CURVE('',#14478,#13939,#14481,.T.);
#11541=EDGE_CURVE('',#14482,#13693,#14483,.T.);
#11542=EDGE_CURVE('',#14482,#13921,#14484,.T.);
#11543=EDGE_CURVE('',#14485,#14486,#14487,.T.);
#11544=EDGE_CURVE('',#14485,#14230,#14488,.T.);
#11545=EDGE_CURVE('',#14486,#14239,#14489,.T.);
#11546=EDGE_CURVE('',#14354,#14490,#14491,.T.);
#11547=EDGE_CURVE('',#14492,#14490,#14493,.T.);
#11548=EDGE_CURVE('',#14494,#14492,#14495,.T.);
#11549=EDGE_CURVE('',#12637,#14494,#14496,.T.);
#11550=EDGE_CURVE('',#14497,#14498,#14499,.T.);
#11551=EDGE_CURVE('',#14500,#14498,#14501,.T.);
#11552=EDGE_CURVE('',#14359,#14500,#14502,.T.);
#11553=EDGE_CURVE('',#14503,#14357,#14504,.T.);
#11554=EDGE_CURVE('',#14497,#14503,#14505,.T.);
#11555=EDGE_CURVE('',#14506,#14362,#14507,.T.);
#11556=EDGE_CURVE('',#14508,#14506,#14509,.T.);
#11557=EDGE_CURVE('',#14508,#14510,#14511,.T.);
#11558=EDGE_CURVE('',#14512,#14510,#14513,.T.);
#11559=EDGE_CURVE('',#14364,#14512,#14514,.T.);
#11560=EDGE_CURVE('',#14515,#14516,#14517,.T.);
#11561=EDGE_CURVE('',#14515,#14367,#14518,.T.);
#11562=EDGE_CURVE('',#14368,#14519,#14520,.T.);
#11563=EDGE_CURVE('',#14521,#14519,#14522,.T.);
#11564=EDGE_CURVE('',#14516,#14521,#14523,.T.);
#11565=EDGE_CURVE('',#14524,#14372,#14525,.T.);
#11566=EDGE_CURVE('',#14526,#14524,#14527,.T.);
#11567=EDGE_CURVE('',#14526,#14528,#14529,.T.);
#11568=EDGE_CURVE('',#14530,#14528,#14531,.T.);
#11569=EDGE_CURVE('',#14374,#14530,#14532,.T.);
#11570=EDGE_CURVE('',#14533,#14534,#14535,.T.);
#11571=EDGE_CURVE('',#14533,#14377,#14536,.T.);
#11572=EDGE_CURVE('',#14378,#14537,#14538,.T.);
#11573=EDGE_CURVE('',#14539,#14537,#14540,.T.);
#11574=EDGE_CURVE('',#14534,#14539,#14541,.T.);
#11575=EDGE_CURVE('',#14542,#14382,#14543,.T.);
#11576=EDGE_CURVE('',#14544,#14542,#14545,.T.);
#11577=EDGE_CURVE('',#14544,#14546,#14547,.T.);
#11578=EDGE_CURVE('',#14548,#14546,#14549,.T.);
#11579=EDGE_CURVE('',#14384,#14548,#14550,.T.);
#11580=EDGE_CURVE('',#14551,#14552,#14553,.T.);
#11581=EDGE_CURVE('',#14551,#14387,#14554,.T.);
#11582=EDGE_CURVE('',#14388,#14555,#14556,.T.);
#11583=EDGE_CURVE('',#14557,#14555,#14558,.T.);
#11584=EDGE_CURVE('',#14552,#14557,#14559,.T.);
#11585=EDGE_CURVE('',#14560,#14392,#14561,.T.);
#11586=EDGE_CURVE('',#14562,#14560,#14563,.T.);
#11587=EDGE_CURVE('',#14562,#14564,#14565,.T.);
#11588=EDGE_CURVE('',#14566,#14564,#14567,.T.);
#11589=EDGE_CURVE('',#14394,#14566,#14568,.T.);
#11590=EDGE_CURVE('',#14569,#14570,#14571,.T.);
#11591=EDGE_CURVE('',#14569,#14397,#14572,.T.);
#11592=EDGE_CURVE('',#14398,#14573,#14574,.T.);
#11593=EDGE_CURVE('',#14575,#14573,#14576,.T.);
#11594=EDGE_CURVE('',#14570,#14575,#14577,.T.);
#11595=EDGE_CURVE('',#14578,#14402,#14579,.T.);
#11596=EDGE_CURVE('',#14580,#14578,#14581,.T.);
#11597=EDGE_CURVE('',#14580,#14582,#14583,.T.);
#11598=EDGE_CURVE('',#14584,#14582,#14585,.T.);
#11599=EDGE_CURVE('',#14404,#14584,#14586,.T.);
#11600=EDGE_CURVE('',#14587,#14588,#14589,.T.);
#11601=EDGE_CURVE('',#14587,#14407,#14590,.T.);
#11602=EDGE_CURVE('',#14408,#14591,#14592,.T.);
#11603=EDGE_CURVE('',#14593,#14591,#14594,.T.);
#11604=EDGE_CURVE('',#14588,#14593,#14595,.T.);
#11605=EDGE_CURVE('',#14596,#14412,#14597,.T.);
#11606=EDGE_CURVE('',#14598,#14596,#14599,.T.);
#11607=EDGE_CURVE('',#14598,#14600,#14601,.T.);
#11608=EDGE_CURVE('',#14602,#14600,#14603,.T.);
#11609=EDGE_CURVE('',#14414,#14602,#14604,.T.);
#11610=EDGE_CURVE('',#14605,#14606,#14607,.T.);
#11611=EDGE_CURVE('',#14605,#14417,#14608,.T.);
#11612=EDGE_CURVE('',#14418,#14609,#14610,.T.);
#11613=EDGE_CURVE('',#14611,#14609,#14612,.T.);
#11614=EDGE_CURVE('',#14606,#14611,#14613,.T.);
#11615=EDGE_CURVE('',#14614,#14422,#14615,.T.);
#11616=EDGE_CURVE('',#14616,#14614,#14617,.T.);
#11617=EDGE_CURVE('',#14616,#14618,#14619,.T.);
#11618=EDGE_CURVE('',#14620,#14618,#14621,.T.);
#11619=EDGE_CURVE('',#14424,#14620,#14622,.T.);
#11620=EDGE_CURVE('',#14623,#14624,#14625,.T.);
#11621=EDGE_CURVE('',#14623,#14427,#14626,.T.);
#11622=EDGE_CURVE('',#14428,#14627,#14628,.T.);
#11623=EDGE_CURVE('',#14629,#14627,#14630,.T.);
#11624=EDGE_CURVE('',#14624,#14629,#14631,.T.);
#11625=EDGE_CURVE('',#14632,#14432,#14633,.T.);
#11626=EDGE_CURVE('',#14634,#14632,#14635,.T.);
#11627=EDGE_CURVE('',#14634,#14636,#14637,.T.);
#11628=EDGE_CURVE('',#14638,#14636,#14639,.T.);
#11629=EDGE_CURVE('',#14434,#14638,#14640,.T.);
#11630=EDGE_CURVE('',#14641,#14642,#14643,.T.);
#11631=EDGE_CURVE('',#14641,#14437,#14644,.T.);
#11632=EDGE_CURVE('',#14438,#14645,#14646,.T.);
#11633=EDGE_CURVE('',#14647,#14645,#14648,.T.);
#11634=EDGE_CURVE('',#14642,#14647,#14649,.T.);
#11635=EDGE_CURVE('',#14650,#14442,#14651,.T.);
#11636=EDGE_CURVE('',#14652,#14650,#14653,.T.);
#11637=EDGE_CURVE('',#14652,#14654,#14655,.T.);
#11638=EDGE_CURVE('',#14656,#14654,#14657,.T.);
#11639=EDGE_CURVE('',#14444,#14656,#14658,.T.);
#11640=EDGE_CURVE('',#14659,#14660,#14661,.T.);
#11641=EDGE_CURVE('',#14659,#14447,#14662,.T.);
#11642=EDGE_CURVE('',#14448,#14663,#14664,.T.);
#11643=EDGE_CURVE('',#14665,#14663,#14666,.T.);
#11644=EDGE_CURVE('',#14660,#14665,#14667,.T.);
#11645=EDGE_CURVE('',#14668,#14452,#14669,.T.);
#11646=EDGE_CURVE('',#14670,#14668,#14671,.T.);
#11647=EDGE_CURVE('',#14670,#14672,#14673,.T.);
#11648=EDGE_CURVE('',#14674,#14672,#14675,.T.);
#11649=EDGE_CURVE('',#14454,#14674,#14676,.T.);
#11650=EDGE_CURVE('',#14677,#14678,#14679,.T.);
#11651=EDGE_CURVE('',#14677,#14457,#14680,.T.);
#11652=EDGE_CURVE('',#14458,#14681,#14682,.T.);
#11653=EDGE_CURVE('',#14683,#14681,#14684,.T.);
#11654=EDGE_CURVE('',#14678,#14683,#14685,.T.);
#11655=EDGE_CURVE('',#14686,#14462,#14687,.T.);
#11656=EDGE_CURVE('',#14688,#14686,#14689,.T.);
#11657=EDGE_CURVE('',#14688,#14690,#14691,.T.);
#11658=EDGE_CURVE('',#14692,#14690,#14693,.T.);
#11659=EDGE_CURVE('',#14464,#14692,#14694,.T.);
#11660=EDGE_CURVE('',#14695,#14696,#14697,.T.);
#11661=EDGE_CURVE('',#14695,#14467,#14698,.T.);
#11662=EDGE_CURVE('',#14468,#14699,#14700,.T.);
#11663=EDGE_CURVE('',#14701,#14699,#14702,.T.);
#11664=EDGE_CURVE('',#14696,#14701,#14703,.T.);
#11665=EDGE_CURVE('',#14704,#14472,#14705,.T.);
#11666=EDGE_CURVE('',#14706,#14704,#14707,.T.);
#11667=EDGE_CURVE('',#14706,#14708,#14709,.T.);
#11668=EDGE_CURVE('',#14710,#14708,#14711,.T.);
#11669=EDGE_CURVE('',#14474,#14710,#14712,.T.);
#11670=EDGE_CURVE('',#14713,#14714,#14715,.T.);
#11671=EDGE_CURVE('',#14713,#14477,#14716,.T.);
#11672=EDGE_CURVE('',#14478,#14717,#14718,.T.);
#11673=EDGE_CURVE('',#14719,#14717,#14720,.T.);
#11674=EDGE_CURVE('',#14714,#14719,#14721,.T.);
#11675=EDGE_CURVE('',#14722,#13691,#14723,.T.);
#11676=EDGE_CURVE('',#14722,#14724,#14725,.T.);
#11677=EDGE_CURVE('',#14726,#14724,#14727,.T.);
#11678=EDGE_CURVE('',#14482,#14726,#14728,.T.);
#11679=EDGE_CURVE('',#14729,#14730,#14731,.T.);
#11680=EDGE_CURVE('',#14729,#14485,#14732,.T.);
#11681=EDGE_CURVE('',#14486,#14733,#14734,.T.);
#11682=EDGE_CURVE('',#14735,#14733,#14736,.T.);
#11683=EDGE_CURVE('',#14730,#14735,#14737,.T.);
#11684=EDGE_CURVE('',#13868,#14494,#14738,.T.);
#11685=EDGE_CURVE('',#14083,#14497,#14739,.T.);
#11686=EDGE_CURVE('',#14075,#14503,#14740,.T.);
#11687=EDGE_CURVE('',#14087,#14506,#14741,.T.);
#11688=EDGE_CURVE('',#14095,#14508,#14742,.T.);
#11689=EDGE_CURVE('',#14063,#14515,#14743,.T.);
#11690=EDGE_CURVE('',#14065,#14516,#14744,.T.);
#11691=EDGE_CURVE('',#14099,#14524,#14745,.T.);
#11692=EDGE_CURVE('',#14107,#14526,#14746,.T.);
#11693=EDGE_CURVE('',#14051,#14533,#14747,.T.);
#11694=EDGE_CURVE('',#14053,#14534,#14748,.T.);
#11695=EDGE_CURVE('',#14111,#14542,#14749,.T.);
#11696=EDGE_CURVE('',#14119,#14544,#14750,.T.);
#11697=EDGE_CURVE('',#14039,#14551,#14751,.T.);
#11698=EDGE_CURVE('',#14041,#14552,#14752,.T.);
#11699=EDGE_CURVE('',#14123,#14560,#14753,.T.);
#11700=EDGE_CURVE('',#14131,#14562,#14754,.T.);
#11701=EDGE_CURVE('',#14027,#14569,#14755,.T.);
#11702=EDGE_CURVE('',#14029,#14570,#14756,.T.);
#11703=EDGE_CURVE('',#14135,#14578,#14757,.T.);
#11704=EDGE_CURVE('',#14143,#14580,#14758,.T.);
#11705=EDGE_CURVE('',#14015,#14587,#14759,.T.);
#11706=EDGE_CURVE('',#14017,#14588,#14760,.T.);
#11707=EDGE_CURVE('',#14147,#14596,#14761,.T.);
#11708=EDGE_CURVE('',#14155,#14598,#14762,.T.);
#11709=EDGE_CURVE('',#14003,#14605,#14763,.T.);
#11710=EDGE_CURVE('',#14005,#14606,#14764,.T.);
#11711=EDGE_CURVE('',#14159,#14614,#14765,.T.);
#11712=EDGE_CURVE('',#14167,#14616,#14766,.T.);
#11713=EDGE_CURVE('',#13991,#14623,#14767,.T.);
#11714=EDGE_CURVE('',#13993,#14624,#14768,.T.);
#11715=EDGE_CURVE('',#14171,#14632,#14769,.T.);
#11716=EDGE_CURVE('',#14179,#14634,#14770,.T.);
#11717=EDGE_CURVE('',#13979,#14641,#14771,.T.);
#11718=EDGE_CURVE('',#13981,#14642,#14772,.T.);
#11719=EDGE_CURVE('',#14183,#14650,#14773,.T.);
#11720=EDGE_CURVE('',#14191,#14652,#14774,.T.);
#11721=EDGE_CURVE('',#13967,#14659,#14775,.T.);
#11722=EDGE_CURVE('',#13969,#14660,#14776,.T.);
#11723=EDGE_CURVE('',#14195,#14668,#14777,.T.);
#11724=EDGE_CURVE('',#14203,#14670,#14778,.T.);
#11725=EDGE_CURVE('',#13955,#14677,#14779,.T.);
#11726=EDGE_CURVE('',#13957,#14678,#14780,.T.);
#11727=EDGE_CURVE('',#14207,#14686,#14781,.T.);
#11728=EDGE_CURVE('',#14215,#14688,#14782,.T.);
#11729=EDGE_CURVE('',#13943,#14695,#14783,.T.);
#11730=EDGE_CURVE('',#13945,#14696,#14784,.T.);
#11731=EDGE_CURVE('',#14219,#14704,#14785,.T.);
#11732=EDGE_CURVE('',#14227,#14706,#14786,.T.);
#11733=EDGE_CURVE('',#13931,#14713,#14787,.T.);
#11734=EDGE_CURVE('',#13933,#14714,#14788,.T.);
#11735=EDGE_CURVE('',#13927,#14722,#14789,.T.);
#11736=EDGE_CURVE('',#14231,#14729,#14790,.T.);
#11737=EDGE_CURVE('',#14233,#14730,#14791,.T.);
#11738=EDGE_CURVE('',#14492,#13870,#14792,.T.);
#11739=EDGE_CURVE('',#14490,#13872,#14793,.T.);
#11740=EDGE_CURVE('',#14498,#14081,#14794,.T.);
#11741=EDGE_CURVE('',#14500,#14079,#14795,.T.);
#11742=EDGE_CURVE('',#14510,#14093,#14796,.T.);
#11743=EDGE_CURVE('',#14512,#14091,#14797,.T.);
#11744=EDGE_CURVE('',#14521,#14067,#14798,.T.);
#11745=EDGE_CURVE('',#14519,#14069,#14799,.T.);
#11746=EDGE_CURVE('',#14528,#14105,#14800,.T.);
#11747=EDGE_CURVE('',#14530,#14103,#14801,.T.);
#11748=EDGE_CURVE('',#14539,#14055,#14802,.T.);
#11749=EDGE_CURVE('',#14537,#14057,#14803,.T.);
#11750=EDGE_CURVE('',#14546,#14117,#14804,.T.);
#11751=EDGE_CURVE('',#14548,#14115,#14805,.T.);
#11752=EDGE_CURVE('',#14557,#14043,#14806,.T.);
#11753=EDGE_CURVE('',#14555,#14045,#14807,.T.);
#11754=EDGE_CURVE('',#14564,#14129,#14808,.T.);
#11755=EDGE_CURVE('',#14566,#14127,#14809,.T.);
#11756=EDGE_CURVE('',#14575,#14031,#14810,.T.);
#11757=EDGE_CURVE('',#14573,#14033,#14811,.T.);
#11758=EDGE_CURVE('',#14582,#14141,#14812,.T.);
#11759=EDGE_CURVE('',#14584,#14139,#14813,.T.);
#11760=EDGE_CURVE('',#14593,#14019,#14814,.T.);
#11761=EDGE_CURVE('',#14591,#14021,#14815,.T.);
#11762=EDGE_CURVE('',#14600,#14153,#14816,.T.);
#11763=EDGE_CURVE('',#14602,#14151,#14817,.T.);
#11764=EDGE_CURVE('',#14611,#14007,#14818,.T.);
#11765=EDGE_CURVE('',#14609,#14009,#14819,.T.);
#11766=EDGE_CURVE('',#14618,#14165,#14820,.T.);
#11767=EDGE_CURVE('',#14620,#14163,#14821,.T.);
#11768=EDGE_CURVE('',#14629,#13995,#14822,.T.);
#11769=EDGE_CURVE('',#14627,#13997,#14823,.T.);
#11770=EDGE_CURVE('',#14636,#14177,#14824,.T.);
#11771=EDGE_CURVE('',#14638,#14175,#14825,.T.);
#11772=EDGE_CURVE('',#14647,#13983,#14826,.T.);
#11773=EDGE_CURVE('',#14645,#13985,#14827,.T.);
#11774=EDGE_CURVE('',#14654,#14189,#14828,.T.);
#11775=EDGE_CURVE('',#14656,#14187,#14829,.T.);
#11776=EDGE_CURVE('',#14665,#13971,#14830,.T.);
#11777=EDGE_CURVE('',#14663,#13973,#14831,.T.);
#11778=EDGE_CURVE('',#14672,#14201,#14832,.T.);
#11779=EDGE_CURVE('',#14674,#14199,#14833,.T.);
#11780=EDGE_CURVE('',#14683,#13959,#14834,.T.);
#11781=EDGE_CURVE('',#14681,#13961,#14835,.T.);
#11782=EDGE_CURVE('',#14690,#14213,#14836,.T.);
#11783=EDGE_CURVE('',#14692,#14211,#14837,.T.);
#11784=EDGE_CURVE('',#14701,#13947,#14838,.T.);
#11785=EDGE_CURVE('',#14699,#13949,#14839,.T.);
#11786=EDGE_CURVE('',#14708,#14225,#14840,.T.);
#11787=EDGE_CURVE('',#14710,#14223,#14841,.T.);
#11788=EDGE_CURVE('',#14719,#13935,#14842,.T.);
#11789=EDGE_CURVE('',#14717,#13937,#14843,.T.);
#11790=EDGE_CURVE('',#14724,#13925,#14844,.T.);
#11791=EDGE_CURVE('',#14726,#13923,#14845,.T.);
#11792=EDGE_CURVE('',#14735,#14235,#14846,.T.);
#11793=EDGE_CURVE('',#14733,#14237,#14847,.T.);
#11794=EDGE_CURVE('',#12653,#13918,#14848,.T.);
#11795=EDGE_CURVE('',#12659,#13915,#14849,.T.);
#11796=EDGE_CURVE('',#12665,#13912,#14850,.T.);
#11797=EDGE_CURVE('',#12671,#13909,#14851,.T.);
#11798=EDGE_CURVE('',#12677,#13906,#14852,.T.);
#11799=EDGE_CURVE('',#12683,#13903,#14853,.T.);
#11800=EDGE_CURVE('',#12689,#13900,#14854,.T.);
#11801=EDGE_CURVE('',#12695,#13897,#14855,.T.);
#11802=EDGE_CURVE('',#12701,#13894,#14856,.T.);
#11803=EDGE_CURVE('',#12707,#13891,#14857,.T.);
#11804=EDGE_CURVE('',#12713,#13888,#14858,.T.);
#11805=EDGE_CURVE('',#12719,#13885,#14859,.T.);
#11806=EDGE_CURVE('',#12725,#13882,#14860,.T.);
#11807=EDGE_CURVE('',#12731,#13879,#14861,.T.);
#11808=EDGE_CURVE('',#14862,#13865,#14863,.T.);
#11809=EDGE_CURVE('',#12746,#13863,#14864,.T.);
#11810=EDGE_CURVE('',#12744,#14865,#14866,.T.);
#11811=EDGE_CURVE('',#14865,#14867,#14868,.T.);
#11812=EDGE_CURVE('',#12733,#14867,#14869,.T.);
#11813=EDGE_CURVE('',#14870,#13877,#14871,.T.);
#11814=EDGE_CURVE('',#14870,#14862,#14872,.T.);
#11815=EDGE_CURVE('',#12630,#14870,#14873,.T.);
#11816=EDGE_CURVE('',#12631,#14862,#14874,.T.);
#11817=EDGE_CURVE('',#12627,#14865,#14875,.T.);
#11818=EDGE_CURVE('',#12625,#14867,#14876,.T.);
#11819=EDGE_CURVE('',#12748,#13861,#14877,.T.);
#11820=EDGE_CURVE('',#12750,#13859,#14878,.T.);
#11821=EDGE_CURVE('',#12754,#13855,#14879,.T.);
#11822=EDGE_CURVE('',#12756,#13853,#14880,.T.);
#11823=EDGE_CURVE('',#12760,#13849,#14881,.T.);
#11824=EDGE_CURVE('',#12762,#13847,#14882,.T.);
#11825=EDGE_CURVE('',#12766,#13843,#14883,.T.);
#11826=EDGE_CURVE('',#12768,#13841,#14884,.T.);
#11827=EDGE_CURVE('',#12772,#13837,#14885,.T.);
#11828=EDGE_CURVE('',#12774,#13835,#14886,.T.);
#11829=EDGE_CURVE('',#12778,#13831,#14887,.T.);
#11830=EDGE_CURVE('',#12780,#13829,#14888,.T.);
#11831=EDGE_CURVE('',#12784,#13825,#14889,.T.);
#11832=EDGE_CURVE('',#12786,#13823,#14890,.T.);
#11833=EDGE_CURVE('',#12790,#13819,#14891,.T.);
#11834=EDGE_CURVE('',#12792,#13817,#14892,.T.);
#11835=EDGE_CURVE('',#12796,#13813,#14893,.T.);
#11836=EDGE_CURVE('',#12798,#13811,#14894,.T.);
#11837=EDGE_CURVE('',#12802,#13807,#14895,.T.);
#11838=EDGE_CURVE('',#12804,#13805,#14896,.T.);
#11839=EDGE_CURVE('',#12808,#13801,#14897,.T.);
#11840=EDGE_CURVE('',#12810,#13799,#14898,.T.);
#11841=EDGE_CURVE('',#12814,#13795,#14899,.T.);
#11842=EDGE_CURVE('',#12816,#13793,#14900,.T.);
#11843=EDGE_CURVE('',#12828,#13781,#14901,.T.);
#11844=EDGE_CURVE('',#12826,#13783,#14902,.T.);
#11845=EDGE_CURVE('',#12820,#13789,#14903,.T.);
#11846=EDGE_CURVE('',#12822,#13787,#14904,.T.);
#11847=EDGE_CURVE('',#12752,#13857,#14905,.T.);
#11848=EDGE_CURVE('',#12758,#13851,#14906,.T.);
#11849=EDGE_CURVE('',#12764,#13845,#14907,.T.);
#11850=EDGE_CURVE('',#12770,#13839,#14908,.T.);
#11851=EDGE_CURVE('',#12776,#13833,#14909,.T.);
#11852=EDGE_CURVE('',#12782,#13827,#14910,.T.);
#11853=EDGE_CURVE('',#12788,#13821,#14911,.T.);
#11854=EDGE_CURVE('',#12794,#13815,#14912,.T.);
#11855=EDGE_CURVE('',#12800,#13809,#14913,.T.);
#11856=EDGE_CURVE('',#12806,#13803,#14914,.T.);
#11857=EDGE_CURVE('',#12812,#13797,#14915,.T.);
#11858=EDGE_CURVE('',#12818,#13791,#14916,.T.);
#11859=EDGE_CURVE('',#12824,#13785,#14917,.T.);
#11860=EDGE_CURVE('',#12830,#13779,#14918,.T.);
#11861=EDGE_CURVE('',#12832,#13777,#14919,.T.);
#11862=EDGE_CURVE('',#13132,#14920,#14921,.T.);
#11863=EDGE_CURVE('',#14922,#13137,#14923,.T.);
#11864=EDGE_CURVE('',#14922,#14920,#14924,.T.);
#11865=EDGE_CURVE('',#14242,#14925,#14926,.T.);
#11866=EDGE_CURVE('',#14927,#14247,#14928,.T.);
#11867=EDGE_CURVE('',#14927,#14925,#14929,.T.);
#11868=EDGE_CURVE('',#14920,#14930,#14931,.T.);
#11869=EDGE_CURVE('',#14932,#14922,#14933,.T.);
#11870=EDGE_CURVE('',#14932,#14930,#14934,.T.);
#11871=EDGE_CURVE('',#14935,#14932,#14936,.T.);
#11872=EDGE_CURVE('',#14937,#14935,#14938,.T.);
#11873=EDGE_CURVE('',#14937,#14930,#14939,.T.);
#11874=EDGE_CURVE('',#14937,#14940,#14941,.T.);
#11875=EDGE_CURVE('',#14940,#14920,#14942,.T.);
#11876=EDGE_CURVE('',#13133,#14940,#14943,.T.);
#11877=EDGE_CURVE('',#14944,#14245,#14945,.T.);
#11878=EDGE_CURVE('',#14944,#14927,#14946,.T.);
#11879=EDGE_CURVE('',#14947,#13135,#14948,.T.);
#11880=EDGE_CURVE('',#14940,#14947,#14949,.T.);
#11881=EDGE_CURVE('',#14243,#14950,#14951,.T.);
#11882=EDGE_CURVE('',#14950,#14944,#14952,.T.);
#11883=EDGE_CURVE('',#14947,#14935,#14953,.T.);
#11884=EDGE_CURVE('',#14947,#14922,#14954,.T.);
#11885=EDGE_CURVE('',#14950,#14925,#14955,.T.);
#11886=EDGE_CURVE('',#14956,#14925,#14957,.T.);
#11887=EDGE_CURVE('',#14958,#14956,#14959,.T.);
#11888=EDGE_CURVE('',#14958,#14950,#14960,.T.);
#11889=EDGE_CURVE('',#14961,#14944,#14962,.T.);
#11890=EDGE_CURVE('',#14958,#14961,#14963,.T.);
#11891=EDGE_CURVE('',#14964,#14956,#14965,.T.);
#11892=EDGE_CURVE('',#14961,#14964,#14966,.T.);
#11893=EDGE_CURVE('',#14964,#14927,#14967,.T.);
#11894=EDGE_CURVE('',#13140,#14968,#14969,.T.);
#11895=EDGE_CURVE('',#14970,#13145,#14971,.T.);
#11896=EDGE_CURVE('',#14970,#14968,#14972,.T.);
#11897=EDGE_CURVE('',#14250,#14973,#14974,.T.);
#11898=EDGE_CURVE('',#14975,#14255,#14976,.T.);
#11899=EDGE_CURVE('',#14975,#14973,#14977,.T.);
#11900=EDGE_CURVE('',#14968,#14978,#14979,.T.);
#11901=EDGE_CURVE('',#14980,#14970,#14981,.T.);
#11902=EDGE_CURVE('',#14980,#14978,#14982,.T.);
#11903=EDGE_CURVE('',#14983,#14980,#14984,.T.);
#11904=EDGE_CURVE('',#14985,#14983,#14986,.T.);
#11905=EDGE_CURVE('',#14985,#14978,#14987,.T.);
#11906=EDGE_CURVE('',#14985,#14988,#14989,.T.);
#11907=EDGE_CURVE('',#14988,#14968,#14990,.T.);
#11908=EDGE_CURVE('',#13141,#14988,#14991,.T.);
#11909=EDGE_CURVE('',#14992,#14253,#14993,.T.);
#11910=EDGE_CURVE('',#14992,#14975,#14994,.T.);
#11911=EDGE_CURVE('',#14995,#13143,#14996,.T.);
#11912=EDGE_CURVE('',#14988,#14995,#14997,.T.);
#11913=EDGE_CURVE('',#14251,#14998,#14999,.T.);
#11914=EDGE_CURVE('',#14998,#14992,#15000,.T.);
#11915=EDGE_CURVE('',#14995,#14983,#15001,.T.);
#11916=EDGE_CURVE('',#14995,#14970,#15002,.T.);
#11917=EDGE_CURVE('',#14998,#14973,#15003,.T.);
#11918=EDGE_CURVE('',#15004,#14973,#15005,.T.);
#11919=EDGE_CURVE('',#15006,#15004,#15007,.T.);
#11920=EDGE_CURVE('',#15006,#14998,#15008,.T.);
#11921=EDGE_CURVE('',#14992,#15009,#15010,.T.);
#11922=EDGE_CURVE('',#15006,#15009,#15011,.T.);
#11923=EDGE_CURVE('',#15012,#15004,#15013,.T.);
#11924=EDGE_CURVE('',#15009,#15012,#15014,.T.);
#11925=EDGE_CURVE('',#15012,#14975,#15015,.T.);
#11926=EDGE_CURVE('',#13148,#15016,#15017,.T.);
#11927=EDGE_CURVE('',#15018,#13153,#15019,.T.);
#11928=EDGE_CURVE('',#15018,#15016,#15020,.T.);
#11929=EDGE_CURVE('',#14258,#15021,#15022,.T.);
#11930=EDGE_CURVE('',#15023,#14263,#15024,.T.);
#11931=EDGE_CURVE('',#15023,#15021,#15025,.T.);
#11932=EDGE_CURVE('',#15016,#15026,#15027,.T.);
#11933=EDGE_CURVE('',#15028,#15018,#15029,.T.);
#11934=EDGE_CURVE('',#15028,#15026,#15030,.T.);
#11935=EDGE_CURVE('',#15031,#15028,#15032,.T.);
#11936=EDGE_CURVE('',#15033,#15031,#15034,.T.);
#11937=EDGE_CURVE('',#15033,#15026,#15035,.T.);
#11938=EDGE_CURVE('',#15033,#15036,#15037,.T.);
#11939=EDGE_CURVE('',#15036,#15016,#15038,.T.);
#11940=EDGE_CURVE('',#13149,#15036,#15039,.T.);
#11941=EDGE_CURVE('',#15040,#14261,#15041,.T.);
#11942=EDGE_CURVE('',#15040,#15023,#15042,.T.);
#11943=EDGE_CURVE('',#15043,#13151,#15044,.T.);
#11944=EDGE_CURVE('',#15036,#15043,#15045,.T.);
#11945=EDGE_CURVE('',#14259,#15046,#15047,.T.);
#11946=EDGE_CURVE('',#15046,#15040,#15048,.T.);
#11947=EDGE_CURVE('',#15043,#15031,#15049,.T.);
#11948=EDGE_CURVE('',#15043,#15018,#15050,.T.);
#11949=EDGE_CURVE('',#15046,#15021,#15051,.T.);
#11950=EDGE_CURVE('',#15052,#15021,#15053,.T.);
#11951=EDGE_CURVE('',#15054,#15052,#15055,.T.);
#11952=EDGE_CURVE('',#15054,#15046,#15056,.T.);
#11953=EDGE_CURVE('',#15040,#15057,#15058,.T.);
#11954=EDGE_CURVE('',#15054,#15057,#15059,.T.);
#11955=EDGE_CURVE('',#15060,#15052,#15061,.T.);
#11956=EDGE_CURVE('',#15057,#15060,#15062,.T.);
#11957=EDGE_CURVE('',#15060,#15023,#15063,.T.);
#11958=EDGE_CURVE('',#13156,#15064,#15065,.T.);
#11959=EDGE_CURVE('',#15066,#13161,#15067,.T.);
#11960=EDGE_CURVE('',#15066,#15064,#15068,.T.);
#11961=EDGE_CURVE('',#14266,#15069,#15070,.T.);
#11962=EDGE_CURVE('',#15071,#14271,#15072,.T.);
#11963=EDGE_CURVE('',#15071,#15069,#15073,.T.);
#11964=EDGE_CURVE('',#15064,#15074,#15075,.T.);
#11965=EDGE_CURVE('',#15076,#15066,#15077,.T.);
#11966=EDGE_CURVE('',#15076,#15074,#15078,.T.);
#11967=EDGE_CURVE('',#15079,#15076,#15080,.T.);
#11968=EDGE_CURVE('',#15081,#15079,#15082,.T.);
#11969=EDGE_CURVE('',#15081,#15074,#15083,.T.);
#11970=EDGE_CURVE('',#15081,#15084,#15085,.T.);
#11971=EDGE_CURVE('',#15084,#15064,#15086,.T.);
#11972=EDGE_CURVE('',#13157,#15084,#15087,.T.);
#11973=EDGE_CURVE('',#15088,#14269,#15089,.T.);
#11974=EDGE_CURVE('',#15088,#15071,#15090,.T.);
#11975=EDGE_CURVE('',#15091,#13159,#15092,.T.);
#11976=EDGE_CURVE('',#15084,#15091,#15093,.T.);
#11977=EDGE_CURVE('',#14267,#15094,#15095,.T.);
#11978=EDGE_CURVE('',#15094,#15088,#15096,.T.);
#11979=EDGE_CURVE('',#15091,#15079,#15097,.T.);
#11980=EDGE_CURVE('',#15091,#15066,#15098,.T.);
#11981=EDGE_CURVE('',#15094,#15069,#15099,.T.);
#11982=EDGE_CURVE('',#15100,#15069,#15101,.T.);
#11983=EDGE_CURVE('',#15102,#15100,#15103,.T.);
#11984=EDGE_CURVE('',#15102,#15094,#15104,.T.);
#11985=EDGE_CURVE('',#15088,#15105,#15106,.T.);
#11986=EDGE_CURVE('',#15102,#15105,#15107,.T.);
#11987=EDGE_CURVE('',#15108,#15100,#15109,.T.);
#11988=EDGE_CURVE('',#15105,#15108,#15110,.T.);
#11989=EDGE_CURVE('',#15108,#15071,#15111,.T.);
#11990=EDGE_CURVE('',#13164,#15112,#15113,.T.);
#11991=EDGE_CURVE('',#15114,#13169,#15115,.T.);
#11992=EDGE_CURVE('',#15114,#15112,#15116,.T.);
#11993=EDGE_CURVE('',#14274,#15117,#15118,.T.);
#11994=EDGE_CURVE('',#15119,#14279,#15120,.T.);
#11995=EDGE_CURVE('',#15119,#15117,#15121,.T.);
#11996=EDGE_CURVE('',#15112,#15122,#15123,.T.);
#11997=EDGE_CURVE('',#15124,#15114,#15125,.T.);
#11998=EDGE_CURVE('',#15124,#15122,#15126,.T.);
#11999=EDGE_CURVE('',#15127,#15124,#15128,.T.);
#12000=EDGE_CURVE('',#15129,#15127,#15130,.T.);
#12001=EDGE_CURVE('',#15129,#15122,#15131,.T.);
#12002=EDGE_CURVE('',#15129,#15132,#15133,.T.);
#12003=EDGE_CURVE('',#15132,#15112,#15134,.T.);
#12004=EDGE_CURVE('',#13165,#15132,#15135,.T.);
#12005=EDGE_CURVE('',#15136,#14277,#15137,.T.);
#12006=EDGE_CURVE('',#15136,#15119,#15138,.T.);
#12007=EDGE_CURVE('',#15139,#13167,#15140,.T.);
#12008=EDGE_CURVE('',#15132,#15139,#15141,.T.);
#12009=EDGE_CURVE('',#14275,#15142,#15143,.T.);
#12010=EDGE_CURVE('',#15142,#15136,#15144,.T.);
#12011=EDGE_CURVE('',#15139,#15127,#15145,.T.);
#12012=EDGE_CURVE('',#15139,#15114,#15146,.T.);
#12013=EDGE_CURVE('',#15142,#15117,#15147,.T.);
#12014=EDGE_CURVE('',#15148,#15117,#15149,.T.);
#12015=EDGE_CURVE('',#15150,#15148,#15151,.T.);
#12016=EDGE_CURVE('',#15150,#15142,#15152,.T.);
#12017=EDGE_CURVE('',#15136,#15153,#15154,.T.);
#12018=EDGE_CURVE('',#15150,#15153,#15155,.T.);
#12019=EDGE_CURVE('',#15156,#15148,#15157,.T.);
#12020=EDGE_CURVE('',#15153,#15156,#15158,.T.);
#12021=EDGE_CURVE('',#15156,#15119,#15159,.T.);
#12022=EDGE_CURVE('',#13172,#15160,#15161,.T.);
#12023=EDGE_CURVE('',#15162,#13177,#15163,.T.);
#12024=EDGE_CURVE('',#15162,#15160,#15164,.T.);
#12025=EDGE_CURVE('',#14282,#15165,#15166,.T.);
#12026=EDGE_CURVE('',#15167,#14287,#15168,.T.);
#12027=EDGE_CURVE('',#15167,#15165,#15169,.T.);
#12028=EDGE_CURVE('',#15160,#15170,#15171,.T.);
#12029=EDGE_CURVE('',#15172,#15162,#15173,.T.);
#12030=EDGE_CURVE('',#15172,#15170,#15174,.T.);
#12031=EDGE_CURVE('',#15175,#15172,#15176,.T.);
#12032=EDGE_CURVE('',#15177,#15175,#15178,.T.);
#12033=EDGE_CURVE('',#15177,#15170,#15179,.T.);
#12034=EDGE_CURVE('',#15177,#15180,#15181,.T.);
#12035=EDGE_CURVE('',#15180,#15160,#15182,.T.);
#12036=EDGE_CURVE('',#13173,#15180,#15183,.T.);
#12037=EDGE_CURVE('',#15184,#14285,#15185,.T.);
#12038=EDGE_CURVE('',#15184,#15167,#15186,.T.);
#12039=EDGE_CURVE('',#15187,#13175,#15188,.T.);
#12040=EDGE_CURVE('',#15180,#15187,#15189,.T.);
#12041=EDGE_CURVE('',#14283,#15190,#15191,.T.);
#12042=EDGE_CURVE('',#15190,#15184,#15192,.T.);
#12043=EDGE_CURVE('',#15187,#15175,#15193,.T.);
#12044=EDGE_CURVE('',#15187,#15162,#15194,.T.);
#12045=EDGE_CURVE('',#15190,#15165,#15195,.T.);
#12046=EDGE_CURVE('',#15196,#15165,#15197,.T.);
#12047=EDGE_CURVE('',#15198,#15196,#15199,.T.);
#12048=EDGE_CURVE('',#15198,#15190,#15200,.T.);
#12049=EDGE_CURVE('',#15184,#15201,#15202,.T.);
#12050=EDGE_CURVE('',#15198,#15201,#15203,.T.);
#12051=EDGE_CURVE('',#15204,#15196,#15205,.T.);
#12052=EDGE_CURVE('',#15201,#15204,#15206,.T.);
#12053=EDGE_CURVE('',#15204,#15167,#15207,.T.);
#12054=EDGE_CURVE('',#13180,#15208,#15209,.T.);
#12055=EDGE_CURVE('',#15210,#13185,#15211,.T.);
#12056=EDGE_CURVE('',#15210,#15208,#15212,.T.);
#12057=EDGE_CURVE('',#14290,#15213,#15214,.T.);
#12058=EDGE_CURVE('',#15215,#14295,#15216,.T.);
#12059=EDGE_CURVE('',#15215,#15213,#15217,.T.);
#12060=EDGE_CURVE('',#15208,#15218,#15219,.T.);
#12061=EDGE_CURVE('',#15220,#15210,#15221,.T.);
#12062=EDGE_CURVE('',#15220,#15218,#15222,.T.);
#12063=EDGE_CURVE('',#15223,#15220,#15224,.T.);
#12064=EDGE_CURVE('',#15225,#15223,#15226,.T.);
#12065=EDGE_CURVE('',#15225,#15218,#15227,.T.);
#12066=EDGE_CURVE('',#15225,#15228,#15229,.T.);
#12067=EDGE_CURVE('',#15228,#15208,#15230,.T.);
#12068=EDGE_CURVE('',#13181,#15228,#15231,.T.);
#12069=EDGE_CURVE('',#15232,#14293,#15233,.T.);
#12070=EDGE_CURVE('',#15232,#15215,#15234,.T.);
#12071=EDGE_CURVE('',#15235,#13183,#15236,.T.);
#12072=EDGE_CURVE('',#15228,#15235,#15237,.T.);
#12073=EDGE_CURVE('',#14291,#15238,#15239,.T.);
#12074=EDGE_CURVE('',#15238,#15232,#15240,.T.);
#12075=EDGE_CURVE('',#15235,#15223,#15241,.T.);
#12076=EDGE_CURVE('',#15235,#15210,#15242,.T.);
#12077=EDGE_CURVE('',#15238,#15213,#15243,.T.);
#12078=EDGE_CURVE('',#15244,#15213,#15245,.T.);
#12079=EDGE_CURVE('',#15246,#15244,#15247,.T.);
#12080=EDGE_CURVE('',#15246,#15238,#15248,.T.);
#12081=EDGE_CURVE('',#15232,#15249,#15250,.T.);
#12082=EDGE_CURVE('',#15246,#15249,#15251,.T.);
#12083=EDGE_CURVE('',#15252,#15244,#15253,.T.);
#12084=EDGE_CURVE('',#15249,#15252,#15254,.T.);
#12085=EDGE_CURVE('',#15252,#15215,#15255,.T.);
#12086=EDGE_CURVE('',#13188,#15256,#15257,.T.);
#12087=EDGE_CURVE('',#15258,#13193,#15259,.T.);
#12088=EDGE_CURVE('',#15258,#15256,#15260,.T.);
#12089=EDGE_CURVE('',#14298,#15261,#15262,.T.);
#12090=EDGE_CURVE('',#15263,#14303,#15264,.T.);
#12091=EDGE_CURVE('',#15263,#15261,#15265,.T.);
#12092=EDGE_CURVE('',#15256,#15266,#15267,.T.);
#12093=EDGE_CURVE('',#15268,#15258,#15269,.T.);
#12094=EDGE_CURVE('',#15268,#15266,#15270,.T.);
#12095=EDGE_CURVE('',#15271,#15268,#15272,.T.);
#12096=EDGE_CURVE('',#15273,#15271,#15274,.T.);
#12097=EDGE_CURVE('',#15273,#15266,#15275,.T.);
#12098=EDGE_CURVE('',#15273,#15276,#15277,.T.);
#12099=EDGE_CURVE('',#15276,#15256,#15278,.T.);
#12100=EDGE_CURVE('',#13189,#15276,#15279,.T.);
#12101=EDGE_CURVE('',#15280,#14301,#15281,.T.);
#12102=EDGE_CURVE('',#15280,#15263,#15282,.T.);
#12103=EDGE_CURVE('',#15283,#13191,#15284,.T.);
#12104=EDGE_CURVE('',#15276,#15283,#15285,.T.);
#12105=EDGE_CURVE('',#14299,#15286,#15287,.T.);
#12106=EDGE_CURVE('',#15286,#15280,#15288,.T.);
#12107=EDGE_CURVE('',#15283,#15271,#15289,.T.);
#12108=EDGE_CURVE('',#15283,#15258,#15290,.T.);
#12109=EDGE_CURVE('',#15286,#15261,#15291,.T.);
#12110=EDGE_CURVE('',#15292,#15261,#15293,.T.);
#12111=EDGE_CURVE('',#15294,#15292,#15295,.T.);
#12112=EDGE_CURVE('',#15294,#15286,#15296,.T.);
#12113=EDGE_CURVE('',#15280,#15297,#15298,.T.);
#12114=EDGE_CURVE('',#15294,#15297,#15299,.T.);
#12115=EDGE_CURVE('',#15300,#15292,#15301,.T.);
#12116=EDGE_CURVE('',#15297,#15300,#15302,.T.);
#12117=EDGE_CURVE('',#15300,#15263,#15303,.T.);
#12118=EDGE_CURVE('',#13196,#15304,#15305,.T.);
#12119=EDGE_CURVE('',#15306,#13201,#15307,.T.);
#12120=EDGE_CURVE('',#15306,#15304,#15308,.T.);
#12121=EDGE_CURVE('',#14306,#15309,#15310,.T.);
#12122=EDGE_CURVE('',#15311,#14311,#15312,.T.);
#12123=EDGE_CURVE('',#15311,#15309,#15313,.T.);
#12124=EDGE_CURVE('',#15304,#15314,#15315,.T.);
#12125=EDGE_CURVE('',#15316,#15306,#15317,.T.);
#12126=EDGE_CURVE('',#15316,#15314,#15318,.T.);
#12127=EDGE_CURVE('',#15319,#15316,#15320,.T.);
#12128=EDGE_CURVE('',#15321,#15319,#15322,.T.);
#12129=EDGE_CURVE('',#15321,#15314,#15323,.T.);
#12130=EDGE_CURVE('',#15321,#15324,#15325,.T.);
#12131=EDGE_CURVE('',#15324,#15304,#15326,.T.);
#12132=EDGE_CURVE('',#13197,#15324,#15327,.T.);
#12133=EDGE_CURVE('',#15328,#14309,#15329,.T.);
#12134=EDGE_CURVE('',#15328,#15311,#15330,.T.);
#12135=EDGE_CURVE('',#15331,#13199,#15332,.T.);
#12136=EDGE_CURVE('',#15324,#15331,#15333,.T.);
#12137=EDGE_CURVE('',#14307,#15334,#15335,.T.);
#12138=EDGE_CURVE('',#15334,#15328,#15336,.T.);
#12139=EDGE_CURVE('',#15331,#15319,#15337,.T.);
#12140=EDGE_CURVE('',#15331,#15306,#15338,.T.);
#12141=EDGE_CURVE('',#15334,#15309,#15339,.T.);
#12142=EDGE_CURVE('',#15340,#15309,#15341,.T.);
#12143=EDGE_CURVE('',#15342,#15340,#15343,.T.);
#12144=EDGE_CURVE('',#15342,#15334,#15344,.T.);
#12145=EDGE_CURVE('',#15328,#15345,#15346,.T.);
#12146=EDGE_CURVE('',#15342,#15345,#15347,.T.);
#12147=EDGE_CURVE('',#15348,#15340,#15349,.T.);
#12148=EDGE_CURVE('',#15345,#15348,#15350,.T.);
#12149=EDGE_CURVE('',#15348,#15311,#15351,.T.);
#12150=EDGE_CURVE('',#13204,#15352,#15353,.T.);
#12151=EDGE_CURVE('',#15354,#13209,#15355,.T.);
#12152=EDGE_CURVE('',#15354,#15352,#15356,.T.);
#12153=EDGE_CURVE('',#14314,#15357,#15358,.T.);
#12154=EDGE_CURVE('',#15359,#14319,#15360,.T.);
#12155=EDGE_CURVE('',#15359,#15357,#15361,.T.);
#12156=EDGE_CURVE('',#15352,#15362,#15363,.T.);
#12157=EDGE_CURVE('',#15364,#15354,#15365,.T.);
#12158=EDGE_CURVE('',#15364,#15362,#15366,.T.);
#12159=EDGE_CURVE('',#15367,#15364,#15368,.T.);
#12160=EDGE_CURVE('',#15369,#15367,#15370,.T.);
#12161=EDGE_CURVE('',#15369,#15362,#15371,.T.);
#12162=EDGE_CURVE('',#15369,#15372,#15373,.T.);
#12163=EDGE_CURVE('',#15372,#15352,#15374,.T.);
#12164=EDGE_CURVE('',#13205,#15372,#15375,.T.);
#12165=EDGE_CURVE('',#15376,#14317,#15377,.T.);
#12166=EDGE_CURVE('',#15376,#15359,#15378,.T.);
#12167=EDGE_CURVE('',#15379,#13207,#15380,.T.);
#12168=EDGE_CURVE('',#15372,#15379,#15381,.T.);
#12169=EDGE_CURVE('',#14315,#15382,#15383,.T.);
#12170=EDGE_CURVE('',#15382,#15376,#15384,.T.);
#12171=EDGE_CURVE('',#15379,#15367,#15385,.T.);
#12172=EDGE_CURVE('',#15379,#15354,#15386,.T.);
#12173=EDGE_CURVE('',#15382,#15357,#15387,.T.);
#12174=EDGE_CURVE('',#15388,#15357,#15389,.T.);
#12175=EDGE_CURVE('',#15390,#15388,#15391,.T.);
#12176=EDGE_CURVE('',#15390,#15382,#15392,.T.);
#12177=EDGE_CURVE('',#15376,#15393,#15394,.T.);
#12178=EDGE_CURVE('',#15390,#15393,#15395,.T.);
#12179=EDGE_CURVE('',#15396,#15388,#15397,.T.);
#12180=EDGE_CURVE('',#15393,#15396,#15398,.T.);
#12181=EDGE_CURVE('',#15396,#15359,#15399,.T.);
#12182=EDGE_CURVE('',#13212,#15400,#15401,.T.);
#12183=EDGE_CURVE('',#15402,#13217,#15403,.T.);
#12184=EDGE_CURVE('',#15402,#15400,#15404,.T.);
#12185=EDGE_CURVE('',#14322,#15405,#15406,.T.);
#12186=EDGE_CURVE('',#15407,#14327,#15408,.T.);
#12187=EDGE_CURVE('',#15407,#15405,#15409,.T.);
#12188=EDGE_CURVE('',#15400,#15410,#15411,.T.);
#12189=EDGE_CURVE('',#15412,#15402,#15413,.T.);
#12190=EDGE_CURVE('',#15412,#15410,#15414,.T.);
#12191=EDGE_CURVE('',#15415,#15412,#15416,.T.);
#12192=EDGE_CURVE('',#15417,#15415,#15418,.T.);
#12193=EDGE_CURVE('',#15417,#15410,#15419,.T.);
#12194=EDGE_CURVE('',#15417,#15420,#15421,.T.);
#12195=EDGE_CURVE('',#15420,#15400,#15422,.T.);
#12196=EDGE_CURVE('',#13213,#15420,#15423,.T.);
#12197=EDGE_CURVE('',#15424,#14325,#15425,.T.);
#12198=EDGE_CURVE('',#15424,#15407,#15426,.T.);
#12199=EDGE_CURVE('',#15427,#13215,#15428,.T.);
#12200=EDGE_CURVE('',#15420,#15427,#15429,.T.);
#12201=EDGE_CURVE('',#14323,#15430,#15431,.T.);
#12202=EDGE_CURVE('',#15430,#15424,#15432,.T.);
#12203=EDGE_CURVE('',#15427,#15415,#15433,.T.);
#12204=EDGE_CURVE('',#15427,#15402,#15434,.T.);
#12205=EDGE_CURVE('',#15430,#15405,#15435,.T.);
#12206=EDGE_CURVE('',#15436,#15405,#15437,.T.);
#12207=EDGE_CURVE('',#15438,#15436,#15439,.T.);
#12208=EDGE_CURVE('',#15438,#15430,#15440,.T.);
#12209=EDGE_CURVE('',#15424,#15441,#15442,.T.);
#12210=EDGE_CURVE('',#15438,#15441,#15443,.T.);
#12211=EDGE_CURVE('',#15444,#15436,#15445,.T.);
#12212=EDGE_CURVE('',#15441,#15444,#15446,.T.);
#12213=EDGE_CURVE('',#15444,#15407,#15447,.T.);
#12214=EDGE_CURVE('',#13220,#15448,#15449,.T.);
#12215=EDGE_CURVE('',#15450,#13225,#15451,.T.);
#12216=EDGE_CURVE('',#15450,#15448,#15452,.T.);
#12217=EDGE_CURVE('',#14330,#15453,#15454,.T.);
#12218=EDGE_CURVE('',#15455,#14335,#15456,.T.);
#12219=EDGE_CURVE('',#15455,#15453,#15457,.T.);
#12220=EDGE_CURVE('',#15448,#15458,#15459,.T.);
#12221=EDGE_CURVE('',#15460,#15450,#15461,.T.);
#12222=EDGE_CURVE('',#15460,#15458,#15462,.T.);
#12223=EDGE_CURVE('',#15463,#15460,#15464,.T.);
#12224=EDGE_CURVE('',#15465,#15463,#15466,.T.);
#12225=EDGE_CURVE('',#15465,#15458,#15467,.T.);
#12226=EDGE_CURVE('',#15465,#15468,#15469,.T.);
#12227=EDGE_CURVE('',#15468,#15448,#15470,.T.);
#12228=EDGE_CURVE('',#13221,#15468,#15471,.T.);
#12229=EDGE_CURVE('',#15472,#14333,#15473,.T.);
#12230=EDGE_CURVE('',#15472,#15455,#15474,.T.);
#12231=EDGE_CURVE('',#15475,#13223,#15476,.T.);
#12232=EDGE_CURVE('',#15468,#15475,#15477,.T.);
#12233=EDGE_CURVE('',#14331,#15478,#15479,.T.);
#12234=EDGE_CURVE('',#15478,#15472,#15480,.T.);
#12235=EDGE_CURVE('',#15475,#15463,#15481,.T.);
#12236=EDGE_CURVE('',#15475,#15450,#15482,.T.);
#12237=EDGE_CURVE('',#15478,#15453,#15483,.T.);
#12238=EDGE_CURVE('',#15484,#15453,#15485,.T.);
#12239=EDGE_CURVE('',#15486,#15484,#15487,.T.);
#12240=EDGE_CURVE('',#15486,#15478,#15488,.T.);
#12241=EDGE_CURVE('',#15472,#15489,#15490,.T.);
#12242=EDGE_CURVE('',#15486,#15489,#15491,.T.);
#12243=EDGE_CURVE('',#15492,#15484,#15493,.T.);
#12244=EDGE_CURVE('',#15489,#15492,#15494,.T.);
#12245=EDGE_CURVE('',#15492,#15455,#15495,.T.);
#12246=EDGE_CURVE('',#13228,#15496,#15497,.T.);
#12247=EDGE_CURVE('',#15498,#13233,#15499,.T.);
#12248=EDGE_CURVE('',#15498,#15496,#15500,.T.);
#12249=EDGE_CURVE('',#14338,#15501,#15502,.T.);
#12250=EDGE_CURVE('',#15503,#14343,#15504,.T.);
#12251=EDGE_CURVE('',#15503,#15501,#15505,.T.);
#12252=EDGE_CURVE('',#15496,#15506,#15507,.T.);
#12253=EDGE_CURVE('',#15508,#15498,#15509,.T.);
#12254=EDGE_CURVE('',#15508,#15506,#15510,.T.);
#12255=EDGE_CURVE('',#15511,#15508,#15512,.T.);
#12256=EDGE_CURVE('',#15513,#15511,#15514,.T.);
#12257=EDGE_CURVE('',#15513,#15506,#15515,.T.);
#12258=EDGE_CURVE('',#15513,#15516,#15517,.T.);
#12259=EDGE_CURVE('',#15516,#15496,#15518,.T.);
#12260=EDGE_CURVE('',#13229,#15516,#15519,.T.);
#12261=EDGE_CURVE('',#15520,#14341,#15521,.T.);
#12262=EDGE_CURVE('',#15520,#15503,#15522,.T.);
#12263=EDGE_CURVE('',#15523,#13231,#15524,.T.);
#12264=EDGE_CURVE('',#15516,#15523,#15525,.T.);
#12265=EDGE_CURVE('',#14339,#15526,#15527,.T.);
#12266=EDGE_CURVE('',#15526,#15520,#15528,.T.);
#12267=EDGE_CURVE('',#15523,#15511,#15529,.T.);
#12268=EDGE_CURVE('',#15523,#15498,#15530,.T.);
#12269=EDGE_CURVE('',#15526,#15501,#15531,.T.);
#12270=EDGE_CURVE('',#15532,#15501,#15533,.T.);
#12271=EDGE_CURVE('',#15534,#15532,#15535,.T.);
#12272=EDGE_CURVE('',#15534,#15526,#15536,.T.);
#12273=EDGE_CURVE('',#15520,#15537,#15538,.T.);
#12274=EDGE_CURVE('',#15534,#15537,#15539,.T.);
#12275=EDGE_CURVE('',#15540,#15532,#15541,.T.);
#12276=EDGE_CURVE('',#15537,#15540,#15542,.T.);
#12277=EDGE_CURVE('',#15540,#15503,#15543,.T.);
#12278=EDGE_CURVE('',#13236,#15544,#15545,.T.);
#12279=EDGE_CURVE('',#15546,#13241,#15547,.T.);
#12280=EDGE_CURVE('',#15546,#15544,#15548,.T.);
#12281=EDGE_CURVE('',#14346,#15549,#15550,.T.);
#12282=EDGE_CURVE('',#15551,#14351,#15552,.T.);
#12283=EDGE_CURVE('',#15551,#15549,#15553,.T.);
#12284=EDGE_CURVE('',#15544,#15554,#15555,.T.);
#12285=EDGE_CURVE('',#15556,#15546,#15557,.T.);
#12286=EDGE_CURVE('',#15556,#15554,#15558,.T.);
#12287=EDGE_CURVE('',#15559,#15556,#15560,.T.);
#12288=EDGE_CURVE('',#15561,#15559,#15562,.T.);
#12289=EDGE_CURVE('',#15561,#15554,#15563,.T.);
#12290=EDGE_CURVE('',#15561,#15564,#15565,.T.);
#12291=EDGE_CURVE('',#15564,#15544,#15566,.T.);
#12292=EDGE_CURVE('',#13237,#15564,#15567,.T.);
#12293=EDGE_CURVE('',#15568,#14349,#15569,.T.);
#12294=EDGE_CURVE('',#15568,#15551,#15570,.T.);
#12295=EDGE_CURVE('',#15571,#13239,#15572,.T.);
#12296=EDGE_CURVE('',#15564,#15571,#15573,.T.);
#12297=EDGE_CURVE('',#14347,#15574,#15575,.T.);
#12298=EDGE_CURVE('',#15574,#15568,#15576,.T.);
#12299=EDGE_CURVE('',#15571,#15559,#15577,.T.);
#12300=EDGE_CURVE('',#15571,#15546,#15578,.T.);
#12301=EDGE_CURVE('',#15574,#15549,#15579,.T.);
#12302=EDGE_CURVE('',#15580,#15549,#15581,.T.);
#12303=EDGE_CURVE('',#15582,#15580,#15583,.T.);
#12304=EDGE_CURVE('',#15582,#15574,#15584,.T.);
#12305=EDGE_CURVE('',#15568,#15585,#15586,.T.);
#12306=EDGE_CURVE('',#15582,#15585,#15587,.T.);
#12307=EDGE_CURVE('',#15588,#15580,#15589,.T.);
#12308=EDGE_CURVE('',#15585,#15588,#15590,.T.);
#12309=EDGE_CURVE('',#15588,#15551,#15591,.T.);
#12310=CARTESIAN_POINT('',(16.51,-1.143,0.0));
#12311=DIRECTION('',(0.0,-1.0,0.0));
#12312=DIRECTION('',(1.0,0.0,0.0));
#12313=CARTESIAN_POINT('',(16.51,-1.143,0.0));
#12314=DIRECTION('',(0.0,-1.0,0.0));
#12315=DIRECTION('',(-1.0,0.0,0.0));
#12316=CARTESIAN_POINT('',(13.97,-1.143,0.0));
#12317=DIRECTION('',(0.0,-1.0,0.0));
#12318=DIRECTION('',(1.0,0.0,0.0));
#12319=CARTESIAN_POINT('',(13.97,-1.143,0.0));
#12320=DIRECTION('',(0.0,-1.0,0.0));
#12321=DIRECTION('',(-1.0,0.0,0.0));
#12322=CARTESIAN_POINT('',(11.43,-1.143,0.0));
#12323=DIRECTION('',(0.0,-1.0,0.0));
#12324=DIRECTION('',(1.0,0.0,0.0));
#12325=CARTESIAN_POINT('',(11.43,-1.143,0.0));
#12326=DIRECTION('',(0.0,-1.0,0.0));
#12327=DIRECTION('',(-1.0,0.0,0.0));
#12328=CARTESIAN_POINT('',(8.89,-1.143,0.0));
#12329=DIRECTION('',(0.0,-1.0,0.0));
#12330=DIRECTION('',(1.0,0.0,0.0));
#12331=CARTESIAN_POINT('',(8.89,-1.143,0.0));
#12332=DIRECTION('',(0.0,-1.0,0.0));
#12333=DIRECTION('',(-1.0,0.0,0.0));
#12334=CARTESIAN_POINT('',(6.35,-1.143,0.0));
#12335=DIRECTION('',(0.0,-1.0,0.0));
#12336=DIRECTION('',(1.0,0.0,0.0));
#12337=CARTESIAN_POINT('',(6.35,-1.143,0.0));
#12338=DIRECTION('',(0.0,-1.0,0.0));
#12339=DIRECTION('',(-1.0,0.0,0.0));
#12340=CARTESIAN_POINT('',(3.81,-1.143,0.0));
#12341=DIRECTION('',(0.0,-1.0,0.0));
#12342=DIRECTION('',(1.0,0.0,0.0));
#12343=CARTESIAN_POINT('',(3.81,-1.143,0.0));
#12344=DIRECTION('',(0.0,-1.0,0.0));
#12345=DIRECTION('',(-1.0,0.0,0.0));
#12346=CARTESIAN_POINT('',(1.27,-1.143,0.0));
#12347=DIRECTION('',(0.0,-1.0,0.0));
#12348=DIRECTION('',(1.0,0.0,0.0));
#12349=CARTESIAN_POINT('',(1.27,-1.143,0.0));
#12350=DIRECTION('',(0.0,-1.0,0.0));
#12351=DIRECTION('',(-1.0,0.0,0.0));
#12352=CARTESIAN_POINT('',(-1.27,-1.143,0.0));
#12353=DIRECTION('',(0.0,-1.0,0.0));
#12354=DIRECTION('',(1.0,0.0,0.0));
#12355=CARTESIAN_POINT('',(-1.27,-1.143,0.0));
#12356=DIRECTION('',(0.0,-1.0,0.0));
#12357=DIRECTION('',(-1.0,0.0,0.0));
#12358=CARTESIAN_POINT('',(-3.81,-1.143,0.0));
#12359=DIRECTION('',(0.0,-1.0,0.0));
#12360=DIRECTION('',(1.0,0.0,0.0));
#12361=CARTESIAN_POINT('',(-3.81,-1.143,0.0));
#12362=DIRECTION('',(0.0,-1.0,0.0));
#12363=DIRECTION('',(-1.0,0.0,0.0));
#12364=CARTESIAN_POINT('',(-6.35,-1.143,0.0));
#12365=DIRECTION('',(0.0,-1.0,0.0));
#12366=DIRECTION('',(1.0,0.0,0.0));
#12367=CARTESIAN_POINT('',(-6.35,-1.143,0.0));
#12368=DIRECTION('',(0.0,-1.0,0.0));
#12369=DIRECTION('',(-1.0,0.0,0.0));
#12370=CARTESIAN_POINT('',(-8.89,-1.143,0.0));
#12371=DIRECTION('',(0.0,-1.0,0.0));
#12372=DIRECTION('',(1.0,0.0,0.0));
#12373=CARTESIAN_POINT('',(-8.89,-1.143,0.0));
#12374=DIRECTION('',(0.0,-1.0,0.0));
#12375=DIRECTION('',(-1.0,0.0,0.0));
#12376=CARTESIAN_POINT('',(-11.43,-1.143,0.0));
#12377=DIRECTION('',(0.0,-1.0,0.0));
#12378=DIRECTION('',(1.0,0.0,0.0));
#12379=CARTESIAN_POINT('',(-11.43,-1.143,0.0));
#12380=DIRECTION('',(0.0,-1.0,0.0));
#12381=DIRECTION('',(-1.0,0.0,0.0));
#12382=CARTESIAN_POINT('',(-13.97,-1.143,0.0));
#12383=DIRECTION('',(0.0,-1.0,0.0));
#12384=DIRECTION('',(1.0,0.0,0.0));
#12385=CARTESIAN_POINT('',(-13.97,-1.143,0.0));
#12386=DIRECTION('',(0.0,-1.0,0.0));
#12387=DIRECTION('',(-1.0,0.0,0.0));
#12388=CARTESIAN_POINT('',(-16.51,-1.143,0.0));
#12389=DIRECTION('',(0.0,-1.0,0.0));
#12390=DIRECTION('',(1.0,0.0,0.0));
#12391=CARTESIAN_POINT('',(-16.51,-1.143,0.0));
#12392=DIRECTION('',(0.0,-1.0,0.0));
#12393=DIRECTION('',(-1.0,0.0,0.0));
#12394=VERTEX_POINT('',#15592);
#12395=VERTEX_POINT('',#15593);
#12396=LINE('',#15594,#15595);
#12397=VERTEX_POINT('',#15596);
#12398=CIRCLE('',#15597,0.7112);
#12399=VERTEX_POINT('',#15598);
#12400=LINE('',#15599,#15600);
#12401=CIRCLE('',#15601,0.7112);
#12402=VERTEX_POINT('',#15602);
#12403=VERTEX_POINT('',#15603);
#12404=LINE('',#15604,#15605);
#12405=VERTEX_POINT('',#15606);
#12406=CIRCLE('',#15607,0.7112);
#12407=VERTEX_POINT('',#15608);
#12408=LINE('',#15609,#15610);
#12409=CIRCLE('',#15611,0.7112);
#12410=VERTEX_POINT('',#15612);
#12411=VERTEX_POINT('',#15613);
#12412=LINE('',#15614,#15615);
#12413=VERTEX_POINT('',#15616);
#12414=CIRCLE('',#15617,0.7112);
#12415=VERTEX_POINT('',#15618);
#12416=LINE('',#15619,#15620);
#12417=CIRCLE('',#15621,0.7112);
#12418=VERTEX_POINT('',#15622);
#12419=VERTEX_POINT('',#15623);
#12420=LINE('',#15624,#15625);
#12421=VERTEX_POINT('',#15626);
#12422=CIRCLE('',#15627,0.7112);
#12423=VERTEX_POINT('',#15628);
#12424=LINE('',#15629,#15630);
#12425=CIRCLE('',#15631,0.7112);
#12426=VERTEX_POINT('',#15632);
#12427=VERTEX_POINT('',#15633);
#12428=LINE('',#15634,#15635);
#12429=VERTEX_POINT('',#15636);
#12430=CIRCLE('',#15637,0.7112);
#12431=VERTEX_POINT('',#15638);
#12432=LINE('',#15639,#15640);
#12433=CIRCLE('',#15641,0.7112);
#12434=VERTEX_POINT('',#15642);
#12435=VERTEX_POINT('',#15643);
#12436=LINE('',#15644,#15645);
#12437=VERTEX_POINT('',#15646);
#12438=CIRCLE('',#15647,0.7112);
#12439=VERTEX_POINT('',#15648);
#12440=LINE('',#15649,#15650);
#12441=CIRCLE('',#15651,0.7112);
#12442=VERTEX_POINT('',#15652);
#12443=VERTEX_POINT('',#15653);
#12444=LINE('',#15654,#15655);
#12445=VERTEX_POINT('',#15656);
#12446=CIRCLE('',#15657,0.7112);
#12447=VERTEX_POINT('',#15658);
#12448=LINE('',#15659,#15660);
#12449=CIRCLE('',#15661,0.7112);
#12450=VERTEX_POINT('',#15662);
#12451=VERTEX_POINT('',#15663);
#12452=LINE('',#15664,#15665);
#12453=VERTEX_POINT('',#15666);
#12454=CIRCLE('',#15667,0.7112);
#12455=VERTEX_POINT('',#15668);
#12456=LINE('',#15669,#15670);
#12457=CIRCLE('',#15671,0.7112);
#12458=VERTEX_POINT('',#15672);
#12459=VERTEX_POINT('',#15673);
#12460=LINE('',#15674,#15675);
#12461=VERTEX_POINT('',#15676);
#12462=CIRCLE('',#15677,0.7112);
#12463=VERTEX_POINT('',#15678);
#12464=LINE('',#15679,#15680);
#12465=CIRCLE('',#15681,0.7112);
#12466=VERTEX_POINT('',#15682);
#12467=VERTEX_POINT('',#15683);
#12468=LINE('',#15684,#15685);
#12469=VERTEX_POINT('',#15686);
#12470=CIRCLE('',#15687,0.7112);
#12471=VERTEX_POINT('',#15688);
#12472=LINE('',#15689,#15690);
#12473=CIRCLE('',#15691,0.7112);
#12474=VERTEX_POINT('',#15692);
#12475=VERTEX_POINT('',#15693);
#12476=LINE('',#15694,#15695);
#12477=VERTEX_POINT('',#15696);
#12478=CIRCLE('',#15697,0.7112);
#12479=VERTEX_POINT('',#15698);
#12480=LINE('',#15699,#15700);
#12481=CIRCLE('',#15701,0.7112);
#12482=VERTEX_POINT('',#15702);
#12483=VERTEX_POINT('',#15703);
#12484=LINE('',#15704,#15705);
#12485=VERTEX_POINT('',#15706);
#12486=CIRCLE('',#15707,0.7112);
#12487=VERTEX_POINT('',#15708);
#12488=LINE('',#15709,#15710);
#12489=CIRCLE('',#15711,0.7112);
#12490=VERTEX_POINT('',#15712);
#12491=VERTEX_POINT('',#15713);
#12492=LINE('',#15714,#15715);
#12493=VERTEX_POINT('',#15716);
#12494=CIRCLE('',#15717,0.7112);
#12495=VERTEX_POINT('',#15718);
#12496=LINE('',#15719,#15720);
#12497=CIRCLE('',#15721,0.7112);
#12498=VERTEX_POINT('',#15722);
#12499=VERTEX_POINT('',#15723);
#12500=LINE('',#15724,#15725);
#12501=VERTEX_POINT('',#15726);
#12502=CIRCLE('',#15727,0.7112);
#12503=VERTEX_POINT('',#15728);
#12504=LINE('',#15729,#15730);
#12505=CIRCLE('',#15731,0.7112);
#12506=VERTEX_POINT('',#15732);
#12507=VERTEX_POINT('',#15733);
#12508=LINE('',#15734,#15735);
#12509=VERTEX_POINT('',#15736);
#12510=CIRCLE('',#15737,0.7112);
#12511=VERTEX_POINT('',#15738);
#12512=LINE('',#15739,#15740);
#12513=CIRCLE('',#15741,0.7112);
#12514=VERTEX_POINT('',#15742);
#12515=VERTEX_POINT('',#15743);
#12516=LINE('',#15744,#15745);
#12517=VERTEX_POINT('',#15746);
#12518=CIRCLE('',#15747,0.7112);
#12519=VERTEX_POINT('',#15748);
#12520=LINE('',#15749,#15750);
#12521=CIRCLE('',#15751,0.7112);
#12522=VERTEX_POINT('',#15752);
#12523=VERTEX_POINT('',#15753);
#12524=LINE('',#15754,#15755);
#12525=VERTEX_POINT('',#15756);
#12526=CIRCLE('',#15757,0.7112);
#12527=VERTEX_POINT('',#15758);
#12528=LINE('',#15759,#15760);
#12529=CIRCLE('',#15761,0.7112);
#12530=VERTEX_POINT('',#15762);
#12531=VERTEX_POINT('',#15763);
#12532=LINE('',#15764,#15765);
#12533=VERTEX_POINT('',#15766);
#12534=CIRCLE('',#15767,0.7112);
#12535=VERTEX_POINT('',#15768);
#12536=LINE('',#15769,#15770);
#12537=CIRCLE('',#15771,0.7112);
#12538=VERTEX_POINT('',#15772);
#12539=VERTEX_POINT('',#15773);
#12540=LINE('',#15774,#15775);
#12541=VERTEX_POINT('',#15776);
#12542=CIRCLE('',#15777,0.7112);
#12543=VERTEX_POINT('',#15778);
#12544=LINE('',#15779,#15780);
#12545=CIRCLE('',#15781,0.7112);
#12546=VERTEX_POINT('',#15782);
#12547=VERTEX_POINT('',#15783);
#12548=LINE('',#15784,#15785);
#12549=VERTEX_POINT('',#15786);
#12550=CIRCLE('',#15787,0.7112);
#12551=VERTEX_POINT('',#15788);
#12552=LINE('',#15789,#15790);
#12553=CIRCLE('',#15791,0.7112);
#12554=VERTEX_POINT('',#15792);
#12555=VERTEX_POINT('',#15793);
#12556=LINE('',#15794,#15795);
#12557=VERTEX_POINT('',#15796);
#12558=CIRCLE('',#15797,0.7112);
#12559=VERTEX_POINT('',#15798);
#12560=LINE('',#15799,#15800);
#12561=CIRCLE('',#15801,0.7112);
#12562=VERTEX_POINT('',#15802);
#12563=VERTEX_POINT('',#15803);
#12564=LINE('',#15804,#15805);
#12565=VERTEX_POINT('',#15806);
#12566=CIRCLE('',#15807,0.7112);
#12567=VERTEX_POINT('',#15808);
#12568=LINE('',#15809,#15810);
#12569=CIRCLE('',#15811,0.7112);
#12570=VERTEX_POINT('',#15812);
#12571=VERTEX_POINT('',#15813);
#12572=LINE('',#15814,#15815);
#12573=VERTEX_POINT('',#15816);
#12574=CIRCLE('',#15817,0.7112);
#12575=VERTEX_POINT('',#15818);
#12576=LINE('',#15819,#15820);
#12577=CIRCLE('',#15821,0.7112);
#12578=VERTEX_POINT('',#15822);
#12579=VERTEX_POINT('',#15823);
#12580=LINE('',#15824,#15825);
#12581=VERTEX_POINT('',#15826);
#12582=CIRCLE('',#15827,0.7112);
#12583=VERTEX_POINT('',#15828);
#12584=LINE('',#15829,#15830);
#12585=CIRCLE('',#15831,0.7112);
#12586=VERTEX_POINT('',#15832);
#12587=VERTEX_POINT('',#15833);
#12588=LINE('',#15834,#15835);
#12589=VERTEX_POINT('',#15836);
#12590=CIRCLE('',#15837,0.7112);
#12591=VERTEX_POINT('',#15838);
#12592=LINE('',#15839,#15840);
#12593=CIRCLE('',#15841,0.7112);
#12594=VERTEX_POINT('',#15842);
#12595=VERTEX_POINT('',#15843);
#12596=LINE('',#15844,#15845);
#12597=VERTEX_POINT('',#15846);
#12598=CIRCLE('',#15847,0.7112);
#12599=VERTEX_POINT('',#15848);
#12600=LINE('',#15849,#15850);
#12601=CIRCLE('',#15851,0.7112);
#12602=VERTEX_POINT('',#15852);
#12603=VERTEX_POINT('',#15853);
#12604=LINE('',#15854,#15855);
#12605=VERTEX_POINT('',#15856);
#12606=CIRCLE('',#15857,0.7112);
#12607=VERTEX_POINT('',#15858);
#12608=LINE('',#15859,#15860);
#12609=CIRCLE('',#15861,0.7112);
#12610=VERTEX_POINT('',#15862);
#12611=VERTEX_POINT('',#15863);
#12612=LINE('',#15864,#15865);
#12613=VERTEX_POINT('',#15866);
#12614=CIRCLE('',#15867,0.7112);
#12615=VERTEX_POINT('',#15868);
#12616=LINE('',#15869,#15870);
#12617=CIRCLE('',#15871,0.7112);
#12618=VERTEX_POINT('',#15872);
#12619=VERTEX_POINT('',#15873);
#12620=LINE('',#15874,#15875);
#12621=VERTEX_POINT('',#15876);
#12622=LINE('',#15877,#15878);
#12623=VERTEX_POINT('',#15879);
#12624=LINE('',#15880,#15881);
#12625=VERTEX_POINT('',#15882);
#12626=LINE('',#15883,#15884);
#12627=VERTEX_POINT('',#15885);
#12628=LINE('',#15886,#15887);
#12629=LINE('',#15888,#15889);
#12630=VERTEX_POINT('',#15890);
#12631=VERTEX_POINT('',#15891);
#12632=LINE('',#15892,#15893);
#12633=VERTEX_POINT('',#15894);
#12634=LINE('',#15895,#15896);
#12635=VERTEX_POINT('',#15897);
#12636=LINE('',#15898,#15899);
#12637=VERTEX_POINT('',#15900);
#12638=LINE('',#15901,#15902);
#12639=VERTEX_POINT('',#15903);
#12640=LINE('',#15904,#15905);
#12641=LINE('',#15906,#15907);
#12642=VERTEX_POINT('',#15908);
#12643=VERTEX_POINT('',#15909);
#12644=LINE('',#15910,#15911);
#12645=VERTEX_POINT('',#15912);
#12646=LINE('',#15913,#15914);
#12647=VERTEX_POINT('',#15915);
#12648=LINE('',#15916,#15917);
#12649=VERTEX_POINT('',#15918);
#12650=LINE('',#15919,#15920);
#12651=VERTEX_POINT('',#15921);
#12652=LINE('',#15922,#15923);
#12653=VERTEX_POINT('',#15924);
#12654=LINE('',#15925,#15926);
#12655=VERTEX_POINT('',#15927);
#12656=LINE('',#15928,#15929);
#12657=VERTEX_POINT('',#15930);
#12658=LINE('',#15931,#15932);
#12659=VERTEX_POINT('',#15933);
#12660=LINE('',#15934,#15935);
#12661=VERTEX_POINT('',#15936);
#12662=LINE('',#15937,#15938);
#12663=VERTEX_POINT('',#15939);
#12664=LINE('',#15940,#15941);
#12665=VERTEX_POINT('',#15942);
#12666=LINE('',#15943,#15944);
#12667=VERTEX_POINT('',#15945);
#12668=LINE('',#15946,#15947);
#12669=VERTEX_POINT('',#15948);
#12670=LINE('',#15949,#15950);
#12671=VERTEX_POINT('',#15951);
#12672=LINE('',#15952,#15953);
#12673=VERTEX_POINT('',#15954);
#12674=LINE('',#15955,#15956);
#12675=VERTEX_POINT('',#15957);
#12676=LINE('',#15958,#15959);
#12677=VERTEX_POINT('',#15960);
#12678=LINE('',#15961,#15962);
#12679=VERTEX_POINT('',#15963);
#12680=LINE('',#15964,#15965);
#12681=VERTEX_POINT('',#15966);
#12682=LINE('',#15967,#15968);
#12683=VERTEX_POINT('',#15969);
#12684=LINE('',#15970,#15971);
#12685=VERTEX_POINT('',#15972);
#12686=LINE('',#15973,#15974);
#12687=VERTEX_POINT('',#15975);
#12688=LINE('',#15976,#15977);
#12689=VERTEX_POINT('',#15978);
#12690=LINE('',#15979,#15980);
#12691=VERTEX_POINT('',#15981);
#12692=LINE('',#15982,#15983);
#12693=VERTEX_POINT('',#15984);
#12694=LINE('',#15985,#15986);
#12695=VERTEX_POINT('',#15987);
#12696=LINE('',#15988,#15989);
#12697=VERTEX_POINT('',#15990);
#12698=LINE('',#15991,#15992);
#12699=VERTEX_POINT('',#15993);
#12700=LINE('',#15994,#15995);
#12701=VERTEX_POINT('',#15996);
#12702=LINE('',#15997,#15998);
#12703=VERTEX_POINT('',#15999);
#12704=LINE('',#16000,#16001);
#12705=VERTEX_POINT('',#16002);
#12706=LINE('',#16003,#16004);
#12707=VERTEX_POINT('',#16005);
#12708=LINE('',#16006,#16007);
#12709=VERTEX_POINT('',#16008);
#12710=LINE('',#16009,#16010);
#12711=VERTEX_POINT('',#16011);
#12712=LINE('',#16012,#16013);
#12713=VERTEX_POINT('',#16014);
#12714=LINE('',#16015,#16016);
#12715=VERTEX_POINT('',#16017);
#12716=LINE('',#16018,#16019);
#12717=VERTEX_POINT('',#16020);
#12718=LINE('',#16021,#16022);
#12719=VERTEX_POINT('',#16023);
#12720=LINE('',#16024,#16025);
#12721=VERTEX_POINT('',#16026);
#12722=LINE('',#16027,#16028);
#12723=VERTEX_POINT('',#16029);
#12724=LINE('',#16030,#16031);
#12725=VERTEX_POINT('',#16032);
#12726=LINE('',#16033,#16034);
#12727=VERTEX_POINT('',#16035);
#12728=LINE('',#16036,#16037);
#12729=VERTEX_POINT('',#16038);
#12730=LINE('',#16039,#16040);
#12731=VERTEX_POINT('',#16041);
#12732=LINE('',#16042,#16043);
#12733=VERTEX_POINT('',#16044);
#12734=LINE('',#16045,#16046);
#12735=LINE('',#16047,#16048);
#12736=VERTEX_POINT('',#16049);
#12737=LINE('',#16050,#16051);
#12738=VERTEX_POINT('',#16052);
#12739=LINE('',#16053,#16054);
#12740=CIRCLE('',#16055,0.7112);
#12741=VERTEX_POINT('',#16056);
#12742=LINE('',#16057,#16058);
#12743=LINE('',#16059,#16060);
#12744=VERTEX_POINT('',#16061);
#12745=LINE('',#16062,#16063);
#12746=VERTEX_POINT('',#16064);
#12747=LINE('',#16065,#16066);
#12748=VERTEX_POINT('',#16067);
#12749=LINE('',#16068,#16069);
#12750=VERTEX_POINT('',#16070);
#12751=LINE('',#16071,#16072);
#12752=VERTEX_POINT('',#16073);
#12753=LINE('',#16074,#16075);
#12754=VERTEX_POINT('',#16076);
#12755=LINE('',#16077,#16078);
#12756=VERTEX_POINT('',#16079);
#12757=LINE('',#16080,#16081);
#12758=VERTEX_POINT('',#16082);
#12759=LINE('',#16083,#16084);
#12760=VERTEX_POINT('',#16085);
#12761=LINE('',#16086,#16087);
#12762=VERTEX_POINT('',#16088);
#12763=LINE('',#16089,#16090);
#12764=VERTEX_POINT('',#16091);
#12765=LINE('',#16092,#16093);
#12766=VERTEX_POINT('',#16094);
#12767=LINE('',#16095,#16096);
#12768=VERTEX_POINT('',#16097);
#12769=LINE('',#16098,#16099);
#12770=VERTEX_POINT('',#16100);
#12771=LINE('',#16101,#16102);
#12772=VERTEX_POINT('',#16103);
#12773=LINE('',#16104,#16105);
#12774=VERTEX_POINT('',#16106);
#12775=LINE('',#16107,#16108);
#12776=VERTEX_POINT('',#16109);
#12777=LINE('',#16110,#16111);
#12778=VERTEX_POINT('',#16112);
#12779=LINE('',#16113,#16114);
#12780=VERTEX_POINT('',#16115);
#12781=LINE('',#16116,#16117);
#12782=VERTEX_POINT('',#16118);
#12783=LINE('',#16119,#16120);
#12784=VERTEX_POINT('',#16121);
#12785=LINE('',#16122,#16123);
#12786=VERTEX_POINT('',#16124);
#12787=LINE('',#16125,#16126);
#12788=VERTEX_POINT('',#16127);
#12789=LINE('',#16128,#16129);
#12790=VERTEX_POINT('',#16130);
#12791=LINE('',#16131,#16132);
#12792=VERTEX_POINT('',#16133);
#12793=LINE('',#16134,#16135);
#12794=VERTEX_POINT('',#16136);
#12795=LINE('',#16137,#16138);
#12796=VERTEX_POINT('',#16139);
#12797=LINE('',#16140,#16141);
#12798=VERTEX_POINT('',#16142);
#12799=LINE('',#16143,#16144);
#12800=VERTEX_POINT('',#16145);
#12801=LINE('',#16146,#16147);
#12802=VERTEX_POINT('',#16148);
#12803=LINE('',#16149,#16150);
#12804=VERTEX_POINT('',#16151);
#12805=LINE('',#16152,#16153);
#12806=VERTEX_POINT('',#16154);
#12807=LINE('',#16155,#16156);
#12808=VERTEX_POINT('',#16157);
#12809=LINE('',#16158,#16159);
#12810=VERTEX_POINT('',#16160);
#12811=LINE('',#16161,#16162);
#12812=VERTEX_POINT('',#16163);
#12813=LINE('',#16164,#16165);
#12814=VERTEX_POINT('',#16166);
#12815=LINE('',#16167,#16168);
#12816=VERTEX_POINT('',#16169);
#12817=LINE('',#16170,#16171);
#12818=VERTEX_POINT('',#16172);
#12819=LINE('',#16173,#16174);
#12820=VERTEX_POINT('',#16175);
#12821=LINE('',#16176,#16177);
#12822=VERTEX_POINT('',#16178);
#12823=LINE('',#16179,#16180);
#12824=VERTEX_POINT('',#16181);
#12825=LINE('',#16182,#16183);
#12826=VERTEX_POINT('',#16184);
#12827=LINE('',#16185,#16186);
#12828=VERTEX_POINT('',#16187);
#12829=LINE('',#16188,#16189);
#12830=VERTEX_POINT('',#16190);
#12831=LINE('',#16191,#16192);
#12832=VERTEX_POINT('',#16193);
#12833=LINE('',#16194,#16195);
#12834=VERTEX_POINT('',#16196);
#12835=LINE('',#16197,#16198);
#12836=VERTEX_POINT('',#16199);
#12837=LINE('',#16200,#16201);
#12838=VERTEX_POINT('',#16202);
#12839=LINE('',#16203,#16204);
#12840=LINE('',#16205,#16206);
#12841=VERTEX_POINT('',#16207);
#12842=CIRCLE('',#16208,0.7112);
#12843=VERTEX_POINT('',#16209);
#12844=LINE('',#16210,#16211);
#12845=LINE('',#16212,#16213);
#12846=VERTEX_POINT('',#16214);
#12847=VERTEX_POINT('',#16215);
#12848=LINE('',#16216,#16217);
#12849=VERTEX_POINT('',#16218);
#12850=LINE('',#16219,#16220);
#12851=LINE('',#16221,#16222);
#12852=VERTEX_POINT('',#16223);
#12853=CIRCLE('',#16224,0.7112);
#12854=VERTEX_POINT('',#16225);
#12855=LINE('',#16226,#16227);
#12856=LINE('',#16228,#16229);
#12857=VERTEX_POINT('',#16230);
#12858=VERTEX_POINT('',#16231);
#12859=LINE('',#16232,#16233);
#12860=VERTEX_POINT('',#16234);
#12861=LINE('',#16235,#16236);
#12862=LINE('',#16237,#16238);
#12863=VERTEX_POINT('',#16239);
#12864=CIRCLE('',#16240,0.7112);
#12865=VERTEX_POINT('',#16241);
#12866=LINE('',#16242,#16243);
#12867=LINE('',#16244,#16245);
#12868=VERTEX_POINT('',#16246);
#12869=VERTEX_POINT('',#16247);
#12870=LINE('',#16248,#16249);
#12871=VERTEX_POINT('',#16250);
#12872=LINE('',#16251,#16252);
#12873=LINE('',#16253,#16254);
#12874=VERTEX_POINT('',#16255);
#12875=CIRCLE('',#16256,0.7112);
#12876=VERTEX_POINT('',#16257);
#12877=LINE('',#16258,#16259);
#12878=LINE('',#16260,#16261);
#12879=VERTEX_POINT('',#16262);
#12880=VERTEX_POINT('',#16263);
#12881=LINE('',#16264,#16265);
#12882=VERTEX_POINT('',#16266);
#12883=LINE('',#16267,#16268);
#12884=LINE('',#16269,#16270);
#12885=VERTEX_POINT('',#16271);
#12886=CIRCLE('',#16272,0.7112);
#12887=VERTEX_POINT('',#16273);
#12888=LINE('',#16274,#16275);
#12889=LINE('',#16276,#16277);
#12890=VERTEX_POINT('',#16278);
#12891=VERTEX_POINT('',#16279);
#12892=LINE('',#16280,#16281);
#12893=VERTEX_POINT('',#16282);
#12894=LINE('',#16283,#16284);
#12895=LINE('',#16285,#16286);
#12896=VERTEX_POINT('',#16287);
#12897=CIRCLE('',#16288,0.7112);
#12898=VERTEX_POINT('',#16289);
#12899=LINE('',#16290,#16291);
#12900=LINE('',#16292,#16293);
#12901=VERTEX_POINT('',#16294);
#12902=VERTEX_POINT('',#16295);
#12903=LINE('',#16296,#16297);
#12904=VERTEX_POINT('',#16298);
#12905=LINE('',#16299,#16300);
#12906=LINE('',#16301,#16302);
#12907=VERTEX_POINT('',#16303);
#12908=CIRCLE('',#16304,0.7112);
#12909=VERTEX_POINT('',#16305);
#12910=LINE('',#16306,#16307);
#12911=LINE('',#16308,#16309);
#12912=VERTEX_POINT('',#16310);
#12913=VERTEX_POINT('',#16311);
#12914=LINE('',#16312,#16313);
#12915=VERTEX_POINT('',#16314);
#12916=LINE('',#16315,#16316);
#12917=LINE('',#16317,#16318);
#12918=VERTEX_POINT('',#16319);
#12919=CIRCLE('',#16320,0.7112);
#12920=VERTEX_POINT('',#16321);
#12921=LINE('',#16322,#16323);
#12922=LINE('',#16324,#16325);
#12923=VERTEX_POINT('',#16326);
#12924=VERTEX_POINT('',#16327);
#12925=LINE('',#16328,#16329);
#12926=VERTEX_POINT('',#16330);
#12927=LINE('',#16331,#16332);
#12928=LINE('',#16333,#16334);
#12929=VERTEX_POINT('',#16335);
#12930=CIRCLE('',#16336,0.7112);
#12931=VERTEX_POINT('',#16337);
#12932=LINE('',#16338,#16339);
#12933=LINE('',#16340,#16341);
#12934=VERTEX_POINT('',#16342);
#12935=VERTEX_POINT('',#16343);
#12936=LINE('',#16344,#16345);
#12937=VERTEX_POINT('',#16346);
#12938=LINE('',#16347,#16348);
#12939=LINE('',#16349,#16350);
#12940=VERTEX_POINT('',#16351);
#12941=CIRCLE('',#16352,0.7112);
#12942=VERTEX_POINT('',#16353);
#12943=LINE('',#16354,#16355);
#12944=LINE('',#16356,#16357);
#12945=VERTEX_POINT('',#16358);
#12946=VERTEX_POINT('',#16359);
#12947=LINE('',#16360,#16361);
#12948=VERTEX_POINT('',#16362);
#12949=LINE('',#16363,#16364);
#12950=LINE('',#16365,#16366);
#12951=VERTEX_POINT('',#16367);
#12952=CIRCLE('',#16368,0.7112);
#12953=VERTEX_POINT('',#16369);
#12954=LINE('',#16370,#16371);
#12955=LINE('',#16372,#16373);
#12956=VERTEX_POINT('',#16374);
#12957=VERTEX_POINT('',#16375);
#12958=LINE('',#16376,#16377);
#12959=VERTEX_POINT('',#16378);
#12960=LINE('',#16379,#16380);
#12961=LINE('',#16381,#16382);
#12962=VERTEX_POINT('',#16383);
#12963=CIRCLE('',#16384,0.7112);
#12964=VERTEX_POINT('',#16385);
#12965=LINE('',#16386,#16387);
#12966=LINE('',#16388,#16389);
#12967=VERTEX_POINT('',#16390);
#12968=VERTEX_POINT('',#16391);
#12969=LINE('',#16392,#16393);
#12970=VERTEX_POINT('',#16394);
#12971=LINE('',#16395,#16396);
#12972=LINE('',#16397,#16398);
#12973=VERTEX_POINT('',#16399);
#12974=CIRCLE('',#16400,0.7112);
#12975=VERTEX_POINT('',#16401);
#12976=LINE('',#16402,#16403);
#12977=LINE('',#16404,#16405);
#12978=VERTEX_POINT('',#16406);
#12979=VERTEX_POINT('',#16407);
#12980=LINE('',#16408,#16409);
#12981=VERTEX_POINT('',#16410);
#12982=LINE('',#16411,#16412);
#12983=LINE('',#16413,#16414);
#12984=VERTEX_POINT('',#16415);
#12985=CIRCLE('',#16416,0.7112);
#12986=VERTEX_POINT('',#16417);
#12987=LINE('',#16418,#16419);
#12988=LINE('',#16420,#16421);
#12989=VERTEX_POINT('',#16422);
#12990=VERTEX_POINT('',#16423);
#12991=LINE('',#16424,#16425);
#12992=VERTEX_POINT('',#16426);
#12993=LINE('',#16427,#16428);
#12994=VERTEX_POINT('',#16429);
#12995=LINE('',#16430,#16431);
#12996=CIRCLE('',#16432,0.7112);
#12997=VERTEX_POINT('',#16433);
#12998=LINE('',#16434,#16435);
#12999=LINE('',#16436,#16437);
#13000=VERTEX_POINT('',#16438);
#13001=VERTEX_POINT('',#16439);
#13002=LINE('',#16440,#16441);
#13003=VERTEX_POINT('',#16442);
#13004=LINE('',#16443,#16444);
#13005=VERTEX_POINT('',#16445);
#13006=LINE('',#16446,#16447);
#13007=CIRCLE('',#16448,0.7112);
#13008=VERTEX_POINT('',#16449);
#13009=LINE('',#16450,#16451);
#13010=LINE('',#16452,#16453);
#13011=VERTEX_POINT('',#16454);
#13012=VERTEX_POINT('',#16455);
#13013=LINE('',#16456,#16457);
#13014=VERTEX_POINT('',#16458);
#13015=LINE('',#16459,#16460);
#13016=VERTEX_POINT('',#16461);
#13017=LINE('',#16462,#16463);
#13018=CIRCLE('',#16464,0.7112);
#13019=VERTEX_POINT('',#16465);
#13020=LINE('',#16466,#16467);
#13021=LINE('',#16468,#16469);
#13022=VERTEX_POINT('',#16470);
#13023=VERTEX_POINT('',#16471);
#13024=LINE('',#16472,#16473);
#13025=VERTEX_POINT('',#16474);
#13026=LINE('',#16475,#16476);
#13027=VERTEX_POINT('',#16477);
#13028=LINE('',#16478,#16479);
#13029=CIRCLE('',#16480,0.7112);
#13030=VERTEX_POINT('',#16481);
#13031=LINE('',#16482,#16483);
#13032=LINE('',#16484,#16485);
#13033=VERTEX_POINT('',#16486);
#13034=VERTEX_POINT('',#16487);
#13035=LINE('',#16488,#16489);
#13036=VERTEX_POINT('',#16490);
#13037=LINE('',#16491,#16492);
#13038=VERTEX_POINT('',#16493);
#13039=LINE('',#16494,#16495);
#13040=CIRCLE('',#16496,0.7112);
#13041=VERTEX_POINT('',#16497);
#13042=LINE('',#16498,#16499);
#13043=LINE('',#16500,#16501);
#13044=VERTEX_POINT('',#16502);
#13045=VERTEX_POINT('',#16503);
#13046=LINE('',#16504,#16505);
#13047=VERTEX_POINT('',#16506);
#13048=LINE('',#16507,#16508);
#13049=VERTEX_POINT('',#16509);
#13050=LINE('',#16510,#16511);
#13051=CIRCLE('',#16512,0.7112);
#13052=VERTEX_POINT('',#16513);
#13053=LINE('',#16514,#16515);
#13054=LINE('',#16516,#16517);
#13055=VERTEX_POINT('',#16518);
#13056=VERTEX_POINT('',#16519);
#13057=LINE('',#16520,#16521);
#13058=VERTEX_POINT('',#16522);
#13059=LINE('',#16523,#16524);
#13060=VERTEX_POINT('',#16525);
#13061=LINE('',#16526,#16527);
#13062=CIRCLE('',#16528,0.7112);
#13063=VERTEX_POINT('',#16529);
#13064=LINE('',#16530,#16531);
#13065=LINE('',#16532,#16533);
#13066=VERTEX_POINT('',#16534);
#13067=VERTEX_POINT('',#16535);
#13068=LINE('',#16536,#16537);
#13069=VERTEX_POINT('',#16538);
#13070=LINE('',#16539,#16540);
#13071=VERTEX_POINT('',#16541);
#13072=LINE('',#16542,#16543);
#13073=CIRCLE('',#16544,0.7112);
#13074=VERTEX_POINT('',#16545);
#13075=LINE('',#16546,#16547);
#13076=LINE('',#16548,#16549);
#13077=VERTEX_POINT('',#16550);
#13078=VERTEX_POINT('',#16551);
#13079=LINE('',#16552,#16553);
#13080=VERTEX_POINT('',#16554);
#13081=LINE('',#16555,#16556);
#13082=VERTEX_POINT('',#16557);
#13083=LINE('',#16558,#16559);
#13084=CIRCLE('',#16560,0.7112);
#13085=VERTEX_POINT('',#16561);
#13086=LINE('',#16562,#16563);
#13087=LINE('',#16564,#16565);
#13088=VERTEX_POINT('',#16566);
#13089=VERTEX_POINT('',#16567);
#13090=LINE('',#16568,#16569);
#13091=VERTEX_POINT('',#16570);
#13092=LINE('',#16571,#16572);
#13093=VERTEX_POINT('',#16573);
#13094=LINE('',#16574,#16575);
#13095=CIRCLE('',#16576,0.7112);
#13096=VERTEX_POINT('',#16577);
#13097=LINE('',#16578,#16579);
#13098=LINE('',#16580,#16581);
#13099=VERTEX_POINT('',#16582);
#13100=VERTEX_POINT('',#16583);
#13101=LINE('',#16584,#16585);
#13102=VERTEX_POINT('',#16586);
#13103=LINE('',#16587,#16588);
#13104=VERTEX_POINT('',#16589);
#13105=LINE('',#16590,#16591);
#13106=CIRCLE('',#16592,0.7112);
#13107=VERTEX_POINT('',#16593);
#13108=LINE('',#16594,#16595);
#13109=LINE('',#16596,#16597);
#13110=VERTEX_POINT('',#16598);
#13111=VERTEX_POINT('',#16599);
#13112=LINE('',#16600,#16601);
#13113=VERTEX_POINT('',#16602);
#13114=LINE('',#16603,#16604);
#13115=VERTEX_POINT('',#16605);
#13116=LINE('',#16606,#16607);
#13117=CIRCLE('',#16608,0.7112);
#13118=VERTEX_POINT('',#16609);
#13119=LINE('',#16610,#16611);
#13120=LINE('',#16612,#16613);
#13121=VERTEX_POINT('',#16614);
#13122=VERTEX_POINT('',#16615);
#13123=LINE('',#16616,#16617);
#13124=VERTEX_POINT('',#16618);
#13125=LINE('',#16619,#16620);
#13126=VERTEX_POINT('',#16621);
#13127=LINE('',#16622,#16623);
#13128=CIRCLE('',#16624,0.7112);
#13129=VERTEX_POINT('',#16625);
#13130=LINE('',#16626,#16627);
#13131=LINE('',#16628,#16629);
#13132=VERTEX_POINT('',#16630);
#13133=VERTEX_POINT('',#16631);
#13134=LINE('',#16632,#16633);
#13135=VERTEX_POINT('',#16634);
#13136=LINE('',#16635,#16636);
#13137=VERTEX_POINT('',#16637);
#13138=LINE('',#16638,#16639);
#13139=LINE('',#16640,#16641);
#13140=VERTEX_POINT('',#16642);
#13141=VERTEX_POINT('',#16643);
#13142=LINE('',#16644,#16645);
#13143=VERTEX_POINT('',#16646);
#13144=LINE('',#16647,#16648);
#13145=VERTEX_POINT('',#16649);
#13146=LINE('',#16650,#16651);
#13147=LINE('',#16652,#16653);
#13148=VERTEX_POINT('',#16654);
#13149=VERTEX_POINT('',#16655);
#13150=LINE('',#16656,#16657);
#13151=VERTEX_POINT('',#16658);
#13152=LINE('',#16659,#16660);
#13153=VERTEX_POINT('',#16661);
#13154=LINE('',#16662,#16663);
#13155=LINE('',#16664,#16665);
#13156=VERTEX_POINT('',#16666);
#13157=VERTEX_POINT('',#16667);
#13158=LINE('',#16668,#16669);
#13159=VERTEX_POINT('',#16670);
#13160=LINE('',#16671,#16672);
#13161=VERTEX_POINT('',#16673);
#13162=LINE('',#16674,#16675);
#13163=LINE('',#16676,#16677);
#13164=VERTEX_POINT('',#16678);
#13165=VERTEX_POINT('',#16679);
#13166=LINE('',#16680,#16681);
#13167=VERTEX_POINT('',#16682);
#13168=LINE('',#16683,#16684);
#13169=VERTEX_POINT('',#16685);
#13170=LINE('',#16686,#16687);
#13171=LINE('',#16688,#16689);
#13172=VERTEX_POINT('',#16690);
#13173=VERTEX_POINT('',#16691);
#13174=LINE('',#16692,#16693);
#13175=VERTEX_POINT('',#16694);
#13176=LINE('',#16695,#16696);
#13177=VERTEX_POINT('',#16697);
#13178=LINE('',#16698,#16699);
#13179=LINE('',#16700,#16701);
#13180=VERTEX_POINT('',#16702);
#13181=VERTEX_POINT('',#16703);
#13182=LINE('',#16704,#16705);
#13183=VERTEX_POINT('',#16706);
#13184=LINE('',#16707,#16708);
#13185=VERTEX_POINT('',#16709);
#13186=LINE('',#16710,#16711);
#13187=LINE('',#16712,#16713);
#13188=VERTEX_POINT('',#16714);
#13189=VERTEX_POINT('',#16715);
#13190=LINE('',#16716,#16717);
#13191=VERTEX_POINT('',#16718);
#13192=LINE('',#16719,#16720);
#13193=VERTEX_POINT('',#16721);
#13194=LINE('',#16722,#16723);
#13195=LINE('',#16724,#16725);
#13196=VERTEX_POINT('',#16726);
#13197=VERTEX_POINT('',#16727);
#13198=LINE('',#16728,#16729);
#13199=VERTEX_POINT('',#16730);
#13200=LINE('',#16731,#16732);
#13201=VERTEX_POINT('',#16733);
#13202=LINE('',#16734,#16735);
#13203=LINE('',#16736,#16737);
#13204=VERTEX_POINT('',#16738);
#13205=VERTEX_POINT('',#16739);
#13206=LINE('',#16740,#16741);
#13207=VERTEX_POINT('',#16742);
#13208=LINE('',#16743,#16744);
#13209=VERTEX_POINT('',#16745);
#13210=LINE('',#16746,#16747);
#13211=LINE('',#16748,#16749);
#13212=VERTEX_POINT('',#16750);
#13213=VERTEX_POINT('',#16751);
#13214=LINE('',#16752,#16753);
#13215=VERTEX_POINT('',#16754);
#13216=LINE('',#16755,#16756);
#13217=VERTEX_POINT('',#16757);
#13218=LINE('',#16758,#16759);
#13219=LINE('',#16760,#16761);
#13220=VERTEX_POINT('',#16762);
#13221=VERTEX_POINT('',#16763);
#13222=LINE('',#16764,#16765);
#13223=VERTEX_POINT('',#16766);
#13224=LINE('',#16767,#16768);
#13225=VERTEX_POINT('',#16769);
#13226=LINE('',#16770,#16771);
#13227=LINE('',#16772,#16773);
#13228=VERTEX_POINT('',#16774);
#13229=VERTEX_POINT('',#16775);
#13230=LINE('',#16776,#16777);
#13231=VERTEX_POINT('',#16778);
#13232=LINE('',#16779,#16780);
#13233=VERTEX_POINT('',#16781);
#13234=LINE('',#16782,#16783);
#13235=LINE('',#16784,#16785);
#13236=VERTEX_POINT('',#16786);
#13237=VERTEX_POINT('',#16787);
#13238=LINE('',#16788,#16789);
#13239=VERTEX_POINT('',#16790);
#13240=LINE('',#16791,#16792);
#13241=VERTEX_POINT('',#16793);
#13242=LINE('',#16794,#16795);
#13243=LINE('',#16796,#16797);
#13244=VERTEX_POINT('',#16798);
#13245=VERTEX_POINT('',#16799);
#13246=LINE('',#16800,#16801);
#13247=LINE('',#16802,#16803);
#13248=LINE('',#16804,#16805);
#13249=VERTEX_POINT('',#16806);
#13250=LINE('',#16807,#16808);
#13251=LINE('',#16809,#16810);
#13252=VERTEX_POINT('',#16811);
#13253=VERTEX_POINT('',#16812);
#13254=LINE('',#16813,#16814);
#13255=LINE('',#16815,#16816);
#13256=LINE('',#16817,#16818);
#13257=VERTEX_POINT('',#16819);
#13258=LINE('',#16820,#16821);
#13259=VERTEX_POINT('',#16822);
#13260=LINE('',#16823,#16824);
#13261=LINE('',#16825,#16826);
#13262=VERTEX_POINT('',#16827);
#13263=VERTEX_POINT('',#16828);
#13264=LINE('',#16829,#16830);
#13265=LINE('',#16831,#16832);
#13266=LINE('',#16833,#16834);
#13267=VERTEX_POINT('',#16835);
#13268=LINE('',#16836,#16837);
#13269=VERTEX_POINT('',#16838);
#13270=LINE('',#16839,#16840);
#13271=LINE('',#16841,#16842);
#13272=VERTEX_POINT('',#16843);
#13273=VERTEX_POINT('',#16844);
#13274=LINE('',#16845,#16846);
#13275=LINE('',#16847,#16848);
#13276=LINE('',#16849,#16850);
#13277=VERTEX_POINT('',#16851);
#13278=LINE('',#16852,#16853);
#13279=VERTEX_POINT('',#16854);
#13280=LINE('',#16855,#16856);
#13281=LINE('',#16857,#16858);
#13282=VERTEX_POINT('',#16859);
#13283=VERTEX_POINT('',#16860);
#13284=LINE('',#16861,#16862);
#13285=LINE('',#16863,#16864);
#13286=LINE('',#16865,#16866);
#13287=VERTEX_POINT('',#16867);
#13288=LINE('',#16868,#16869);
#13289=VERTEX_POINT('',#16870);
#13290=LINE('',#16871,#16872);
#13291=LINE('',#16873,#16874);
#13292=VERTEX_POINT('',#16875);
#13293=VERTEX_POINT('',#16876);
#13294=LINE('',#16877,#16878);
#13295=LINE('',#16879,#16880);
#13296=LINE('',#16881,#16882);
#13297=VERTEX_POINT('',#16883);
#13298=LINE('',#16884,#16885);
#13299=VERTEX_POINT('',#16886);
#13300=LINE('',#16887,#16888);
#13301=LINE('',#16889,#16890);
#13302=VERTEX_POINT('',#16891);
#13303=VERTEX_POINT('',#16892);
#13304=LINE('',#16893,#16894);
#13305=LINE('',#16895,#16896);
#13306=LINE('',#16897,#16898);
#13307=VERTEX_POINT('',#16899);
#13308=LINE('',#16900,#16901);
#13309=VERTEX_POINT('',#16902);
#13310=LINE('',#16903,#16904);
#13311=LINE('',#16905,#16906);
#13312=VERTEX_POINT('',#16907);
#13313=VERTEX_POINT('',#16908);
#13314=LINE('',#16909,#16910);
#13315=LINE('',#16911,#16912);
#13316=LINE('',#16913,#16914);
#13317=VERTEX_POINT('',#16915);
#13318=LINE('',#16916,#16917);
#13319=VERTEX_POINT('',#16918);
#13320=LINE('',#16919,#16920);
#13321=LINE('',#16921,#16922);
#13322=VERTEX_POINT('',#16923);
#13323=VERTEX_POINT('',#16924);
#13324=LINE('',#16925,#16926);
#13325=LINE('',#16927,#16928);
#13326=LINE('',#16929,#16930);
#13327=VERTEX_POINT('',#16931);
#13328=LINE('',#16932,#16933);
#13329=VERTEX_POINT('',#16934);
#13330=LINE('',#16935,#16936);
#13331=LINE('',#16937,#16938);
#13332=VERTEX_POINT('',#16939);
#13333=VERTEX_POINT('',#16940);
#13334=LINE('',#16941,#16942);
#13335=LINE('',#16943,#16944);
#13336=LINE('',#16945,#16946);
#13337=VERTEX_POINT('',#16947);
#13338=LINE('',#16948,#16949);
#13339=VERTEX_POINT('',#16950);
#13340=LINE('',#16951,#16952);
#13341=LINE('',#16953,#16954);
#13342=VERTEX_POINT('',#16955);
#13343=VERTEX_POINT('',#16956);
#13344=LINE('',#16957,#16958);
#13345=LINE('',#16959,#16960);
#13346=LINE('',#16961,#16962);
#13347=VERTEX_POINT('',#16963);
#13348=LINE('',#16964,#16965);
#13349=VERTEX_POINT('',#16966);
#13350=LINE('',#16967,#16968);
#13351=LINE('',#16969,#16970);
#13352=VERTEX_POINT('',#16971);
#13353=VERTEX_POINT('',#16972);
#13354=LINE('',#16973,#16974);
#13355=LINE('',#16975,#16976);
#13356=LINE('',#16977,#16978);
#13357=VERTEX_POINT('',#16979);
#13358=LINE('',#16980,#16981);
#13359=VERTEX_POINT('',#16982);
#13360=LINE('',#16983,#16984);
#13361=LINE('',#16985,#16986);
#13362=VERTEX_POINT('',#16987);
#13363=VERTEX_POINT('',#16988);
#13364=LINE('',#16989,#16990);
#13365=LINE('',#16991,#16992);
#13366=LINE('',#16993,#16994);
#13367=VERTEX_POINT('',#16995);
#13368=LINE('',#16996,#16997);
#13369=VERTEX_POINT('',#16998);
#13370=LINE('',#16999,#17000);
#13371=LINE('',#17001,#17002);
#13372=VERTEX_POINT('',#17003);
#13373=VERTEX_POINT('',#17004);
#13374=LINE('',#17005,#17006);
#13375=LINE('',#17007,#17008);
#13376=LINE('',#17009,#17010);
#13377=VERTEX_POINT('',#17011);
#13378=LINE('',#17012,#17013);
#13379=VERTEX_POINT('',#17014);
#13380=LINE('',#17015,#17016);
#13381=LINE('',#17017,#17018);
#13382=VERTEX_POINT('',#17019);
#13383=LINE('',#17020,#17021);
#13384=LINE('',#17022,#17023);
#13385=VERTEX_POINT('',#17024);
#13386=LINE('',#17025,#17026);
#13387=VERTEX_POINT('',#17027);
#13388=LINE('',#17028,#17029);
#13389=LINE('',#17030,#17031);
#13390=CIRCLE('',#17032,0.7112);
#13391=VERTEX_POINT('',#17033);
#13392=VERTEX_POINT('',#17034);
#13393=LINE('',#17035,#17036);
#13394=LINE('',#17037,#17038);
#13395=CIRCLE('',#17039,0.7112);
#13396=LINE('',#17040,#17041);
#13397=VERTEX_POINT('',#17042);
#13398=LINE('',#17043,#17044);
#13399=VERTEX_POINT('',#17045);
#13400=LINE('',#17046,#17047);
#13401=VERTEX_POINT('',#17048);
#13402=LINE('',#17049,#17050);
#13403=LINE('',#17051,#17052);
#13404=CIRCLE('',#17053,0.7112);
#13405=VERTEX_POINT('',#17054);
#13406=VERTEX_POINT('',#17055);
#13407=LINE('',#17056,#17057);
#13408=LINE('',#17058,#17059);
#13409=VERTEX_POINT('',#17060);
#13410=LINE('',#17061,#17062);
#13411=CIRCLE('',#17063,0.7112);
#13412=LINE('',#17064,#17065);
#13413=VERTEX_POINT('',#17066);
#13414=LINE('',#17067,#17068);
#13415=VERTEX_POINT('',#17069);
#13416=LINE('',#17070,#17071);
#13417=VERTEX_POINT('',#17072);
#13418=LINE('',#17073,#17074);
#13419=LINE('',#17075,#17076);
#13420=CIRCLE('',#17077,0.7112);
#13421=VERTEX_POINT('',#17078);
#13422=VERTEX_POINT('',#17079);
#13423=LINE('',#17080,#17081);
#13424=LINE('',#17082,#17083);
#13425=VERTEX_POINT('',#17084);
#13426=LINE('',#17085,#17086);
#13427=CIRCLE('',#17087,0.7112);
#13428=LINE('',#17088,#17089);
#13429=VERTEX_POINT('',#17090);
#13430=LINE('',#17091,#17092);
#13431=VERTEX_POINT('',#17093);
#13432=LINE('',#17094,#17095);
#13433=VERTEX_POINT('',#17096);
#13434=LINE('',#17097,#17098);
#13435=LINE('',#17099,#17100);
#13436=CIRCLE('',#17101,0.7112);
#13437=VERTEX_POINT('',#17102);
#13438=VERTEX_POINT('',#17103);
#13439=LINE('',#17104,#17105);
#13440=LINE('',#17106,#17107);
#13441=VERTEX_POINT('',#17108);
#13442=LINE('',#17109,#17110);
#13443=CIRCLE('',#17111,0.7112);
#13444=LINE('',#17112,#17113);
#13445=VERTEX_POINT('',#17114);
#13446=LINE('',#17115,#17116);
#13447=VERTEX_POINT('',#17117);
#13448=LINE('',#17118,#17119);
#13449=VERTEX_POINT('',#17120);
#13450=LINE('',#17121,#17122);
#13451=LINE('',#17123,#17124);
#13452=CIRCLE('',#17125,0.7112);
#13453=VERTEX_POINT('',#17126);
#13454=VERTEX_POINT('',#17127);
#13455=LINE('',#17128,#17129);
#13456=LINE('',#17130,#17131);
#13457=VERTEX_POINT('',#17132);
#13458=LINE('',#17133,#17134);
#13459=CIRCLE('',#17135,0.7112);
#13460=LINE('',#17136,#17137);
#13461=VERTEX_POINT('',#17138);
#13462=LINE('',#17139,#17140);
#13463=VERTEX_POINT('',#17141);
#13464=LINE('',#17142,#17143);
#13465=VERTEX_POINT('',#17144);
#13466=LINE('',#17145,#17146);
#13467=LINE('',#17147,#17148);
#13468=CIRCLE('',#17149,0.7112);
#13469=VERTEX_POINT('',#17150);
#13470=VERTEX_POINT('',#17151);
#13471=LINE('',#17152,#17153);
#13472=LINE('',#17154,#17155);
#13473=VERTEX_POINT('',#17156);
#13474=LINE('',#17157,#17158);
#13475=CIRCLE('',#17159,0.7112);
#13476=LINE('',#17160,#17161);
#13477=VERTEX_POINT('',#17162);
#13478=LINE('',#17163,#17164);
#13479=VERTEX_POINT('',#17165);
#13480=LINE('',#17166,#17167);
#13481=VERTEX_POINT('',#17168);
#13482=LINE('',#17169,#17170);
#13483=LINE('',#17171,#17172);
#13484=CIRCLE('',#17173,0.7112);
#13485=VERTEX_POINT('',#17174);
#13486=VERTEX_POINT('',#17175);
#13487=LINE('',#17176,#17177);
#13488=LINE('',#17178,#17179);
#13489=VERTEX_POINT('',#17180);
#13490=LINE('',#17181,#17182);
#13491=CIRCLE('',#17183,0.7112);
#13492=LINE('',#17184,#17185);
#13493=VERTEX_POINT('',#17186);
#13494=LINE('',#17187,#17188);
#13495=VERTEX_POINT('',#17189);
#13496=LINE('',#17190,#17191);
#13497=VERTEX_POINT('',#17192);
#13498=LINE('',#17193,#17194);
#13499=LINE('',#17195,#17196);
#13500=CIRCLE('',#17197,0.7112);
#13501=VERTEX_POINT('',#17198);
#13502=VERTEX_POINT('',#17199);
#13503=LINE('',#17200,#17201);
#13504=LINE('',#17202,#17203);
#13505=VERTEX_POINT('',#17204);
#13506=LINE('',#17205,#17206);
#13507=CIRCLE('',#17207,0.7112);
#13508=LINE('',#17208,#17209);
#13509=VERTEX_POINT('',#17210);
#13510=LINE('',#17211,#17212);
#13511=VERTEX_POINT('',#17213);
#13512=LINE('',#17214,#17215);
#13513=VERTEX_POINT('',#17216);
#13514=LINE('',#17217,#17218);
#13515=LINE('',#17219,#17220);
#13516=CIRCLE('',#17221,0.7112);
#13517=VERTEX_POINT('',#17222);
#13518=VERTEX_POINT('',#17223);
#13519=LINE('',#17224,#17225);
#13520=LINE('',#17226,#17227);
#13521=VERTEX_POINT('',#17228);
#13522=LINE('',#17229,#17230);
#13523=CIRCLE('',#17231,0.7112);
#13524=LINE('',#17232,#17233);
#13525=VERTEX_POINT('',#17234);
#13526=LINE('',#17235,#17236);
#13527=VERTEX_POINT('',#17237);
#13528=LINE('',#17238,#17239);
#13529=VERTEX_POINT('',#17240);
#13530=LINE('',#17241,#17242);
#13531=LINE('',#17243,#17244);
#13532=CIRCLE('',#17245,0.7112);
#13533=VERTEX_POINT('',#17246);
#13534=VERTEX_POINT('',#17247);
#13535=LINE('',#17248,#17249);
#13536=LINE('',#17250,#17251);
#13537=VERTEX_POINT('',#17252);
#13538=LINE('',#17253,#17254);
#13539=CIRCLE('',#17255,0.7112);
#13540=LINE('',#17256,#17257);
#13541=VERTEX_POINT('',#17258);
#13542=LINE('',#17259,#17260);
#13543=VERTEX_POINT('',#17261);
#13544=LINE('',#17262,#17263);
#13545=VERTEX_POINT('',#17264);
#13546=LINE('',#17265,#17266);
#13547=LINE('',#17267,#17268);
#13548=CIRCLE('',#17269,0.7112);
#13549=VERTEX_POINT('',#17270);
#13550=VERTEX_POINT('',#17271);
#13551=LINE('',#17272,#17273);
#13552=LINE('',#17274,#17275);
#13553=VERTEX_POINT('',#17276);
#13554=LINE('',#17277,#17278);
#13555=CIRCLE('',#17279,0.7112);
#13556=LINE('',#17280,#17281);
#13557=VERTEX_POINT('',#17282);
#13558=LINE('',#17283,#17284);
#13559=VERTEX_POINT('',#17285);
#13560=LINE('',#17286,#17287);
#13561=VERTEX_POINT('',#17288);
#13562=LINE('',#17289,#17290);
#13563=LINE('',#17291,#17292);
#13564=CIRCLE('',#17293,0.7112);
#13565=VERTEX_POINT('',#17294);
#13566=VERTEX_POINT('',#17295);
#13567=LINE('',#17296,#17297);
#13568=LINE('',#17298,#17299);
#13569=VERTEX_POINT('',#17300);
#13570=LINE('',#17301,#17302);
#13571=CIRCLE('',#17303,0.7112);
#13572=LINE('',#17304,#17305);
#13573=VERTEX_POINT('',#17306);
#13574=LINE('',#17307,#17308);
#13575=VERTEX_POINT('',#17309);
#13576=LINE('',#17310,#17311);
#13577=VERTEX_POINT('',#17312);
#13578=LINE('',#17313,#17314);
#13579=LINE('',#17315,#17316);
#13580=CIRCLE('',#17317,0.7112);
#13581=VERTEX_POINT('',#17318);
#13582=VERTEX_POINT('',#17319);
#13583=LINE('',#17320,#17321);
#13584=LINE('',#17322,#17323);
#13585=VERTEX_POINT('',#17324);
#13586=LINE('',#17325,#17326);
#13587=CIRCLE('',#17327,0.7112);
#13588=LINE('',#17328,#17329);
#13589=VERTEX_POINT('',#17330);
#13590=LINE('',#17331,#17332);
#13591=VERTEX_POINT('',#17333);
#13592=LINE('',#17334,#17335);
#13593=VERTEX_POINT('',#17336);
#13594=LINE('',#17337,#17338);
#13595=LINE('',#17339,#17340);
#13596=CIRCLE('',#17341,0.7112);
#13597=VERTEX_POINT('',#17342);
#13598=VERTEX_POINT('',#17343);
#13599=LINE('',#17344,#17345);
#13600=LINE('',#17346,#17347);
#13601=VERTEX_POINT('',#17348);
#13602=LINE('',#17349,#17350);
#13603=CIRCLE('',#17351,0.7112);
#13604=LINE('',#17352,#17353);
#13605=LINE('',#17354,#17355);
#13606=LINE('',#17356,#17357);
#13607=LINE('',#17358,#17359);
#13608=LINE('',#17360,#17361);
#13609=LINE('',#17362,#17363);
#13610=LINE('',#17364,#17365);
#13611=LINE('',#17366,#17367);
#13612=LINE('',#17368,#17369);
#13613=LINE('',#17370,#17371);
#13614=LINE('',#17372,#17373);
#13615=LINE('',#17374,#17375);
#13616=LINE('',#17376,#17377);
#13617=LINE('',#17378,#17379);
#13618=LINE('',#17380,#17381);
#13619=LINE('',#17382,#17383);
#13620=LINE('',#17384,#17385);
#13621=LINE('',#17386,#17387);
#13622=LINE('',#17388,#17389);
#13623=LINE('',#17390,#17391);
#13624=LINE('',#17392,#17393);
#13625=LINE('',#17394,#17395);
#13626=LINE('',#17396,#17397);
#13627=LINE('',#17398,#17399);
#13628=LINE('',#17400,#17401);
#13629=LINE('',#17402,#17403);
#13630=LINE('',#17404,#17405);
#13631=LINE('',#17406,#17407);
#13632=LINE('',#17408,#17409);
#13633=LINE('',#17410,#17411);
#13634=LINE('',#17412,#17413);
#13635=LINE('',#17414,#17415);
#13636=LINE('',#17416,#17417);
#13637=LINE('',#17418,#17419);
#13638=LINE('',#17420,#17421);
#13639=LINE('',#17422,#17423);
#13640=LINE('',#17424,#17425);
#13641=LINE('',#17426,#17427);
#13642=LINE('',#17428,#17429);
#13643=LINE('',#17430,#17431);
#13644=LINE('',#17432,#17433);
#13645=LINE('',#17434,#17435);
#13646=LINE('',#17436,#17437);
#13647=LINE('',#17438,#17439);
#13648=LINE('',#17440,#17441);
#13649=LINE('',#17442,#17443);
#13650=LINE('',#17444,#17445);
#13651=LINE('',#17446,#17447);
#13652=LINE('',#17448,#17449);
#13653=LINE('',#17450,#17451);
#13654=LINE('',#17452,#17453);
#13655=LINE('',#17454,#17455);
#13656=LINE('',#17456,#17457);
#13657=LINE('',#17458,#17459);
#13658=LINE('',#17460,#17461);
#13659=LINE('',#17462,#17463);
#13660=LINE('',#17464,#17465);
#13661=LINE('',#17466,#17467);
#13662=LINE('',#17468,#17469);
#13663=LINE('',#17470,#17471);
#13664=LINE('',#17472,#17473);
#13665=LINE('',#17474,#17475);
#13666=LINE('',#17476,#17477);
#13667=LINE('',#17478,#17479);
#13668=LINE('',#17480,#17481);
#13669=LINE('',#17482,#17483);
#13670=LINE('',#17484,#17485);
#13671=LINE('',#17486,#17487);
#13672=LINE('',#17488,#17489);
#13673=LINE('',#17490,#17491);
#13674=LINE('',#17492,#17493);
#13675=LINE('',#17494,#17495);
#13676=LINE('',#17496,#17497);
#13677=LINE('',#17498,#17499);
#13678=LINE('',#17500,#17501);
#13679=LINE('',#17502,#17503);
#13680=LINE('',#17504,#17505);
#13681=LINE('',#17506,#17507);
#13682=LINE('',#17508,#17509);
#13683=LINE('',#17510,#17511);
#13684=LINE('',#17512,#17513);
#13685=LINE('',#17514,#17515);
#13686=LINE('',#17516,#17517);
#13687=VERTEX_POINT('',#17518);
#13688=LINE('',#17519,#17520);
#13689=VERTEX_POINT('',#17521);
#13690=LINE('',#17522,#17523);
#13691=VERTEX_POINT('',#17524);
#13692=LINE('',#17525,#17526);
#13693=VERTEX_POINT('',#17527);
#13694=LINE('',#17528,#17529);
#13695=VERTEX_POINT('',#17530);
#13696=LINE('',#17531,#17532);
#13697=VERTEX_POINT('',#17533);
#13698=LINE('',#17534,#17535);
#13699=LINE('',#17536,#17537);
#13700=VERTEX_POINT('',#17538);
#13701=LINE('',#17539,#17540);
#13702=LINE('',#17541,#17542);
#13703=VERTEX_POINT('',#17543);
#13704=LINE('',#17544,#17545);
#13705=LINE('',#17546,#17547);
#13706=VERTEX_POINT('',#17548);
#13707=LINE('',#17549,#17550);
#13708=LINE('',#17551,#17552);
#13709=VERTEX_POINT('',#17553);
#13710=LINE('',#17554,#17555);
#13711=VERTEX_POINT('',#17556);
#13712=LINE('',#17557,#17558);
#13713=LINE('',#17559,#17560);
#13714=VERTEX_POINT('',#17561);
#13715=VERTEX_POINT('',#17562);
#13716=LINE('',#17563,#17564);
#13717=LINE('',#17565,#17566);
#13718=LINE('',#17567,#17568);
#13719=VERTEX_POINT('',#17569);
#13720=VERTEX_POINT('',#17570);
#13721=LINE('',#17571,#17572);
#13722=LINE('',#17573,#17574);
#13723=LINE('',#17575,#17576);
#13724=VERTEX_POINT('',#17577);
#13725=VERTEX_POINT('',#17578);
#13726=LINE('',#17579,#17580);
#13727=LINE('',#17581,#17582);
#13728=LINE('',#17583,#17584);
#13729=VERTEX_POINT('',#17585);
#13730=VERTEX_POINT('',#17586);
#13731=LINE('',#17587,#17588);
#13732=LINE('',#17589,#17590);
#13733=LINE('',#17591,#17592);
#13734=VERTEX_POINT('',#17593);
#13735=VERTEX_POINT('',#17594);
#13736=LINE('',#17595,#17596);
#13737=LINE('',#17597,#17598);
#13738=LINE('',#17599,#17600);
#13739=VERTEX_POINT('',#17601);
#13740=VERTEX_POINT('',#17602);
#13741=LINE('',#17603,#17604);
#13742=LINE('',#17605,#17606);
#13743=LINE('',#17607,#17608);
#13744=VERTEX_POINT('',#17609);
#13745=VERTEX_POINT('',#17610);
#13746=LINE('',#17611,#17612);
#13747=LINE('',#17613,#17614);
#13748=LINE('',#17615,#17616);
#13749=VERTEX_POINT('',#17617);
#13750=VERTEX_POINT('',#17618);
#13751=LINE('',#17619,#17620);
#13752=LINE('',#17621,#17622);
#13753=LINE('',#17623,#17624);
#13754=VERTEX_POINT('',#17625);
#13755=VERTEX_POINT('',#17626);
#13756=LINE('',#17627,#17628);
#13757=LINE('',#17629,#17630);
#13758=LINE('',#17631,#17632);
#13759=VERTEX_POINT('',#17633);
#13760=VERTEX_POINT('',#17634);
#13761=LINE('',#17635,#17636);
#13762=LINE('',#17637,#17638);
#13763=LINE('',#17639,#17640);
#13764=VERTEX_POINT('',#17641);
#13765=VERTEX_POINT('',#17642);
#13766=LINE('',#17643,#17644);
#13767=LINE('',#17645,#17646);
#13768=LINE('',#17647,#17648);
#13769=VERTEX_POINT('',#17649);
#13770=VERTEX_POINT('',#17650);
#13771=LINE('',#17651,#17652);
#13772=LINE('',#17653,#17654);
#13773=LINE('',#17655,#17656);
#13774=VERTEX_POINT('',#17657);
#13775=LINE('',#17658,#17659);
#13776=LINE('',#17660,#17661);
#13777=VERTEX_POINT('',#17662);
#13778=LINE('',#17663,#17664);
#13779=VERTEX_POINT('',#17665);
#13780=LINE('',#17666,#17667);
#13781=VERTEX_POINT('',#17668);
#13782=LINE('',#17669,#17670);
#13783=VERTEX_POINT('',#17671);
#13784=LINE('',#17672,#17673);
#13785=VERTEX_POINT('',#17674);
#13786=LINE('',#17675,#17676);
#13787=VERTEX_POINT('',#17677);
#13788=LINE('',#17678,#17679);
#13789=VERTEX_POINT('',#17680);
#13790=LINE('',#17681,#17682);
#13791=VERTEX_POINT('',#17683);
#13792=LINE('',#17684,#17685);
#13793=VERTEX_POINT('',#17686);
#13794=LINE('',#17687,#17688);
#13795=VERTEX_POINT('',#17689);
#13796=LINE('',#17690,#17691);
#13797=VERTEX_POINT('',#17692);
#13798=LINE('',#17693,#17694);
#13799=VERTEX_POINT('',#17695);
#13800=LINE('',#17696,#17697);
#13801=VERTEX_POINT('',#17698);
#13802=LINE('',#17699,#17700);
#13803=VERTEX_POINT('',#17701);
#13804=LINE('',#17702,#17703);
#13805=VERTEX_POINT('',#17704);
#13806=LINE('',#17705,#17706);
#13807=VERTEX_POINT('',#17707);
#13808=LINE('',#17708,#17709);
#13809=VERTEX_POINT('',#17710);
#13810=LINE('',#17711,#17712);
#13811=VERTEX_POINT('',#17713);
#13812=LINE('',#17714,#17715);
#13813=VERTEX_POINT('',#17716);
#13814=LINE('',#17717,#17718);
#13815=VERTEX_POINT('',#17719);
#13816=LINE('',#17720,#17721);
#13817=VERTEX_POINT('',#17722);
#13818=LINE('',#17723,#17724);
#13819=VERTEX_POINT('',#17725);
#13820=LINE('',#17726,#17727);
#13821=VERTEX_POINT('',#17728);
#13822=LINE('',#17729,#17730);
#13823=VERTEX_POINT('',#17731);
#13824=LINE('',#17732,#17733);
#13825=VERTEX_POINT('',#17734);
#13826=LINE('',#17735,#17736);
#13827=VERTEX_POINT('',#17737);
#13828=LINE('',#17738,#17739);
#13829=VERTEX_POINT('',#17740);
#13830=LINE('',#17741,#17742);
#13831=VERTEX_POINT('',#17743);
#13832=LINE('',#17744,#17745);
#13833=VERTEX_POINT('',#17746);
#13834=LINE('',#17747,#17748);
#13835=VERTEX_POINT('',#17749);
#13836=LINE('',#17750,#17751);
#13837=VERTEX_POINT('',#17752);
#13838=LINE('',#17753,#17754);
#13839=VERTEX_POINT('',#17755);
#13840=LINE('',#17756,#17757);
#13841=VERTEX_POINT('',#17758);
#13842=LINE('',#17759,#17760);
#13843=VERTEX_POINT('',#17761);
#13844=LINE('',#17762,#17763);
#13845=VERTEX_POINT('',#17764);
#13846=LINE('',#17765,#17766);
#13847=VERTEX_POINT('',#17767);
#13848=LINE('',#17768,#17769);
#13849=VERTEX_POINT('',#17770);
#13850=LINE('',#17771,#17772);
#13851=VERTEX_POINT('',#17773);
#13852=LINE('',#17774,#17775);
#13853=VERTEX_POINT('',#17776);
#13854=LINE('',#17777,#17778);
#13855=VERTEX_POINT('',#17779);
#13856=LINE('',#17780,#17781);
#13857=VERTEX_POINT('',#17782);
#13858=LINE('',#17783,#17784);
#13859=VERTEX_POINT('',#17785);
#13860=LINE('',#17786,#17787);
#13861=VERTEX_POINT('',#17788);
#13862=LINE('',#17789,#17790);
#13863=VERTEX_POINT('',#17791);
#13864=LINE('',#17792,#17793);
#13865=VERTEX_POINT('',#17794);
#13866=LINE('',#17795,#17796);
#13867=LINE('',#17797,#17798);
#13868=VERTEX_POINT('',#17799);
#13869=LINE('',#17800,#17801);
#13870=VERTEX_POINT('',#17802);
#13871=LINE('',#17803,#17804);
#13872=VERTEX_POINT('',#17805);
#13873=CIRCLE('',#17806,0.7112);
#13874=VERTEX_POINT('',#17807);
#13875=LINE('',#17808,#17809);
#13876=LINE('',#17810,#17811);
#13877=VERTEX_POINT('',#17812);
#13878=LINE('',#17813,#17814);
#13879=VERTEX_POINT('',#17815);
#13880=LINE('',#17816,#17817);
#13881=LINE('',#17818,#17819);
#13882=VERTEX_POINT('',#17820);
#13883=LINE('',#17821,#17822);
#13884=LINE('',#17823,#17824);
#13885=VERTEX_POINT('',#17825);
#13886=LINE('',#17826,#17827);
#13887=LINE('',#17828,#17829);
#13888=VERTEX_POINT('',#17830);
#13889=LINE('',#17831,#17832);
#13890=LINE('',#17833,#17834);
#13891=VERTEX_POINT('',#17835);
#13892=LINE('',#17836,#17837);
#13893=LINE('',#17838,#17839);
#13894=VERTEX_POINT('',#17840);
#13895=LINE('',#17841,#17842);
#13896=LINE('',#17843,#17844);
#13897=VERTEX_POINT('',#17845);
#13898=LINE('',#17846,#17847);
#13899=LINE('',#17848,#17849);
#13900=VERTEX_POINT('',#17850);
#13901=LINE('',#17851,#17852);
#13902=LINE('',#17853,#17854);
#13903=VERTEX_POINT('',#17855);
#13904=LINE('',#17856,#17857);
#13905=LINE('',#17858,#17859);
#13906=VERTEX_POINT('',#17860);
#13907=LINE('',#17861,#17862);
#13908=LINE('',#17863,#17864);
#13909=VERTEX_POINT('',#17865);
#13910=LINE('',#17866,#17867);
#13911=LINE('',#17868,#17869);
#13912=VERTEX_POINT('',#17870);
#13913=LINE('',#17871,#17872);
#13914=LINE('',#17873,#17874);
#13915=VERTEX_POINT('',#17875);
#13916=LINE('',#17876,#17877);
#13917=LINE('',#17878,#17879);
#13918=VERTEX_POINT('',#17880);
#13919=LINE('',#17881,#17882);
#13920=LINE('',#17883,#17884);
#13921=VERTEX_POINT('',#17885);
#13922=LINE('',#17886,#17887);
#13923=VERTEX_POINT('',#17888);
#13924=LINE('',#17889,#17890);
#13925=VERTEX_POINT('',#17891);
#13926=CIRCLE('',#17892,0.7112);
#13927=VERTEX_POINT('',#17893);
#13928=LINE('',#17894,#17895);
#13929=LINE('',#17896,#17897);
#13930=VERTEX_POINT('',#17898);
#13931=VERTEX_POINT('',#17899);
#13932=LINE('',#17900,#17901);
#13933=VERTEX_POINT('',#17902);
#13934=LINE('',#17903,#17904);
#13935=VERTEX_POINT('',#17905);
#13936=LINE('',#17906,#17907);
#13937=VERTEX_POINT('',#17908);
#13938=CIRCLE('',#17909,0.7112);
#13939=VERTEX_POINT('',#17910);
#13940=LINE('',#17911,#17912);
#13941=LINE('',#17913,#17914);
#13942=VERTEX_POINT('',#17915);
#13943=VERTEX_POINT('',#17916);
#13944=LINE('',#17917,#17918);
#13945=VERTEX_POINT('',#17919);
#13946=LINE('',#17920,#17921);
#13947=VERTEX_POINT('',#17922);
#13948=LINE('',#17923,#17924);
#13949=VERTEX_POINT('',#17925);
#13950=CIRCLE('',#17926,0.7112);
#13951=VERTEX_POINT('',#17927);
#13952=LINE('',#17928,#17929);
#13953=LINE('',#17930,#17931);
#13954=VERTEX_POINT('',#17932);
#13955=VERTEX_POINT('',#17933);
#13956=LINE('',#17934,#17935);
#13957=VERTEX_POINT('',#17936);
#13958=LINE('',#17937,#17938);
#13959=VERTEX_POINT('',#17939);
#13960=LINE('',#17940,#17941);
#13961=VERTEX_POINT('',#17942);
#13962=CIRCLE('',#17943,0.7112);
#13963=VERTEX_POINT('',#17944);
#13964=LINE('',#17945,#17946);
#13965=LINE('',#17947,#17948);
#13966=VERTEX_POINT('',#17949);
#13967=VERTEX_POINT('',#17950);
#13968=LINE('',#17951,#17952);
#13969=VERTEX_POINT('',#17953);
#13970=LINE('',#17954,#17955);
#13971=VERTEX_POINT('',#17956);
#13972=LINE('',#17957,#17958);
#13973=VERTEX_POINT('',#17959);
#13974=CIRCLE('',#17960,0.7112);
#13975=VERTEX_POINT('',#17961);
#13976=LINE('',#17962,#17963);
#13977=LINE('',#17964,#17965);
#13978=VERTEX_POINT('',#17966);
#13979=VERTEX_POINT('',#17967);
#13980=LINE('',#17968,#17969);
#13981=VERTEX_POINT('',#17970);
#13982=LINE('',#17971,#17972);
#13983=VERTEX_POINT('',#17973);
#13984=LINE('',#17974,#17975);
#13985=VERTEX_POINT('',#17976);
#13986=CIRCLE('',#17977,0.7112);
#13987=VERTEX_POINT('',#17978);
#13988=LINE('',#17979,#17980);
#13989=LINE('',#17981,#17982);
#13990=VERTEX_POINT('',#17983);
#13991=VERTEX_POINT('',#17984);
#13992=LINE('',#17985,#17986);
#13993=VERTEX_POINT('',#17987);
#13994=LINE('',#17988,#17989);
#13995=VERTEX_POINT('',#17990);
#13996=LINE('',#17991,#17992);
#13997=VERTEX_POINT('',#17993);
#13998=CIRCLE('',#17994,0.7112);
#13999=VERTEX_POINT('',#17995);
#14000=LINE('',#17996,#17997);
#14001=LINE('',#17998,#17999);
#14002=VERTEX_POINT('',#18000);
#14003=VERTEX_POINT('',#18001);
#14004=LINE('',#18002,#18003);
#14005=VERTEX_POINT('',#18004);
#14006=LINE('',#18005,#18006);
#14007=VERTEX_POINT('',#18007);
#14008=LINE('',#18008,#18009);
#14009=VERTEX_POINT('',#18010);
#14010=CIRCLE('',#18011,0.7112);
#14011=VERTEX_POINT('',#18012);
#14012=LINE('',#18013,#18014);
#14013=LINE('',#18015,#18016);
#14014=VERTEX_POINT('',#18017);
#14015=VERTEX_POINT('',#18018);
#14016=LINE('',#18019,#18020);
#14017=VERTEX_POINT('',#18021);
#14018=LINE('',#18022,#18023);
#14019=VERTEX_POINT('',#18024);
#14020=LINE('',#18025,#18026);
#14021=VERTEX_POINT('',#18027);
#14022=CIRCLE('',#18028,0.7112);
#14023=VERTEX_POINT('',#18029);
#14024=LINE('',#18030,#18031);
#14025=LINE('',#18032,#18033);
#14026=VERTEX_POINT('',#18034);
#14027=VERTEX_POINT('',#18035);
#14028=LINE('',#18036,#18037);
#14029=VERTEX_POINT('',#18038);
#14030=LINE('',#18039,#18040);
#14031=VERTEX_POINT('',#18041);
#14032=LINE('',#18042,#18043);
#14033=VERTEX_POINT('',#18044);
#14034=CIRCLE('',#18045,0.7112);
#14035=VERTEX_POINT('',#18046);
#14036=LINE('',#18047,#18048);
#14037=LINE('',#18049,#18050);
#14038=VERTEX_POINT('',#18051);
#14039=VERTEX_POINT('',#18052);
#14040=LINE('',#18053,#18054);
#14041=VERTEX_POINT('',#18055);
#14042=LINE('',#18056,#18057);
#14043=VERTEX_POINT('',#18058);
#14044=LINE('',#18059,#18060);
#14045=VERTEX_POINT('',#18061);
#14046=CIRCLE('',#18062,0.7112);
#14047=VERTEX_POINT('',#18063);
#14048=LINE('',#18064,#18065);
#14049=LINE('',#18066,#18067);
#14050=VERTEX_POINT('',#18068);
#14051=VERTEX_POINT('',#18069);
#14052=LINE('',#18070,#18071);
#14053=VERTEX_POINT('',#18072);
#14054=LINE('',#18073,#18074);
#14055=VERTEX_POINT('',#18075);
#14056=LINE('',#18076,#18077);
#14057=VERTEX_POINT('',#18078);
#14058=CIRCLE('',#18079,0.7112);
#14059=VERTEX_POINT('',#18080);
#14060=LINE('',#18081,#18082);
#14061=LINE('',#18083,#18084);
#14062=VERTEX_POINT('',#18085);
#14063=VERTEX_POINT('',#18086);
#14064=LINE('',#18087,#18088);
#14065=VERTEX_POINT('',#18089);
#14066=LINE('',#18090,#18091);
#14067=VERTEX_POINT('',#18092);
#14068=LINE('',#18093,#18094);
#14069=VERTEX_POINT('',#18095);
#14070=CIRCLE('',#18096,0.7112);
#14071=VERTEX_POINT('',#18097);
#14072=LINE('',#18098,#18099);
#14073=LINE('',#18100,#18101);
#14074=VERTEX_POINT('',#18102);
#14075=VERTEX_POINT('',#18103);
#14076=LINE('',#18104,#18105);
#14077=VERTEX_POINT('',#18106);
#14078=LINE('',#18107,#18108);
#14079=VERTEX_POINT('',#18109);
#14080=LINE('',#18110,#18111);
#14081=VERTEX_POINT('',#18112);
#14082=CIRCLE('',#18113,0.7112);
#14083=VERTEX_POINT('',#18114);
#14084=LINE('',#18115,#18116);
#14085=LINE('',#18117,#18118);
#14086=VERTEX_POINT('',#18119);
#14087=VERTEX_POINT('',#18120);
#14088=LINE('',#18121,#18122);
#14089=VERTEX_POINT('',#18123);
#14090=LINE('',#18124,#18125);
#14091=VERTEX_POINT('',#18126);
#14092=LINE('',#18127,#18128);
#14093=VERTEX_POINT('',#18129);
#14094=CIRCLE('',#18130,0.7112);
#14095=VERTEX_POINT('',#18131);
#14096=LINE('',#18132,#18133);
#14097=LINE('',#18134,#18135);
#14098=VERTEX_POINT('',#18136);
#14099=VERTEX_POINT('',#18137);
#14100=LINE('',#18138,#18139);
#14101=VERTEX_POINT('',#18140);
#14102=LINE('',#18141,#18142);
#14103=VERTEX_POINT('',#18143);
#14104=LINE('',#18144,#18145);
#14105=VERTEX_POINT('',#18146);
#14106=CIRCLE('',#18147,0.7112);
#14107=VERTEX_POINT('',#18148);
#14108=LINE('',#18149,#18150);
#14109=LINE('',#18151,#18152);
#14110=VERTEX_POINT('',#18153);
#14111=VERTEX_POINT('',#18154);
#14112=LINE('',#18155,#18156);
#14113=VERTEX_POINT('',#18157);
#14114=LINE('',#18158,#18159);
#14115=VERTEX_POINT('',#18160);
#14116=LINE('',#18161,#18162);
#14117=VERTEX_POINT('',#18163);
#14118=CIRCLE('',#18164,0.7112);
#14119=VERTEX_POINT('',#18165);
#14120=LINE('',#18166,#18167);
#14121=LINE('',#18168,#18169);
#14122=VERTEX_POINT('',#18170);
#14123=VERTEX_POINT('',#18171);
#14124=LINE('',#18172,#18173);
#14125=VERTEX_POINT('',#18174);
#14126=LINE('',#18175,#18176);
#14127=VERTEX_POINT('',#18177);
#14128=LINE('',#18178,#18179);
#14129=VERTEX_POINT('',#18180);
#14130=CIRCLE('',#18181,0.7112);
#14131=VERTEX_POINT('',#18182);
#14132=LINE('',#18183,#18184);
#14133=LINE('',#18185,#18186);
#14134=VERTEX_POINT('',#18187);
#14135=VERTEX_POINT('',#18188);
#14136=LINE('',#18189,#18190);
#14137=VERTEX_POINT('',#18191);
#14138=LINE('',#18192,#18193);
#14139=VERTEX_POINT('',#18194);
#14140=LINE('',#18195,#18196);
#14141=VERTEX_POINT('',#18197);
#14142=CIRCLE('',#18198,0.7112);
#14143=VERTEX_POINT('',#18199);
#14144=LINE('',#18200,#18201);
#14145=LINE('',#18202,#18203);
#14146=VERTEX_POINT('',#18204);
#14147=VERTEX_POINT('',#18205);
#14148=LINE('',#18206,#18207);
#14149=VERTEX_POINT('',#18208);
#14150=LINE('',#18209,#18210);
#14151=VERTEX_POINT('',#18211);
#14152=LINE('',#18212,#18213);
#14153=VERTEX_POINT('',#18214);
#14154=CIRCLE('',#18215,0.7112);
#14155=VERTEX_POINT('',#18216);
#14156=LINE('',#18217,#18218);
#14157=LINE('',#18219,#18220);
#14158=VERTEX_POINT('',#18221);
#14159=VERTEX_POINT('',#18222);
#14160=LINE('',#18223,#18224);
#14161=VERTEX_POINT('',#18225);
#14162=LINE('',#18226,#18227);
#14163=VERTEX_POINT('',#18228);
#14164=LINE('',#18229,#18230);
#14165=VERTEX_POINT('',#18231);
#14166=CIRCLE('',#18232,0.7112);
#14167=VERTEX_POINT('',#18233);
#14168=LINE('',#18234,#18235);
#14169=LINE('',#18236,#18237);
#14170=VERTEX_POINT('',#18238);
#14171=VERTEX_POINT('',#18239);
#14172=LINE('',#18240,#18241);
#14173=VERTEX_POINT('',#18242);
#14174=LINE('',#18243,#18244);
#14175=VERTEX_POINT('',#18245);
#14176=LINE('',#18246,#18247);
#14177=VERTEX_POINT('',#18248);
#14178=CIRCLE('',#18249,0.7112);
#14179=VERTEX_POINT('',#18250);
#14180=LINE('',#18251,#18252);
#14181=LINE('',#18253,#18254);
#14182=VERTEX_POINT('',#18255);
#14183=VERTEX_POINT('',#18256);
#14184=LINE('',#18257,#18258);
#14185=VERTEX_POINT('',#18259);
#14186=LINE('',#18260,#18261);
#14187=VERTEX_POINT('',#18262);
#14188=LINE('',#18263,#18264);
#14189=VERTEX_POINT('',#18265);
#14190=CIRCLE('',#18266,0.7112);
#14191=VERTEX_POINT('',#18267);
#14192=LINE('',#18268,#18269);
#14193=LINE('',#18270,#18271);
#14194=VERTEX_POINT('',#18272);
#14195=VERTEX_POINT('',#18273);
#14196=LINE('',#18274,#18275);
#14197=VERTEX_POINT('',#18276);
#14198=LINE('',#18277,#18278);
#14199=VERTEX_POINT('',#18279);
#14200=LINE('',#18280,#18281);
#14201=VERTEX_POINT('',#18282);
#14202=CIRCLE('',#18283,0.7112);
#14203=VERTEX_POINT('',#18284);
#14204=LINE('',#18285,#18286);
#14205=LINE('',#18287,#18288);
#14206=VERTEX_POINT('',#18289);
#14207=VERTEX_POINT('',#18290);
#14208=LINE('',#18291,#18292);
#14209=VERTEX_POINT('',#18293);
#14210=LINE('',#18294,#18295);
#14211=VERTEX_POINT('',#18296);
#14212=LINE('',#18297,#18298);
#14213=VERTEX_POINT('',#18299);
#14214=CIRCLE('',#18300,0.7112);
#14215=VERTEX_POINT('',#18301);
#14216=LINE('',#18302,#18303);
#14217=LINE('',#18304,#18305);
#14218=VERTEX_POINT('',#18306);
#14219=VERTEX_POINT('',#18307);
#14220=LINE('',#18308,#18309);
#14221=VERTEX_POINT('',#18310);
#14222=LINE('',#18311,#18312);
#14223=VERTEX_POINT('',#18313);
#14224=LINE('',#18314,#18315);
#14225=VERTEX_POINT('',#18316);
#14226=CIRCLE('',#18317,0.7112);
#14227=VERTEX_POINT('',#18318);
#14228=LINE('',#18319,#18320);
#14229=LINE('',#18321,#18322);
#14230=VERTEX_POINT('',#18323);
#14231=VERTEX_POINT('',#18324);
#14232=LINE('',#18325,#18326);
#14233=VERTEX_POINT('',#18327);
#14234=LINE('',#18328,#18329);
#14235=VERTEX_POINT('',#18330);
#14236=LINE('',#18331,#18332);
#14237=VERTEX_POINT('',#18333);
#14238=CIRCLE('',#18334,0.7112);
#14239=VERTEX_POINT('',#18335);
#14240=LINE('',#18336,#18337);
#14241=LINE('',#18338,#18339);
#14242=VERTEX_POINT('',#18340);
#14243=VERTEX_POINT('',#18341);
#14244=LINE('',#18342,#18343);
#14245=VERTEX_POINT('',#18344);
#14246=LINE('',#18345,#18346);
#14247=VERTEX_POINT('',#18347);
#14248=LINE('',#18348,#18349);
#14249=LINE('',#18350,#18351);
#14250=VERTEX_POINT('',#18352);
#14251=VERTEX_POINT('',#18353);
#14252=LINE('',#18354,#18355);
#14253=VERTEX_POINT('',#18356);
#14254=LINE('',#18357,#18358);
#14255=VERTEX_POINT('',#18359);
#14256=LINE('',#18360,#18361);
#14257=LINE('',#18362,#18363);
#14258=VERTEX_POINT('',#18364);
#14259=VERTEX_POINT('',#18365);
#14260=LINE('',#18366,#18367);
#14261=VERTEX_POINT('',#18368);
#14262=LINE('',#18369,#18370);
#14263=VERTEX_POINT('',#18371);
#14264=LINE('',#18372,#18373);
#14265=LINE('',#18374,#18375);
#14266=VERTEX_POINT('',#18376);
#14267=VERTEX_POINT('',#18377);
#14268=LINE('',#18378,#18379);
#14269=VERTEX_POINT('',#18380);
#14270=LINE('',#18381,#18382);
#14271=VERTEX_POINT('',#18383);
#14272=LINE('',#18384,#18385);
#14273=LINE('',#18386,#18387);
#14274=VERTEX_POINT('',#18388);
#14275=VERTEX_POINT('',#18389);
#14276=LINE('',#18390,#18391);
#14277=VERTEX_POINT('',#18392);
#14278=LINE('',#18393,#18394);
#14279=VERTEX_POINT('',#18395);
#14280=LINE('',#18396,#18397);
#14281=LINE('',#18398,#18399);
#14282=VERTEX_POINT('',#18400);
#14283=VERTEX_POINT('',#18401);
#14284=LINE('',#18402,#18403);
#14285=VERTEX_POINT('',#18404);
#14286=LINE('',#18405,#18406);
#14287=VERTEX_POINT('',#18407);
#14288=LINE('',#18408,#18409);
#14289=LINE('',#18410,#18411);
#14290=VERTEX_POINT('',#18412);
#14291=VERTEX_POINT('',#18413);
#14292=LINE('',#18414,#18415);
#14293=VERTEX_POINT('',#18416);
#14294=LINE('',#18417,#18418);
#14295=VERTEX_POINT('',#18419);
#14296=LINE('',#18420,#18421);
#14297=LINE('',#18422,#18423);
#14298=VERTEX_POINT('',#18424);
#14299=VERTEX_POINT('',#18425);
#14300=LINE('',#18426,#18427);
#14301=VERTEX_POINT('',#18428);
#14302=LINE('',#18429,#18430);
#14303=VERTEX_POINT('',#18431);
#14304=LINE('',#18432,#18433);
#14305=LINE('',#18434,#18435);
#14306=VERTEX_POINT('',#18436);
#14307=VERTEX_POINT('',#18437);
#14308=LINE('',#18438,#18439);
#14309=VERTEX_POINT('',#18440);
#14310=LINE('',#18441,#18442);
#14311=VERTEX_POINT('',#18443);
#14312=LINE('',#18444,#18445);
#14313=LINE('',#18446,#18447);
#14314=VERTEX_POINT('',#18448);
#14315=VERTEX_POINT('',#18449);
#14316=LINE('',#18450,#18451);
#14317=VERTEX_POINT('',#18452);
#14318=LINE('',#18453,#18454);
#14319=VERTEX_POINT('',#18455);
#14320=LINE('',#18456,#18457);
#14321=LINE('',#18458,#18459);
#14322=VERTEX_POINT('',#18460);
#14323=VERTEX_POINT('',#18461);
#14324=LINE('',#18462,#18463);
#14325=VERTEX_POINT('',#18464);
#14326=LINE('',#18465,#18466);
#14327=VERTEX_POINT('',#18467);
#14328=LINE('',#18468,#18469);
#14329=LINE('',#18470,#18471);
#14330=VERTEX_POINT('',#18472);
#14331=VERTEX_POINT('',#18473);
#14332=LINE('',#18474,#18475);
#14333=VERTEX_POINT('',#18476);
#14334=LINE('',#18477,#18478);
#14335=VERTEX_POINT('',#18479);
#14336=LINE('',#18480,#18481);
#14337=LINE('',#18482,#18483);
#14338=VERTEX_POINT('',#18484);
#14339=VERTEX_POINT('',#18485);
#14340=LINE('',#18486,#18487);
#14341=VERTEX_POINT('',#18488);
#14342=LINE('',#18489,#18490);
#14343=VERTEX_POINT('',#18491);
#14344=LINE('',#18492,#18493);
#14345=LINE('',#18494,#18495);
#14346=VERTEX_POINT('',#18496);
#14347=VERTEX_POINT('',#18497);
#14348=LINE('',#18498,#18499);
#14349=VERTEX_POINT('',#18500);
#14350=LINE('',#18501,#18502);
#14351=VERTEX_POINT('',#18503);
#14352=LINE('',#18504,#18505);
#14353=LINE('',#18506,#18507);
#14354=VERTEX_POINT('',#18508);
#14355=LINE('',#18509,#18510);
#14356=LINE('',#18511,#18512);
#14357=VERTEX_POINT('',#18513);
#14358=LINE('',#18514,#18515);
#14359=VERTEX_POINT('',#18516);
#14360=LINE('',#18517,#18518);
#14361=LINE('',#18519,#18520);
#14362=VERTEX_POINT('',#18521);
#14363=LINE('',#18522,#18523);
#14364=VERTEX_POINT('',#18524);
#14365=LINE('',#18525,#18526);
#14366=LINE('',#18527,#18528);
#14367=VERTEX_POINT('',#18529);
#14368=VERTEX_POINT('',#18530);
#14369=LINE('',#18531,#18532);
#14370=LINE('',#18533,#18534);
#14371=LINE('',#18535,#18536);
#14372=VERTEX_POINT('',#18537);
#14373=LINE('',#18538,#18539);
#14374=VERTEX_POINT('',#18540);
#14375=LINE('',#18541,#18542);
#14376=LINE('',#18543,#18544);
#14377=VERTEX_POINT('',#18545);
#14378=VERTEX_POINT('',#18546);
#14379=LINE('',#18547,#18548);
#14380=LINE('',#18549,#18550);
#14381=LINE('',#18551,#18552);
#14382=VERTEX_POINT('',#18553);
#14383=LINE('',#18554,#18555);
#14384=VERTEX_POINT('',#18556);
#14385=LINE('',#18557,#18558);
#14386=LINE('',#18559,#18560);
#14387=VERTEX_POINT('',#18561);
#14388=VERTEX_POINT('',#18562);
#14389=LINE('',#18563,#18564);
#14390=LINE('',#18565,#18566);
#14391=LINE('',#18567,#18568);
#14392=VERTEX_POINT('',#18569);
#14393=LINE('',#18570,#18571);
#14394=VERTEX_POINT('',#18572);
#14395=LINE('',#18573,#18574);
#14396=LINE('',#18575,#18576);
#14397=VERTEX_POINT('',#18577);
#14398=VERTEX_POINT('',#18578);
#14399=LINE('',#18579,#18580);
#14400=LINE('',#18581,#18582);
#14401=LINE('',#18583,#18584);
#14402=VERTEX_POINT('',#18585);
#14403=LINE('',#18586,#18587);
#14404=VERTEX_POINT('',#18588);
#14405=LINE('',#18589,#18590);
#14406=LINE('',#18591,#18592);
#14407=VERTEX_POINT('',#18593);
#14408=VERTEX_POINT('',#18594);
#14409=LINE('',#18595,#18596);
#14410=LINE('',#18597,#18598);
#14411=LINE('',#18599,#18600);
#14412=VERTEX_POINT('',#18601);
#14413=LINE('',#18602,#18603);
#14414=VERTEX_POINT('',#18604);
#14415=LINE('',#18605,#18606);
#14416=LINE('',#18607,#18608);
#14417=VERTEX_POINT('',#18609);
#14418=VERTEX_POINT('',#18610);
#14419=LINE('',#18611,#18612);
#14420=LINE('',#18613,#18614);
#14421=LINE('',#18615,#18616);
#14422=VERTEX_POINT('',#18617);
#14423=LINE('',#18618,#18619);
#14424=VERTEX_POINT('',#18620);
#14425=LINE('',#18621,#18622);
#14426=LINE('',#18623,#18624);
#14427=VERTEX_POINT('',#18625);
#14428=VERTEX_POINT('',#18626);
#14429=LINE('',#18627,#18628);
#14430=LINE('',#18629,#18630);
#14431=LINE('',#18631,#18632);
#14432=VERTEX_POINT('',#18633);
#14433=LINE('',#18634,#18635);
#14434=VERTEX_POINT('',#18636);
#14435=LINE('',#18637,#18638);
#14436=LINE('',#18639,#18640);
#14437=VERTEX_POINT('',#18641);
#14438=VERTEX_POINT('',#18642);
#14439=LINE('',#18643,#18644);
#14440=LINE('',#18645,#18646);
#14441=LINE('',#18647,#18648);
#14442=VERTEX_POINT('',#18649);
#14443=LINE('',#18650,#18651);
#14444=VERTEX_POINT('',#18652);
#14445=LINE('',#18653,#18654);
#14446=LINE('',#18655,#18656);
#14447=VERTEX_POINT('',#18657);
#14448=VERTEX_POINT('',#18658);
#14449=LINE('',#18659,#18660);
#14450=LINE('',#18661,#18662);
#14451=LINE('',#18663,#18664);
#14452=VERTEX_POINT('',#18665);
#14453=LINE('',#18666,#18667);
#14454=VERTEX_POINT('',#18668);
#14455=LINE('',#18669,#18670);
#14456=LINE('',#18671,#18672);
#14457=VERTEX_POINT('',#18673);
#14458=VERTEX_POINT('',#18674);
#14459=LINE('',#18675,#18676);
#14460=LINE('',#18677,#18678);
#14461=LINE('',#18679,#18680);
#14462=VERTEX_POINT('',#18681);
#14463=LINE('',#18682,#18683);
#14464=VERTEX_POINT('',#18684);
#14465=LINE('',#18685,#18686);
#14466=LINE('',#18687,#18688);
#14467=VERTEX_POINT('',#18689);
#14468=VERTEX_POINT('',#18690);
#14469=LINE('',#18691,#18692);
#14470=LINE('',#18693,#18694);
#14471=LINE('',#18695,#18696);
#14472=VERTEX_POINT('',#18697);
#14473=LINE('',#18698,#18699);
#14474=VERTEX_POINT('',#18700);
#14475=LINE('',#18701,#18702);
#14476=LINE('',#18703,#18704);
#14477=VERTEX_POINT('',#18705);
#14478=VERTEX_POINT('',#18706);
#14479=LINE('',#18707,#18708);
#14480=LINE('',#18709,#18710);
#14481=LINE('',#18711,#18712);
#14482=VERTEX_POINT('',#18713);
#14483=LINE('',#18714,#18715);
#14484=LINE('',#18716,#18717);
#14485=VERTEX_POINT('',#18718);
#14486=VERTEX_POINT('',#18719);
#14487=LINE('',#18720,#18721);
#14488=LINE('',#18722,#18723);
#14489=LINE('',#18724,#18725);
#14490=VERTEX_POINT('',#18726);
#14491=LINE('',#18727,#18728);
#14492=VERTEX_POINT('',#18729);
#14493=CIRCLE('',#18730,0.7112);
#14494=VERTEX_POINT('',#18731);
#14495=LINE('',#18732,#18733);
#14496=LINE('',#18734,#18735);
#14497=VERTEX_POINT('',#18736);
#14498=VERTEX_POINT('',#18737);
#14499=LINE('',#18738,#18739);
#14500=VERTEX_POINT('',#18740);
#14501=CIRCLE('',#18741,0.7112);
#14502=LINE('',#18742,#18743);
#14503=VERTEX_POINT('',#18744);
#14504=LINE('',#18745,#18746);
#14505=LINE('',#18747,#18748);
#14506=VERTEX_POINT('',#18749);
#14507=LINE('',#18750,#18751);
#14508=VERTEX_POINT('',#18752);
#14509=LINE('',#18753,#18754);
#14510=VERTEX_POINT('',#18755);
#14511=LINE('',#18756,#18757);
#14512=VERTEX_POINT('',#18758);
#14513=CIRCLE('',#18759,0.7112);
#14514=LINE('',#18760,#18761);
#14515=VERTEX_POINT('',#18762);
#14516=VERTEX_POINT('',#18763);
#14517=LINE('',#18764,#18765);
#14518=LINE('',#18766,#18767);
#14519=VERTEX_POINT('',#18768);
#14520=LINE('',#18769,#18770);
#14521=VERTEX_POINT('',#18771);
#14522=CIRCLE('',#18772,0.7112);
#14523=LINE('',#18773,#18774);
#14524=VERTEX_POINT('',#18775);
#14525=LINE('',#18776,#18777);
#14526=VERTEX_POINT('',#18778);
#14527=LINE('',#18779,#18780);
#14528=VERTEX_POINT('',#18781);
#14529=LINE('',#18782,#18783);
#14530=VERTEX_POINT('',#18784);
#14531=CIRCLE('',#18785,0.7112);
#14532=LINE('',#18786,#18787);
#14533=VERTEX_POINT('',#18788);
#14534=VERTEX_POINT('',#18789);
#14535=LINE('',#18790,#18791);
#14536=LINE('',#18792,#18793);
#14537=VERTEX_POINT('',#18794);
#14538=LINE('',#18795,#18796);
#14539=VERTEX_POINT('',#18797);
#14540=CIRCLE('',#18798,0.7112);
#14541=LINE('',#18799,#18800);
#14542=VERTEX_POINT('',#18801);
#14543=LINE('',#18802,#18803);
#14544=VERTEX_POINT('',#18804);
#14545=LINE('',#18805,#18806);
#14546=VERTEX_POINT('',#18807);
#14547=LINE('',#18808,#18809);
#14548=VERTEX_POINT('',#18810);
#14549=CIRCLE('',#18811,0.7112);
#14550=LINE('',#18812,#18813);
#14551=VERTEX_POINT('',#18814);
#14552=VERTEX_POINT('',#18815);
#14553=LINE('',#18816,#18817);
#14554=LINE('',#18818,#18819);
#14555=VERTEX_POINT('',#18820);
#14556=LINE('',#18821,#18822);
#14557=VERTEX_POINT('',#18823);
#14558=CIRCLE('',#18824,0.7112);
#14559=LINE('',#18825,#18826);
#14560=VERTEX_POINT('',#18827);
#14561=LINE('',#18828,#18829);
#14562=VERTEX_POINT('',#18830);
#14563=LINE('',#18831,#18832);
#14564=VERTEX_POINT('',#18833);
#14565=LINE('',#18834,#18835);
#14566=VERTEX_POINT('',#18836);
#14567=CIRCLE('',#18837,0.7112);
#14568=LINE('',#18838,#18839);
#14569=VERTEX_POINT('',#18840);
#14570=VERTEX_POINT('',#18841);
#14571=LINE('',#18842,#18843);
#14572=LINE('',#18844,#18845);
#14573=VERTEX_POINT('',#18846);
#14574=LINE('',#18847,#18848);
#14575=VERTEX_POINT('',#18849);
#14576=CIRCLE('',#18850,0.7112);
#14577=LINE('',#18851,#18852);
#14578=VERTEX_POINT('',#18853);
#14579=LINE('',#18854,#18855);
#14580=VERTEX_POINT('',#18856);
#14581=LINE('',#18857,#18858);
#14582=VERTEX_POINT('',#18859);
#14583=LINE('',#18860,#18861);
#14584=VERTEX_POINT('',#18862);
#14585=CIRCLE('',#18863,0.7112);
#14586=LINE('',#18864,#18865);
#14587=VERTEX_POINT('',#18866);
#14588=VERTEX_POINT('',#18867);
#14589=LINE('',#18868,#18869);
#14590=LINE('',#18870,#18871);
#14591=VERTEX_POINT('',#18872);
#14592=LINE('',#18873,#18874);
#14593=VERTEX_POINT('',#18875);
#14594=CIRCLE('',#18876,0.7112);
#14595=LINE('',#18877,#18878);
#14596=VERTEX_POINT('',#18879);
#14597=LINE('',#18880,#18881);
#14598=VERTEX_POINT('',#18882);
#14599=LINE('',#18883,#18884);
#14600=VERTEX_POINT('',#18885);
#14601=LINE('',#18886,#18887);
#14602=VERTEX_POINT('',#18888);
#14603=CIRCLE('',#18889,0.7112);
#14604=LINE('',#18890,#18891);
#14605=VERTEX_POINT('',#18892);
#14606=VERTEX_POINT('',#18893);
#14607=LINE('',#18894,#18895);
#14608=LINE('',#18896,#18897);
#14609=VERTEX_POINT('',#18898);
#14610=LINE('',#18899,#18900);
#14611=VERTEX_POINT('',#18901);
#14612=CIRCLE('',#18902,0.7112);
#14613=LINE('',#18903,#18904);
#14614=VERTEX_POINT('',#18905);
#14615=LINE('',#18906,#18907);
#14616=VERTEX_POINT('',#18908);
#14617=LINE('',#18909,#18910);
#14618=VERTEX_POINT('',#18911);
#14619=LINE('',#18912,#18913);
#14620=VERTEX_POINT('',#18914);
#14621=CIRCLE('',#18915,0.7112);
#14622=LINE('',#18916,#18917);
#14623=VERTEX_POINT('',#18918);
#14624=VERTEX_POINT('',#18919);
#14625=LINE('',#18920,#18921);
#14626=LINE('',#18922,#18923);
#14627=VERTEX_POINT('',#18924);
#14628=LINE('',#18925,#18926);
#14629=VERTEX_POINT('',#18927);
#14630=CIRCLE('',#18928,0.7112);
#14631=LINE('',#18929,#18930);
#14632=VERTEX_POINT('',#18931);
#14633=LINE('',#18932,#18933);
#14634=VERTEX_POINT('',#18934);
#14635=LINE('',#18935,#18936);
#14636=VERTEX_POINT('',#18937);
#14637=LINE('',#18938,#18939);
#14638=VERTEX_POINT('',#18940);
#14639=CIRCLE('',#18941,0.7112);
#14640=LINE('',#18942,#18943);
#14641=VERTEX_POINT('',#18944);
#14642=VERTEX_POINT('',#18945);
#14643=LINE('',#18946,#18947);
#14644=LINE('',#18948,#18949);
#14645=VERTEX_POINT('',#18950);
#14646=LINE('',#18951,#18952);
#14647=VERTEX_POINT('',#18953);
#14648=CIRCLE('',#18954,0.7112);
#14649=LINE('',#18955,#18956);
#14650=VERTEX_POINT('',#18957);
#14651=LINE('',#18958,#18959);
#14652=VERTEX_POINT('',#18960);
#14653=LINE('',#18961,#18962);
#14654=VERTEX_POINT('',#18963);
#14655=LINE('',#18964,#18965);
#14656=VERTEX_POINT('',#18966);
#14657=CIRCLE('',#18967,0.7112);
#14658=LINE('',#18968,#18969);
#14659=VERTEX_POINT('',#18970);
#14660=VERTEX_POINT('',#18971);
#14661=LINE('',#18972,#18973);
#14662=LINE('',#18974,#18975);
#14663=VERTEX_POINT('',#18976);
#14664=LINE('',#18977,#18978);
#14665=VERTEX_POINT('',#18979);
#14666=CIRCLE('',#18980,0.7112);
#14667=LINE('',#18981,#18982);
#14668=VERTEX_POINT('',#18983);
#14669=LINE('',#18984,#18985);
#14670=VERTEX_POINT('',#18986);
#14671=LINE('',#18987,#18988);
#14672=VERTEX_POINT('',#18989);
#14673=LINE('',#18990,#18991);
#14674=VERTEX_POINT('',#18992);
#14675=CIRCLE('',#18993,0.7112);
#14676=LINE('',#18994,#18995);
#14677=VERTEX_POINT('',#18996);
#14678=VERTEX_POINT('',#18997);
#14679=LINE('',#18998,#18999);
#14680=LINE('',#19000,#19001);
#14681=VERTEX_POINT('',#19002);
#14682=LINE('',#19003,#19004);
#14683=VERTEX_POINT('',#19005);
#14684=CIRCLE('',#19006,0.7112);
#14685=LINE('',#19007,#19008);
#14686=VERTEX_POINT('',#19009);
#14687=LINE('',#19010,#19011);
#14688=VERTEX_POINT('',#19012);
#14689=LINE('',#19013,#19014);
#14690=VERTEX_POINT('',#19015);
#14691=LINE('',#19016,#19017);
#14692=VERTEX_POINT('',#19018);
#14693=CIRCLE('',#19019,0.7112);
#14694=LINE('',#19020,#19021);
#14695=VERTEX_POINT('',#19022);
#14696=VERTEX_POINT('',#19023);
#14697=LINE('',#19024,#19025);
#14698=LINE('',#19026,#19027);
#14699=VERTEX_POINT('',#19028);
#14700=LINE('',#19029,#19030);
#14701=VERTEX_POINT('',#19031);
#14702=CIRCLE('',#19032,0.7112);
#14703=LINE('',#19033,#19034);
#14704=VERTEX_POINT('',#19035);
#14705=LINE('',#19036,#19037);
#14706=VERTEX_POINT('',#19038);
#14707=LINE('',#19039,#19040);
#14708=VERTEX_POINT('',#19041);
#14709=LINE('',#19042,#19043);
#14710=VERTEX_POINT('',#19044);
#14711=CIRCLE('',#19045,0.7112);
#14712=LINE('',#19046,#19047);
#14713=VERTEX_POINT('',#19048);
#14714=VERTEX_POINT('',#19049);
#14715=LINE('',#19050,#19051);
#14716=LINE('',#19052,#19053);
#14717=VERTEX_POINT('',#19054);
#14718=LINE('',#19055,#19056);
#14719=VERTEX_POINT('',#19057);
#14720=CIRCLE('',#19058,0.7112);
#14721=LINE('',#19059,#19060);
#14722=VERTEX_POINT('',#19061);
#14723=LINE('',#19062,#19063);
#14724=VERTEX_POINT('',#19064);
#14725=LINE('',#19065,#19066);
#14726=VERTEX_POINT('',#19067);
#14727=CIRCLE('',#19068,0.7112);
#14728=LINE('',#19069,#19070);
#14729=VERTEX_POINT('',#19071);
#14730=VERTEX_POINT('',#19072);
#14731=LINE('',#19073,#19074);
#14732=LINE('',#19075,#19076);
#14733=VERTEX_POINT('',#19077);
#14734=LINE('',#19078,#19079);
#14735=VERTEX_POINT('',#19080);
#14736=CIRCLE('',#19081,0.7112);
#14737=LINE('',#19082,#19083);
#14738=LINE('',#19084,#19085);
#14739=LINE('',#19086,#19087);
#14740=LINE('',#19088,#19089);
#14741=LINE('',#19090,#19091);
#14742=LINE('',#19092,#19093);
#14743=LINE('',#19094,#19095);
#14744=LINE('',#19096,#19097);
#14745=LINE('',#19098,#19099);
#14746=LINE('',#19100,#19101);
#14747=LINE('',#19102,#19103);
#14748=LINE('',#19104,#19105);
#14749=LINE('',#19106,#19107);
#14750=LINE('',#19108,#19109);
#14751=LINE('',#19110,#19111);
#14752=LINE('',#19112,#19113);
#14753=LINE('',#19114,#19115);
#14754=LINE('',#19116,#19117);
#14755=LINE('',#19118,#19119);
#14756=LINE('',#19120,#19121);
#14757=LINE('',#19122,#19123);
#14758=LINE('',#19124,#19125);
#14759=LINE('',#19126,#19127);
#14760=LINE('',#19128,#19129);
#14761=LINE('',#19130,#19131);
#14762=LINE('',#19132,#19133);
#14763=LINE('',#19134,#19135);
#14764=LINE('',#19136,#19137);
#14765=LINE('',#19138,#19139);
#14766=LINE('',#19140,#19141);
#14767=LINE('',#19142,#19143);
#14768=LINE('',#19144,#19145);
#14769=LINE('',#19146,#19147);
#14770=LINE('',#19148,#19149);
#14771=LINE('',#19150,#19151);
#14772=LINE('',#19152,#19153);
#14773=LINE('',#19154,#19155);
#14774=LINE('',#19156,#19157);
#14775=LINE('',#19158,#19159);
#14776=LINE('',#19160,#19161);
#14777=LINE('',#19162,#19163);
#14778=LINE('',#19164,#19165);
#14779=LINE('',#19166,#19167);
#14780=LINE('',#19168,#19169);
#14781=LINE('',#19170,#19171);
#14782=LINE('',#19172,#19173);
#14783=LINE('',#19174,#19175);
#14784=LINE('',#19176,#19177);
#14785=LINE('',#19178,#19179);
#14786=LINE('',#19180,#19181);
#14787=LINE('',#19182,#19183);
#14788=LINE('',#19184,#19185);
#14789=LINE('',#19186,#19187);
#14790=LINE('',#19188,#19189);
#14791=LINE('',#19190,#19191);
#14792=LINE('',#19192,#19193);
#14793=LINE('',#19194,#19195);
#14794=LINE('',#19196,#19197);
#14795=LINE('',#19198,#19199);
#14796=LINE('',#19200,#19201);
#14797=LINE('',#19202,#19203);
#14798=LINE('',#19204,#19205);
#14799=LINE('',#19206,#19207);
#14800=LINE('',#19208,#19209);
#14801=LINE('',#19210,#19211);
#14802=LINE('',#19212,#19213);
#14803=LINE('',#19214,#19215);
#14804=LINE('',#19216,#19217);
#14805=LINE('',#19218,#19219);
#14806=LINE('',#19220,#19221);
#14807=LINE('',#19222,#19223);
#14808=LINE('',#19224,#19225);
#14809=LINE('',#19226,#19227);
#14810=LINE('',#19228,#19229);
#14811=LINE('',#19230,#19231);
#14812=LINE('',#19232,#19233);
#14813=LINE('',#19234,#19235);
#14814=LINE('',#19236,#19237);
#14815=LINE('',#19238,#19239);
#14816=LINE('',#19240,#19241);
#14817=LINE('',#19242,#19243);
#14818=LINE('',#19244,#19245);
#14819=LINE('',#19246,#19247);
#14820=LINE('',#19248,#19249);
#14821=LINE('',#19250,#19251);
#14822=LINE('',#19252,#19253);
#14823=LINE('',#19254,#19255);
#14824=LINE('',#19256,#19257);
#14825=LINE('',#19258,#19259);
#14826=LINE('',#19260,#19261);
#14827=LINE('',#19262,#19263);
#14828=LINE('',#19264,#19265);
#14829=LINE('',#19266,#19267);
#14830=LINE('',#19268,#19269);
#14831=LINE('',#19270,#19271);
#14832=LINE('',#19272,#19273);
#14833=LINE('',#19274,#19275);
#14834=LINE('',#19276,#19277);
#14835=LINE('',#19278,#19279);
#14836=LINE('',#19280,#19281);
#14837=LINE('',#19282,#19283);
#14838=LINE('',#19284,#19285);
#14839=LINE('',#19286,#19287);
#14840=LINE('',#19288,#19289);
#14841=LINE('',#19290,#19291);
#14842=LINE('',#19292,#19293);
#14843=LINE('',#19294,#19295);
#14844=LINE('',#19296,#19297);
#14845=LINE('',#19298,#19299);
#14846=LINE('',#19300,#19301);
#14847=LINE('',#19302,#19303);
#14848=LINE('',#19304,#19305);
#14849=LINE('',#19306,#19307);
#14850=LINE('',#19308,#19309);
#14851=LINE('',#19310,#19311);
#14852=LINE('',#19312,#19313);
#14853=LINE('',#19314,#19315);
#14854=LINE('',#19316,#19317);
#14855=LINE('',#19318,#19319);
#14856=LINE('',#19320,#19321);
#14857=LINE('',#19322,#19323);
#14858=LINE('',#19324,#19325);
#14859=LINE('',#19326,#19327);
#14860=LINE('',#19328,#19329);
#14861=LINE('',#19330,#19331);
#14862=VERTEX_POINT('',#19332);
#14863=LINE('',#19333,#19334);
#14864=LINE('',#19335,#19336);
#14865=VERTEX_POINT('',#19337);
#14866=LINE('',#19338,#19339);
#14867=VERTEX_POINT('',#19340);
#14868=LINE('',#19341,#19342);
#14869=LINE('',#19343,#19344);
#14870=VERTEX_POINT('',#19345);
#14871=LINE('',#19346,#19347);
#14872=LINE('',#19348,#19349);
#14873=LINE('',#19350,#19351);
#14874=LINE('',#19352,#19353);
#14875=LINE('',#19354,#19355);
#14876=LINE('',#19356,#19357);
#14877=LINE('',#19358,#19359);
#14878=LINE('',#19360,#19361);
#14879=LINE('',#19362,#19363);
#14880=LINE('',#19364,#19365);
#14881=LINE('',#19366,#19367);
#14882=LINE('',#19368,#19369);
#14883=LINE('',#19370,#19371);
#14884=LINE('',#19372,#19373);
#14885=LINE('',#19374,#19375);
#14886=LINE('',#19376,#19377);
#14887=LINE('',#19378,#19379);
#14888=LINE('',#19380,#19381);
#14889=LINE('',#19382,#19383);
#14890=LINE('',#19384,#19385);
#14891=LINE('',#19386,#19387);
#14892=LINE('',#19388,#19389);
#14893=LINE('',#19390,#19391);
#14894=LINE('',#19392,#19393);
#14895=LINE('',#19394,#19395);
#14896=LINE('',#19396,#19397);
#14897=LINE('',#19398,#19399);
#14898=LINE('',#19400,#19401);
#14899=LINE('',#19402,#19403);
#14900=LINE('',#19404,#19405);
#14901=LINE('',#19406,#19407);
#14902=LINE('',#19408,#19409);
#14903=LINE('',#19410,#19411);
#14904=LINE('',#19412,#19413);
#14905=LINE('',#19414,#19415);
#14906=LINE('',#19416,#19417);
#14907=LINE('',#19418,#19419);
#14908=LINE('',#19420,#19421);
#14909=LINE('',#19422,#19423);
#14910=LINE('',#19424,#19425);
#14911=LINE('',#19426,#19427);
#14912=LINE('',#19428,#19429);
#14913=LINE('',#19430,#19431);
#14914=LINE('',#19432,#19433);
#14915=LINE('',#19434,#19435);
#14916=LINE('',#19436,#19437);
#14917=LINE('',#19438,#19439);
#14918=LINE('',#19440,#19441);
#14919=LINE('',#19442,#19443);
#14920=VERTEX_POINT('',#19444);
#14921=LINE('',#19445,#19446);
#14922=VERTEX_POINT('',#19447);
#14923=LINE('',#19448,#19449);
#14924=LINE('',#19450,#19451);
#14925=VERTEX_POINT('',#19452);
#14926=LINE('',#19453,#19454);
#14927=VERTEX_POINT('',#19455);
#14928=LINE('',#19456,#19457);
#14929=LINE('',#19458,#19459);
#14930=VERTEX_POINT('',#19460);
#14931=LINE('',#19461,#19462);
#14932=VERTEX_POINT('',#19463);
#14933=LINE('',#19464,#19465);
#14934=LINE('',#19466,#19467);
#14935=VERTEX_POINT('',#19468);
#14936=LINE('',#19469,#19470);
#14937=VERTEX_POINT('',#19471);
#14938=LINE('',#19472,#19473);
#14939=LINE('',#19474,#19475);
#14940=VERTEX_POINT('',#19476);
#14941=LINE('',#19477,#19478);
#14942=LINE('',#19479,#19480);
#14943=LINE('',#19481,#19482);
#14944=VERTEX_POINT('',#19483);
#14945=LINE('',#19484,#19485);
#14946=LINE('',#19486,#19487);
#14947=VERTEX_POINT('',#19488);
#14948=LINE('',#19489,#19490);
#14949=LINE('',#19491,#19492);
#14950=VERTEX_POINT('',#19493);
#14951=LINE('',#19494,#19495);
#14952=LINE('',#19496,#19497);
#14953=LINE('',#19498,#19499);
#14954=LINE('',#19500,#19501);
#14955=LINE('',#19502,#19503);
#14956=VERTEX_POINT('',#19504);
#14957=LINE('',#19505,#19506);
#14958=VERTEX_POINT('',#19507);
#14959=LINE('',#19508,#19509);
#14960=LINE('',#19510,#19511);
#14961=VERTEX_POINT('',#19512);
#14962=LINE('',#19513,#19514);
#14963=LINE('',#19515,#19516);
#14964=VERTEX_POINT('',#19517);
#14965=LINE('',#19518,#19519);
#14966=LINE('',#19520,#19521);
#14967=LINE('',#19522,#19523);
#14968=VERTEX_POINT('',#19524);
#14969=LINE('',#19525,#19526);
#14970=VERTEX_POINT('',#19527);
#14971=LINE('',#19528,#19529);
#14972=LINE('',#19530,#19531);
#14973=VERTEX_POINT('',#19532);
#14974=LINE('',#19533,#19534);
#14975=VERTEX_POINT('',#19535);
#14976=LINE('',#19536,#19537);
#14977=LINE('',#19538,#19539);
#14978=VERTEX_POINT('',#19540);
#14979=LINE('',#19541,#19542);
#14980=VERTEX_POINT('',#19543);
#14981=LINE('',#19544,#19545);
#14982=LINE('',#19546,#19547);
#14983=VERTEX_POINT('',#19548);
#14984=LINE('',#19549,#19550);
#14985=VERTEX_POINT('',#19551);
#14986=LINE('',#19552,#19553);
#14987=LINE('',#19554,#19555);
#14988=VERTEX_POINT('',#19556);
#14989=LINE('',#19557,#19558);
#14990=LINE('',#19559,#19560);
#14991=LINE('',#19561,#19562);
#14992=VERTEX_POINT('',#19563);
#14993=LINE('',#19564,#19565);
#14994=LINE('',#19566,#19567);
#14995=VERTEX_POINT('',#19568);
#14996=LINE('',#19569,#19570);
#14997=LINE('',#19571,#19572);
#14998=VERTEX_POINT('',#19573);
#14999=LINE('',#19574,#19575);
#15000=LINE('',#19576,#19577);
#15001=LINE('',#19578,#19579);
#15002=LINE('',#19580,#19581);
#15003=LINE('',#19582,#19583);
#15004=VERTEX_POINT('',#19584);
#15005=LINE('',#19585,#19586);
#15006=VERTEX_POINT('',#19587);
#15007=LINE('',#19588,#19589);
#15008=LINE('',#19590,#19591);
#15009=VERTEX_POINT('',#19592);
#15010=LINE('',#19593,#19594);
#15011=LINE('',#19595,#19596);
#15012=VERTEX_POINT('',#19597);
#15013=LINE('',#19598,#19599);
#15014=LINE('',#19600,#19601);
#15015=LINE('',#19602,#19603);
#15016=VERTEX_POINT('',#19604);
#15017=LINE('',#19605,#19606);
#15018=VERTEX_POINT('',#19607);
#15019=LINE('',#19608,#19609);
#15020=LINE('',#19610,#19611);
#15021=VERTEX_POINT('',#19612);
#15022=LINE('',#19613,#19614);
#15023=VERTEX_POINT('',#19615);
#15024=LINE('',#19616,#19617);
#15025=LINE('',#19618,#19619);
#15026=VERTEX_POINT('',#19620);
#15027=LINE('',#19621,#19622);
#15028=VERTEX_POINT('',#19623);
#15029=LINE('',#19624,#19625);
#15030=LINE('',#19626,#19627);
#15031=VERTEX_POINT('',#19628);
#15032=LINE('',#19629,#19630);
#15033=VERTEX_POINT('',#19631);
#15034=LINE('',#19632,#19633);
#15035=LINE('',#19634,#19635);
#15036=VERTEX_POINT('',#19636);
#15037=LINE('',#19637,#19638);
#15038=LINE('',#19639,#19640);
#15039=LINE('',#19641,#19642);
#15040=VERTEX_POINT('',#19643);
#15041=LINE('',#19644,#19645);
#15042=LINE('',#19646,#19647);
#15043=VERTEX_POINT('',#19648);
#15044=LINE('',#19649,#19650);
#15045=LINE('',#19651,#19652);
#15046=VERTEX_POINT('',#19653);
#15047=LINE('',#19654,#19655);
#15048=LINE('',#19656,#19657);
#15049=LINE('',#19658,#19659);
#15050=LINE('',#19660,#19661);
#15051=LINE('',#19662,#19663);
#15052=VERTEX_POINT('',#19664);
#15053=LINE('',#19665,#19666);
#15054=VERTEX_POINT('',#19667);
#15055=LINE('',#19668,#19669);
#15056=LINE('',#19670,#19671);
#15057=VERTEX_POINT('',#19672);
#15058=LINE('',#19673,#19674);
#15059=LINE('',#19675,#19676);
#15060=VERTEX_POINT('',#19677);
#15061=LINE('',#19678,#19679);
#15062=LINE('',#19680,#19681);
#15063=LINE('',#19682,#19683);
#15064=VERTEX_POINT('',#19684);
#15065=LINE('',#19685,#19686);
#15066=VERTEX_POINT('',#19687);
#15067=LINE('',#19688,#19689);
#15068=LINE('',#19690,#19691);
#15069=VERTEX_POINT('',#19692);
#15070=LINE('',#19693,#19694);
#15071=VERTEX_POINT('',#19695);
#15072=LINE('',#19696,#19697);
#15073=LINE('',#19698,#19699);
#15074=VERTEX_POINT('',#19700);
#15075=LINE('',#19701,#19702);
#15076=VERTEX_POINT('',#19703);
#15077=LINE('',#19704,#19705);
#15078=LINE('',#19706,#19707);
#15079=VERTEX_POINT('',#19708);
#15080=LINE('',#19709,#19710);
#15081=VERTEX_POINT('',#19711);
#15082=LINE('',#19712,#19713);
#15083=LINE('',#19714,#19715);
#15084=VERTEX_POINT('',#19716);
#15085=LINE('',#19717,#19718);
#15086=LINE('',#19719,#19720);
#15087=LINE('',#19721,#19722);
#15088=VERTEX_POINT('',#19723);
#15089=LINE('',#19724,#19725);
#15090=LINE('',#19726,#19727);
#15091=VERTEX_POINT('',#19728);
#15092=LINE('',#19729,#19730);
#15093=LINE('',#19731,#19732);
#15094=VERTEX_POINT('',#19733);
#15095=LINE('',#19734,#19735);
#15096=LINE('',#19736,#19737);
#15097=LINE('',#19738,#19739);
#15098=LINE('',#19740,#19741);
#15099=LINE('',#19742,#19743);
#15100=VERTEX_POINT('',#19744);
#15101=LINE('',#19745,#19746);
#15102=VERTEX_POINT('',#19747);
#15103=LINE('',#19748,#19749);
#15104=LINE('',#19750,#19751);
#15105=VERTEX_POINT('',#19752);
#15106=LINE('',#19753,#19754);
#15107=LINE('',#19755,#19756);
#15108=VERTEX_POINT('',#19757);
#15109=LINE('',#19758,#19759);
#15110=LINE('',#19760,#19761);
#15111=LINE('',#19762,#19763);
#15112=VERTEX_POINT('',#19764);
#15113=LINE('',#19765,#19766);
#15114=VERTEX_POINT('',#19767);
#15115=LINE('',#19768,#19769);
#15116=LINE('',#19770,#19771);
#15117=VERTEX_POINT('',#19772);
#15118=LINE('',#19773,#19774);
#15119=VERTEX_POINT('',#19775);
#15120=LINE('',#19776,#19777);
#15121=LINE('',#19778,#19779);
#15122=VERTEX_POINT('',#19780);
#15123=LINE('',#19781,#19782);
#15124=VERTEX_POINT('',#19783);
#15125=LINE('',#19784,#19785);
#15126=LINE('',#19786,#19787);
#15127=VERTEX_POINT('',#19788);
#15128=LINE('',#19789,#19790);
#15129=VERTEX_POINT('',#19791);
#15130=LINE('',#19792,#19793);
#15131=LINE('',#19794,#19795);
#15132=VERTEX_POINT('',#19796);
#15133=LINE('',#19797,#19798);
#15134=LINE('',#19799,#19800);
#15135=LINE('',#19801,#19802);
#15136=VERTEX_POINT('',#19803);
#15137=LINE('',#19804,#19805);
#15138=LINE('',#19806,#19807);
#15139=VERTEX_POINT('',#19808);
#15140=LINE('',#19809,#19810);
#15141=LINE('',#19811,#19812);
#15142=VERTEX_POINT('',#19813);
#15143=LINE('',#19814,#19815);
#15144=LINE('',#19816,#19817);
#15145=LINE('',#19818,#19819);
#15146=LINE('',#19820,#19821);
#15147=LINE('',#19822,#19823);
#15148=VERTEX_POINT('',#19824);
#15149=LINE('',#19825,#19826);
#15150=VERTEX_POINT('',#19827);
#15151=LINE('',#19828,#19829);
#15152=LINE('',#19830,#19831);
#15153=VERTEX_POINT('',#19832);
#15154=LINE('',#19833,#19834);
#15155=LINE('',#19835,#19836);
#15156=VERTEX_POINT('',#19837);
#15157=LINE('',#19838,#19839);
#15158=LINE('',#19840,#19841);
#15159=LINE('',#19842,#19843);
#15160=VERTEX_POINT('',#19844);
#15161=LINE('',#19845,#19846);
#15162=VERTEX_POINT('',#19847);
#15163=LINE('',#19848,#19849);
#15164=LINE('',#19850,#19851);
#15165=VERTEX_POINT('',#19852);
#15166=LINE('',#19853,#19854);
#15167=VERTEX_POINT('',#19855);
#15168=LINE('',#19856,#19857);
#15169=LINE('',#19858,#19859);
#15170=VERTEX_POINT('',#19860);
#15171=LINE('',#19861,#19862);
#15172=VERTEX_POINT('',#19863);
#15173=LINE('',#19864,#19865);
#15174=LINE('',#19866,#19867);
#15175=VERTEX_POINT('',#19868);
#15176=LINE('',#19869,#19870);
#15177=VERTEX_POINT('',#19871);
#15178=LINE('',#19872,#19873);
#15179=LINE('',#19874,#19875);
#15180=VERTEX_POINT('',#19876);
#15181=LINE('',#19877,#19878);
#15182=LINE('',#19879,#19880);
#15183=LINE('',#19881,#19882);
#15184=VERTEX_POINT('',#19883);
#15185=LINE('',#19884,#19885);
#15186=LINE('',#19886,#19887);
#15187=VERTEX_POINT('',#19888);
#15188=LINE('',#19889,#19890);
#15189=LINE('',#19891,#19892);
#15190=VERTEX_POINT('',#19893);
#15191=LINE('',#19894,#19895);
#15192=LINE('',#19896,#19897);
#15193=LINE('',#19898,#19899);
#15194=LINE('',#19900,#19901);
#15195=LINE('',#19902,#19903);
#15196=VERTEX_POINT('',#19904);
#15197=LINE('',#19905,#19906);
#15198=VERTEX_POINT('',#19907);
#15199=LINE('',#19908,#19909);
#15200=LINE('',#19910,#19911);
#15201=VERTEX_POINT('',#19912);
#15202=LINE('',#19913,#19914);
#15203=LINE('',#19915,#19916);
#15204=VERTEX_POINT('',#19917);
#15205=LINE('',#19918,#19919);
#15206=LINE('',#19920,#19921);
#15207=LINE('',#19922,#19923);
#15208=VERTEX_POINT('',#19924);
#15209=LINE('',#19925,#19926);
#15210=VERTEX_POINT('',#19927);
#15211=LINE('',#19928,#19929);
#15212=LINE('',#19930,#19931);
#15213=VERTEX_POINT('',#19932);
#15214=LINE('',#19933,#19934);
#15215=VERTEX_POINT('',#19935);
#15216=LINE('',#19936,#19937);
#15217=LINE('',#19938,#19939);
#15218=VERTEX_POINT('',#19940);
#15219=LINE('',#19941,#19942);
#15220=VERTEX_POINT('',#19943);
#15221=LINE('',#19944,#19945);
#15222=LINE('',#19946,#19947);
#15223=VERTEX_POINT('',#19948);
#15224=LINE('',#19949,#19950);
#15225=VERTEX_POINT('',#19951);
#15226=LINE('',#19952,#19953);
#15227=LINE('',#19954,#19955);
#15228=VERTEX_POINT('',#19956);
#15229=LINE('',#19957,#19958);
#15230=LINE('',#19959,#19960);
#15231=LINE('',#19961,#19962);
#15232=VERTEX_POINT('',#19963);
#15233=LINE('',#19964,#19965);
#15234=LINE('',#19966,#19967);
#15235=VERTEX_POINT('',#19968);
#15236=LINE('',#19969,#19970);
#15237=LINE('',#19971,#19972);
#15238=VERTEX_POINT('',#19973);
#15239=LINE('',#19974,#19975);
#15240=LINE('',#19976,#19977);
#15241=LINE('',#19978,#19979);
#15242=LINE('',#19980,#19981);
#15243=LINE('',#19982,#19983);
#15244=VERTEX_POINT('',#19984);
#15245=LINE('',#19985,#19986);
#15246=VERTEX_POINT('',#19987);
#15247=LINE('',#19988,#19989);
#15248=LINE('',#19990,#19991);
#15249=VERTEX_POINT('',#19992);
#15250=LINE('',#19993,#19994);
#15251=LINE('',#19995,#19996);
#15252=VERTEX_POINT('',#19997);
#15253=LINE('',#19998,#19999);
#15254=LINE('',#20000,#20001);
#15255=LINE('',#20002,#20003);
#15256=VERTEX_POINT('',#20004);
#15257=LINE('',#20005,#20006);
#15258=VERTEX_POINT('',#20007);
#15259=LINE('',#20008,#20009);
#15260=LINE('',#20010,#20011);
#15261=VERTEX_POINT('',#20012);
#15262=LINE('',#20013,#20014);
#15263=VERTEX_POINT('',#20015);
#15264=LINE('',#20016,#20017);
#15265=LINE('',#20018,#20019);
#15266=VERTEX_POINT('',#20020);
#15267=LINE('',#20021,#20022);
#15268=VERTEX_POINT('',#20023);
#15269=LINE('',#20024,#20025);
#15270=LINE('',#20026,#20027);
#15271=VERTEX_POINT('',#20028);
#15272=LINE('',#20029,#20030);
#15273=VERTEX_POINT('',#20031);
#15274=LINE('',#20032,#20033);
#15275=LINE('',#20034,#20035);
#15276=VERTEX_POINT('',#20036);
#15277=LINE('',#20037,#20038);
#15278=LINE('',#20039,#20040);
#15279=LINE('',#20041,#20042);
#15280=VERTEX_POINT('',#20043);
#15281=LINE('',#20044,#20045);
#15282=LINE('',#20046,#20047);
#15283=VERTEX_POINT('',#20048);
#15284=LINE('',#20049,#20050);
#15285=LINE('',#20051,#20052);
#15286=VERTEX_POINT('',#20053);
#15287=LINE('',#20054,#20055);
#15288=LINE('',#20056,#20057);
#15289=LINE('',#20058,#20059);
#15290=LINE('',#20060,#20061);
#15291=LINE('',#20062,#20063);
#15292=VERTEX_POINT('',#20064);
#15293=LINE('',#20065,#20066);
#15294=VERTEX_POINT('',#20067);
#15295=LINE('',#20068,#20069);
#15296=LINE('',#20070,#20071);
#15297=VERTEX_POINT('',#20072);
#15298=LINE('',#20073,#20074);
#15299=LINE('',#20075,#20076);
#15300=VERTEX_POINT('',#20077);
#15301=LINE('',#20078,#20079);
#15302=LINE('',#20080,#20081);
#15303=LINE('',#20082,#20083);
#15304=VERTEX_POINT('',#20084);
#15305=LINE('',#20085,#20086);
#15306=VERTEX_POINT('',#20087);
#15307=LINE('',#20088,#20089);
#15308=LINE('',#20090,#20091);
#15309=VERTEX_POINT('',#20092);
#15310=LINE('',#20093,#20094);
#15311=VERTEX_POINT('',#20095);
#15312=LINE('',#20096,#20097);
#15313=LINE('',#20098,#20099);
#15314=VERTEX_POINT('',#20100);
#15315=LINE('',#20101,#20102);
#15316=VERTEX_POINT('',#20103);
#15317=LINE('',#20104,#20105);
#15318=LINE('',#20106,#20107);
#15319=VERTEX_POINT('',#20108);
#15320=LINE('',#20109,#20110);
#15321=VERTEX_POINT('',#20111);
#15322=LINE('',#20112,#20113);
#15323=LINE('',#20114,#20115);
#15324=VERTEX_POINT('',#20116);
#15325=LINE('',#20117,#20118);
#15326=LINE('',#20119,#20120);
#15327=LINE('',#20121,#20122);
#15328=VERTEX_POINT('',#20123);
#15329=LINE('',#20124,#20125);
#15330=LINE('',#20126,#20127);
#15331=VERTEX_POINT('',#20128);
#15332=LINE('',#20129,#20130);
#15333=LINE('',#20131,#20132);
#15334=VERTEX_POINT('',#20133);
#15335=LINE('',#20134,#20135);
#15336=LINE('',#20136,#20137);
#15337=LINE('',#20138,#20139);
#15338=LINE('',#20140,#20141);
#15339=LINE('',#20142,#20143);
#15340=VERTEX_POINT('',#20144);
#15341=LINE('',#20145,#20146);
#15342=VERTEX_POINT('',#20147);
#15343=LINE('',#20148,#20149);
#15344=LINE('',#20150,#20151);
#15345=VERTEX_POINT('',#20152);
#15346=LINE('',#20153,#20154);
#15347=LINE('',#20155,#20156);
#15348=VERTEX_POINT('',#20157);
#15349=LINE('',#20158,#20159);
#15350=LINE('',#20160,#20161);
#15351=LINE('',#20162,#20163);
#15352=VERTEX_POINT('',#20164);
#15353=LINE('',#20165,#20166);
#15354=VERTEX_POINT('',#20167);
#15355=LINE('',#20168,#20169);
#15356=LINE('',#20170,#20171);
#15357=VERTEX_POINT('',#20172);
#15358=LINE('',#20173,#20174);
#15359=VERTEX_POINT('',#20175);
#15360=LINE('',#20176,#20177);
#15361=LINE('',#20178,#20179);
#15362=VERTEX_POINT('',#20180);
#15363=LINE('',#20181,#20182);
#15364=VERTEX_POINT('',#20183);
#15365=LINE('',#20184,#20185);
#15366=LINE('',#20186,#20187);
#15367=VERTEX_POINT('',#20188);
#15368=LINE('',#20189,#20190);
#15369=VERTEX_POINT('',#20191);
#15370=LINE('',#20192,#20193);
#15371=LINE('',#20194,#20195);
#15372=VERTEX_POINT('',#20196);
#15373=LINE('',#20197,#20198);
#15374=LINE('',#20199,#20200);
#15375=LINE('',#20201,#20202);
#15376=VERTEX_POINT('',#20203);
#15377=LINE('',#20204,#20205);
#15378=LINE('',#20206,#20207);
#15379=VERTEX_POINT('',#20208);
#15380=LINE('',#20209,#20210);
#15381=LINE('',#20211,#20212);
#15382=VERTEX_POINT('',#20213);
#15383=LINE('',#20214,#20215);
#15384=LINE('',#20216,#20217);
#15385=LINE('',#20218,#20219);
#15386=LINE('',#20220,#20221);
#15387=LINE('',#20222,#20223);
#15388=VERTEX_POINT('',#20224);
#15389=LINE('',#20225,#20226);
#15390=VERTEX_POINT('',#20227);
#15391=LINE('',#20228,#20229);
#15392=LINE('',#20230,#20231);
#15393=VERTEX_POINT('',#20232);
#15394=LINE('',#20233,#20234);
#15395=LINE('',#20235,#20236);
#15396=VERTEX_POINT('',#20237);
#15397=LINE('',#20238,#20239);
#15398=LINE('',#20240,#20241);
#15399=LINE('',#20242,#20243);
#15400=VERTEX_POINT('',#20244);
#15401=LINE('',#20245,#20246);
#15402=VERTEX_POINT('',#20247);
#15403=LINE('',#20248,#20249);
#15404=LINE('',#20250,#20251);
#15405=VERTEX_POINT('',#20252);
#15406=LINE('',#20253,#20254);
#15407=VERTEX_POINT('',#20255);
#15408=LINE('',#20256,#20257);
#15409=LINE('',#20258,#20259);
#15410=VERTEX_POINT('',#20260);
#15411=LINE('',#20261,#20262);
#15412=VERTEX_POINT('',#20263);
#15413=LINE('',#20264,#20265);
#15414=LINE('',#20266,#20267);
#15415=VERTEX_POINT('',#20268);
#15416=LINE('',#20269,#20270);
#15417=VERTEX_POINT('',#20271);
#15418=LINE('',#20272,#20273);
#15419=LINE('',#20274,#20275);
#15420=VERTEX_POINT('',#20276);
#15421=LINE('',#20277,#20278);
#15422=LINE('',#20279,#20280);
#15423=LINE('',#20281,#20282);
#15424=VERTEX_POINT('',#20283);
#15425=LINE('',#20284,#20285);
#15426=LINE('',#20286,#20287);
#15427=VERTEX_POINT('',#20288);
#15428=LINE('',#20289,#20290);
#15429=LINE('',#20291,#20292);
#15430=VERTEX_POINT('',#20293);
#15431=LINE('',#20294,#20295);
#15432=LINE('',#20296,#20297);
#15433=LINE('',#20298,#20299);
#15434=LINE('',#20300,#20301);
#15435=LINE('',#20302,#20303);
#15436=VERTEX_POINT('',#20304);
#15437=LINE('',#20305,#20306);
#15438=VERTEX_POINT('',#20307);
#15439=LINE('',#20308,#20309);
#15440=LINE('',#20310,#20311);
#15441=VERTEX_POINT('',#20312);
#15442=LINE('',#20313,#20314);
#15443=LINE('',#20315,#20316);
#15444=VERTEX_POINT('',#20317);
#15445=LINE('',#20318,#20319);
#15446=LINE('',#20320,#20321);
#15447=LINE('',#20322,#20323);
#15448=VERTEX_POINT('',#20324);
#15449=LINE('',#20325,#20326);
#15450=VERTEX_POINT('',#20327);
#15451=LINE('',#20328,#20329);
#15452=LINE('',#20330,#20331);
#15453=VERTEX_POINT('',#20332);
#15454=LINE('',#20333,#20334);
#15455=VERTEX_POINT('',#20335);
#15456=LINE('',#20336,#20337);
#15457=LINE('',#20338,#20339);
#15458=VERTEX_POINT('',#20340);
#15459=LINE('',#20341,#20342);
#15460=VERTEX_POINT('',#20343);
#15461=LINE('',#20344,#20345);
#15462=LINE('',#20346,#20347);
#15463=VERTEX_POINT('',#20348);
#15464=LINE('',#20349,#20350);
#15465=VERTEX_POINT('',#20351);
#15466=LINE('',#20352,#20353);
#15467=LINE('',#20354,#20355);
#15468=VERTEX_POINT('',#20356);
#15469=LINE('',#20357,#20358);
#15470=LINE('',#20359,#20360);
#15471=LINE('',#20361,#20362);
#15472=VERTEX_POINT('',#20363);
#15473=LINE('',#20364,#20365);
#15474=LINE('',#20366,#20367);
#15475=VERTEX_POINT('',#20368);
#15476=LINE('',#20369,#20370);
#15477=LINE('',#20371,#20372);
#15478=VERTEX_POINT('',#20373);
#15479=LINE('',#20374,#20375);
#15480=LINE('',#20376,#20377);
#15481=LINE('',#20378,#20379);
#15482=LINE('',#20380,#20381);
#15483=LINE('',#20382,#20383);
#15484=VERTEX_POINT('',#20384);
#15485=LINE('',#20385,#20386);
#15486=VERTEX_POINT('',#20387);
#15487=LINE('',#20388,#20389);
#15488=LINE('',#20390,#20391);
#15489=VERTEX_POINT('',#20392);
#15490=LINE('',#20393,#20394);
#15491=LINE('',#20395,#20396);
#15492=VERTEX_POINT('',#20397);
#15493=LINE('',#20398,#20399);
#15494=LINE('',#20400,#20401);
#15495=LINE('',#20402,#20403);
#15496=VERTEX_POINT('',#20404);
#15497=LINE('',#20405,#20406);
#15498=VERTEX_POINT('',#20407);
#15499=LINE('',#20408,#20409);
#15500=LINE('',#20410,#20411);
#15501=VERTEX_POINT('',#20412);
#15502=LINE('',#20413,#20414);
#15503=VERTEX_POINT('',#20415);
#15504=LINE('',#20416,#20417);
#15505=LINE('',#20418,#20419);
#15506=VERTEX_POINT('',#20420);
#15507=LINE('',#20421,#20422);
#15508=VERTEX_POINT('',#20423);
#15509=LINE('',#20424,#20425);
#15510=LINE('',#20426,#20427);
#15511=VERTEX_POINT('',#20428);
#15512=LINE('',#20429,#20430);
#15513=VERTEX_POINT('',#20431);
#15514=LINE('',#20432,#20433);
#15515=LINE('',#20434,#20435);
#15516=VERTEX_POINT('',#20436);
#15517=LINE('',#20437,#20438);
#15518=LINE('',#20439,#20440);
#15519=LINE('',#20441,#20442);
#15520=VERTEX_POINT('',#20443);
#15521=LINE('',#20444,#20445);
#15522=LINE('',#20446,#20447);
#15523=VERTEX_POINT('',#20448);
#15524=LINE('',#20449,#20450);
#15525=LINE('',#20451,#20452);
#15526=VERTEX_POINT('',#20453);
#15527=LINE('',#20454,#20455);
#15528=LINE('',#20456,#20457);
#15529=LINE('',#20458,#20459);
#15530=LINE('',#20460,#20461);
#15531=LINE('',#20462,#20463);
#15532=VERTEX_POINT('',#20464);
#15533=LINE('',#20465,#20466);
#15534=VERTEX_POINT('',#20467);
#15535=LINE('',#20468,#20469);
#15536=LINE('',#20470,#20471);
#15537=VERTEX_POINT('',#20472);
#15538=LINE('',#20473,#20474);
#15539=LINE('',#20475,#20476);
#15540=VERTEX_POINT('',#20477);
#15541=LINE('',#20478,#20479);
#15542=LINE('',#20480,#20481);
#15543=LINE('',#20482,#20483);
#15544=VERTEX_POINT('',#20484);
#15545=LINE('',#20485,#20486);
#15546=VERTEX_POINT('',#20487);
#15547=LINE('',#20488,#20489);
#15548=LINE('',#20490,#20491);
#15549=VERTEX_POINT('',#20492);
#15550=LINE('',#20493,#20494);
#15551=VERTEX_POINT('',#20495);
#15552=LINE('',#20496,#20497);
#15553=LINE('',#20498,#20499);
#15554=VERTEX_POINT('',#20500);
#15555=LINE('',#20501,#20502);
#15556=VERTEX_POINT('',#20503);
#15557=LINE('',#20504,#20505);
#15558=LINE('',#20506,#20507);
#15559=VERTEX_POINT('',#20508);
#15560=LINE('',#20509,#20510);
#15561=VERTEX_POINT('',#20511);
#15562=LINE('',#20512,#20513);
#15563=LINE('',#20514,#20515);
#15564=VERTEX_POINT('',#20516);
#15565=LINE('',#20517,#20518);
#15566=LINE('',#20519,#20520);
#15567=LINE('',#20521,#20522);
#15568=VERTEX_POINT('',#20523);
#15569=LINE('',#20524,#20525);
#15570=LINE('',#20526,#20527);
#15571=VERTEX_POINT('',#20528);
#15572=LINE('',#20529,#20530);
#15573=LINE('',#20531,#20532);
#15574=VERTEX_POINT('',#20533);
#15575=LINE('',#20534,#20535);
#15576=LINE('',#20536,#20537);
#15577=LINE('',#20538,#20539);
#15578=LINE('',#20540,#20541);
#15579=LINE('',#20542,#20543);
#15580=VERTEX_POINT('',#20544);
#15581=LINE('',#20545,#20546);
#15582=VERTEX_POINT('',#20547);
#15583=LINE('',#20548,#20549);
#15584=LINE('',#20550,#20551);
#15585=VERTEX_POINT('',#20552);
#15586=LINE('',#20553,#20554);
#15587=LINE('',#20555,#20556);
#15588=VERTEX_POINT('',#20557);
#15589=LINE('',#20558,#20559);
#15590=LINE('',#20560,#20561);
#15591=LINE('',#20562,#20563);
#15592=CARTESIAN_POINT('',(-17.2212,0.9398,8.51818036011228E-17));
#15593=CARTESIAN_POINT('',(-17.2212,1.143,8.51818036011228E-17));
#15594=CARTESIAN_POINT('',(-17.2212,1.143,8.51818036011228E-17));
#15595=VECTOR('',#20564,1.0);
#15596=CARTESIAN_POINT('',(-16.51,0.9398,-0.7112));
#15597=AXIS2_PLACEMENT_3D('',#20565,#20566,#20567);
#15598=CARTESIAN_POINT('',(-16.51,1.143,-0.7112));
#15599=CARTESIAN_POINT('',(-16.51,1.143,-0.7112));
#15600=VECTOR('',#20568,0.2032);
#15601=AXIS2_PLACEMENT_3D('',#20569,#20570,#20571);
#15602=CARTESIAN_POINT('',(-15.7988,1.143,-8.51818036011232E-17));
#15603=CARTESIAN_POINT('',(-15.7988,0.9398,-8.51818036011232E-17));
#15604=CARTESIAN_POINT('',(-15.7988,1.143,-8.51818036011232E-17));
#15605=VECTOR('',#20572,1.0);
#15606=CARTESIAN_POINT('',(-15.9893,1.143,-0.484434670518104));
#15607=AXIS2_PLACEMENT_3D('',#20573,#20574,#20575);
#15608=CARTESIAN_POINT('',(-15.9893,0.9398,-0.484434670518104));
#15609=CARTESIAN_POINT('',(-15.9893,1.143,-0.484434670518104));
#15610=VECTOR('',#20576,0.2032);
#15611=AXIS2_PLACEMENT_3D('',#20577,#20578,#20579);
#15612=CARTESIAN_POINT('',(-14.6812,0.9398,5.74262279854942E-17));
#15613=CARTESIAN_POINT('',(-14.6812,1.143,5.74262279854942E-17));
#15614=CARTESIAN_POINT('',(-14.6812,1.143,5.74262279854942E-17));
#15615=VECTOR('',#20580,1.0);
#15616=CARTESIAN_POINT('',(-13.97,0.9398,-0.7112));
#15617=AXIS2_PLACEMENT_3D('',#20581,#20582,#20583);
#15618=CARTESIAN_POINT('',(-13.97,1.143,-0.7112));
#15619=CARTESIAN_POINT('',(-13.97,1.143,-0.7112));
#15620=VECTOR('',#20584,0.2032);
#15621=AXIS2_PLACEMENT_3D('',#20585,#20586,#20587);
#15622=CARTESIAN_POINT('',(-13.2588,1.143,-5.74262279854942E-17));
#15623=CARTESIAN_POINT('',(-13.2588,0.9398,-5.74262279854942E-17));
#15624=CARTESIAN_POINT('',(-13.2588,1.143,-5.74262279854942E-17));
#15625=VECTOR('',#20588,1.0);
#15626=CARTESIAN_POINT('',(-13.4493,1.143,-0.484434670518104));
#15627=AXIS2_PLACEMENT_3D('',#20589,#20590,#20591);
#15628=CARTESIAN_POINT('',(-13.4493,0.9398,-0.484434670518104));
#15629=CARTESIAN_POINT('',(-13.4493,1.143,-0.484434670518104));
#15630=VECTOR('',#20592,0.2032);
#15631=AXIS2_PLACEMENT_3D('',#20593,#20594,#20595);
#15632=CARTESIAN_POINT('',(-12.1412,0.9398,5.74262279854944E-17));
#15633=CARTESIAN_POINT('',(-12.1412,1.143,5.74262279854944E-17));
#15634=CARTESIAN_POINT('',(-12.1412,1.143,5.74262279854944E-17));
#15635=VECTOR('',#20596,1.0);
#15636=CARTESIAN_POINT('',(-11.43,0.9398,-0.7112));
#15637=AXIS2_PLACEMENT_3D('',#20597,#20598,#20599);
#15638=CARTESIAN_POINT('',(-11.43,1.143,-0.7112));
#15639=CARTESIAN_POINT('',(-11.43,1.143,-0.7112));
#15640=VECTOR('',#20600,0.2032);
#15641=AXIS2_PLACEMENT_3D('',#20601,#20602,#20603);
#15642=CARTESIAN_POINT('',(-10.7188,1.143,-5.74262279854944E-17));
#15643=CARTESIAN_POINT('',(-10.7188,0.9398,-5.74262279854944E-17));
#15644=CARTESIAN_POINT('',(-10.7188,1.143,-5.74262279854944E-17));
#15645=VECTOR('',#20604,1.0);
#15646=CARTESIAN_POINT('',(-10.9093,1.143,-0.484434670518104));
#15647=AXIS2_PLACEMENT_3D('',#20605,#20606,#20607);
#15648=CARTESIAN_POINT('',(-10.9093,0.9398,-0.484434670518104));
#15649=CARTESIAN_POINT('',(-10.9093,1.143,-0.484434670518104));
#15650=VECTOR('',#20608,0.2032);
#15651=AXIS2_PLACEMENT_3D('',#20609,#20610,#20611);
#15652=CARTESIAN_POINT('',(-9.6012,0.9398,5.74262279854942E-17));
#15653=CARTESIAN_POINT('',(-9.6012,1.143,5.74262279854942E-17));
#15654=CARTESIAN_POINT('',(-9.6012,1.143,5.74262279854942E-17));
#15655=VECTOR('',#20612,1.0);
#15656=CARTESIAN_POINT('',(-8.89,0.9398,-0.7112));
#15657=AXIS2_PLACEMENT_3D('',#20613,#20614,#20615);
#15658=CARTESIAN_POINT('',(-8.89,1.143,-0.7112));
#15659=CARTESIAN_POINT('',(-8.89,1.143,-0.7112));
#15660=VECTOR('',#20616,0.2032);
#15661=AXIS2_PLACEMENT_3D('',#20617,#20618,#20619);
#15662=CARTESIAN_POINT('',(-8.1788,1.143,-5.74262279854942E-17));
#15663=CARTESIAN_POINT('',(-8.1788,0.9398,-5.74262279854942E-17));
#15664=CARTESIAN_POINT('',(-8.1788,1.143,-5.74262279854942E-17));
#15665=VECTOR('',#20620,1.0);
#15666=CARTESIAN_POINT('',(-8.3693,1.143,-0.484434670518104));
#15667=AXIS2_PLACEMENT_3D('',#20621,#20622,#20623);
#15668=CARTESIAN_POINT('',(-8.3693,0.9398,-0.484434670518104));
#15669=CARTESIAN_POINT('',(-8.3693,1.143,-0.484434670518104));
#15670=VECTOR('',#20624,0.2032);
#15671=AXIS2_PLACEMENT_3D('',#20625,#20626,#20627);
#15672=CARTESIAN_POINT('',(-7.0612,0.9398,5.74262279854943E-17));
#15673=CARTESIAN_POINT('',(-7.0612,1.143,5.74262279854943E-17));
#15674=CARTESIAN_POINT('',(-7.0612,1.143,5.74262279854943E-17));
#15675=VECTOR('',#20628,1.0);
#15676=CARTESIAN_POINT('',(-6.35,0.9398,-0.7112));
#15677=AXIS2_PLACEMENT_3D('',#20629,#20630,#20631);
#15678=CARTESIAN_POINT('',(-6.35,1.143,-0.7112));
#15679=CARTESIAN_POINT('',(-6.35,1.143,-0.7112));
#15680=VECTOR('',#20632,0.2032);
#15681=AXIS2_PLACEMENT_3D('',#20633,#20634,#20635);
#15682=CARTESIAN_POINT('',(-5.6388,1.143,-5.74262279854943E-17));
#15683=CARTESIAN_POINT('',(-5.6388,0.9398,-5.74262279854943E-17));
#15684=CARTESIAN_POINT('',(-5.6388,1.143,-5.74262279854943E-17));
#15685=VECTOR('',#20636,1.0);
#15686=CARTESIAN_POINT('',(-5.8293,1.143,-0.484434670518104));
#15687=AXIS2_PLACEMENT_3D('',#20637,#20638,#20639);
#15688=CARTESIAN_POINT('',(-5.8293,0.9398,-0.484434670518104));
#15689=CARTESIAN_POINT('',(-5.8293,1.143,-0.484434670518104));
#15690=VECTOR('',#20640,0.2032);
#15691=AXIS2_PLACEMENT_3D('',#20641,#20642,#20643);
#15692=CARTESIAN_POINT('',(-4.5212,0.9398,5.74262279854943E-17));
#15693=CARTESIAN_POINT('',(-4.5212,1.143,5.74262279854943E-17));
#15694=CARTESIAN_POINT('',(-4.5212,1.143,5.74262279854943E-17));
#15695=VECTOR('',#20644,1.0);
#15696=CARTESIAN_POINT('',(-3.81,0.9398,-0.7112));
#15697=AXIS2_PLACEMENT_3D('',#20645,#20646,#20647);
#15698=CARTESIAN_POINT('',(-3.81,1.143,-0.7112));
#15699=CARTESIAN_POINT('',(-3.81,1.143,-0.7112));
#15700=VECTOR('',#20648,0.2032);
#15701=AXIS2_PLACEMENT_3D('',#20649,#20650,#20651);
#15702=CARTESIAN_POINT('',(-3.0988,1.143,-5.74262279854943E-17));
#15703=CARTESIAN_POINT('',(-3.0988,0.9398,-5.74262279854943E-17));
#15704=CARTESIAN_POINT('',(-3.0988,1.143,-5.74262279854943E-17));
#15705=VECTOR('',#20652,1.0);
#15706=CARTESIAN_POINT('',(-3.2893,1.143,-0.484434670518104));
#15707=AXIS2_PLACEMENT_3D('',#20653,#20654,#20655);
#15708=CARTESIAN_POINT('',(-3.2893,0.9398,-0.484434670518104));
#15709=CARTESIAN_POINT('',(-3.2893,1.143,-0.484434670518104));
#15710=VECTOR('',#20656,0.2032);
#15711=AXIS2_PLACEMENT_3D('',#20657,#20658,#20659);
#15712=CARTESIAN_POINT('',(-1.9812,0.9398,5.74262279854943E-17));
#15713=CARTESIAN_POINT('',(-1.9812,1.143,5.74262279854943E-17));
#15714=CARTESIAN_POINT('',(-1.9812,1.143,5.74262279854943E-17));
#15715=VECTOR('',#20660,1.0);
#15716=CARTESIAN_POINT('',(-1.27,0.9398,-0.7112));
#15717=AXIS2_PLACEMENT_3D('',#20661,#20662,#20663);
#15718=CARTESIAN_POINT('',(-1.27,1.143,-0.7112));
#15719=CARTESIAN_POINT('',(-1.27,1.143,-0.7112));
#15720=VECTOR('',#20664,0.2032);
#15721=AXIS2_PLACEMENT_3D('',#20665,#20666,#20667);
#15722=CARTESIAN_POINT('',(-0.5588,1.143,-5.74262279854943E-17));
#15723=CARTESIAN_POINT('',(-0.5588,0.9398,-5.74262279854943E-17));
#15724=CARTESIAN_POINT('',(-0.5588,1.143,-5.74262279854943E-17));
#15725=VECTOR('',#20668,1.0);
#15726=CARTESIAN_POINT('',(-0.7493,1.143,-0.484434670518104));
#15727=AXIS2_PLACEMENT_3D('',#20669,#20670,#20671);
#15728=CARTESIAN_POINT('',(-0.7493,0.9398,-0.484434670518104));
#15729=CARTESIAN_POINT('',(-0.7493,1.143,-0.484434670518104));
#15730=VECTOR('',#20672,0.2032);
#15731=AXIS2_PLACEMENT_3D('',#20673,#20674,#20675);
#15732=CARTESIAN_POINT('',(0.5588,0.9398,8.51818036011232E-17));
#15733=CARTESIAN_POINT('',(0.5588,1.143,8.51818036011232E-17));
#15734=CARTESIAN_POINT('',(0.5588,1.143,8.51818036011232E-17));
#15735=VECTOR('',#20676,1.0);
#15736=CARTESIAN_POINT('',(1.27,0.9398,-0.7112));
#15737=AXIS2_PLACEMENT_3D('',#20677,#20678,#20679);
#15738=CARTESIAN_POINT('',(1.27,1.143,-0.7112));
#15739=CARTESIAN_POINT('',(1.27,1.143,-0.7112));
#15740=VECTOR('',#20680,0.2032);
#15741=AXIS2_PLACEMENT_3D('',#20681,#20682,#20683);
#15742=CARTESIAN_POINT('',(1.9812,1.143,-8.51818036011232E-17));
#15743=CARTESIAN_POINT('',(1.9812,0.9398,-8.51818036011232E-17));
#15744=CARTESIAN_POINT('',(1.9812,1.143,-8.51818036011232E-17));
#15745=VECTOR('',#20684,1.0);
#15746=CARTESIAN_POINT('',(1.7907,1.143,-0.484434670518104));
#15747=AXIS2_PLACEMENT_3D('',#20685,#20686,#20687);
#15748=CARTESIAN_POINT('',(1.7907,0.9398,-0.484434670518104));
#15749=CARTESIAN_POINT('',(1.7907,1.143,-0.484434670518104));
#15750=VECTOR('',#20688,0.2032);
#15751=AXIS2_PLACEMENT_3D('',#20689,#20690,#20691);
#15752=CARTESIAN_POINT('',(3.0988,0.9398,5.74262279854943E-17));
#15753=CARTESIAN_POINT('',(3.0988,1.143,5.74262279854943E-17));
#15754=CARTESIAN_POINT('',(3.0988,1.143,5.74262279854943E-17));
#15755=VECTOR('',#20692,1.0);
#15756=CARTESIAN_POINT('',(3.81,0.9398,-0.7112));
#15757=AXIS2_PLACEMENT_3D('',#20693,#20694,#20695);
#15758=CARTESIAN_POINT('',(3.81,1.143,-0.7112));
#15759=CARTESIAN_POINT('',(3.81,1.143,-0.7112));
#15760=VECTOR('',#20696,0.2032);
#15761=AXIS2_PLACEMENT_3D('',#20697,#20698,#20699);
#15762=CARTESIAN_POINT('',(4.5212,1.143,-5.74262279854943E-17));
#15763=CARTESIAN_POINT('',(4.5212,0.9398,-5.74262279854943E-17));
#15764=CARTESIAN_POINT('',(4.5212,1.143,-5.74262279854943E-17));
#15765=VECTOR('',#20700,1.0);
#15766=CARTESIAN_POINT('',(4.3307,1.143,-0.484434670518104));
#15767=AXIS2_PLACEMENT_3D('',#20701,#20702,#20703);
#15768=CARTESIAN_POINT('',(4.3307,0.9398,-0.484434670518104));
#15769=CARTESIAN_POINT('',(4.3307,1.143,-0.484434670518104));
#15770=VECTOR('',#20704,0.2032);
#15771=AXIS2_PLACEMENT_3D('',#20705,#20706,#20707);
#15772=CARTESIAN_POINT('',(5.6388,0.9398,5.74262279854943E-17));
#15773=CARTESIAN_POINT('',(5.6388,1.143,5.74262279854943E-17));
#15774=CARTESIAN_POINT('',(5.6388,1.143,5.74262279854943E-17));
#15775=VECTOR('',#20708,1.0);
#15776=CARTESIAN_POINT('',(6.35,0.9398,-0.7112));
#15777=AXIS2_PLACEMENT_3D('',#20709,#20710,#20711);
#15778=CARTESIAN_POINT('',(6.35,1.143,-0.7112));
#15779=CARTESIAN_POINT('',(6.35,1.143,-0.7112));
#15780=VECTOR('',#20712,0.2032);
#15781=AXIS2_PLACEMENT_3D('',#20713,#20714,#20715);
#15782=CARTESIAN_POINT('',(7.0612,1.143,-5.74262279854943E-17));
#15783=CARTESIAN_POINT('',(7.0612,0.9398,-5.74262279854943E-17));
#15784=CARTESIAN_POINT('',(7.0612,1.143,-5.74262279854943E-17));
#15785=VECTOR('',#20716,1.0);
#15786=CARTESIAN_POINT('',(6.8707,1.143,-0.484434670518104));
#15787=AXIS2_PLACEMENT_3D('',#20717,#20718,#20719);
#15788=CARTESIAN_POINT('',(6.8707,0.9398,-0.484434670518104));
#15789=CARTESIAN_POINT('',(6.8707,1.143,-0.484434670518104));
#15790=VECTOR('',#20720,0.2032);
#15791=AXIS2_PLACEMENT_3D('',#20721,#20722,#20723);
#15792=CARTESIAN_POINT('',(8.1788,0.9398,5.74262279854942E-17));
#15793=CARTESIAN_POINT('',(8.1788,1.143,5.74262279854942E-17));
#15794=CARTESIAN_POINT('',(8.1788,1.143,5.74262279854942E-17));
#15795=VECTOR('',#20724,1.0);
#15796=CARTESIAN_POINT('',(8.89,0.9398,-0.7112));
#15797=AXIS2_PLACEMENT_3D('',#20725,#20726,#20727);
#15798=CARTESIAN_POINT('',(8.89,1.143,-0.7112));
#15799=CARTESIAN_POINT('',(8.89,1.143,-0.7112));
#15800=VECTOR('',#20728,0.2032);
#15801=AXIS2_PLACEMENT_3D('',#20729,#20730,#20731);
#15802=CARTESIAN_POINT('',(9.6012,1.143,-5.74262279854942E-17));
#15803=CARTESIAN_POINT('',(9.6012,0.9398,-5.74262279854942E-17));
#15804=CARTESIAN_POINT('',(9.6012,1.143,-5.74262279854942E-17));
#15805=VECTOR('',#20732,1.0);
#15806=CARTESIAN_POINT('',(9.4107,1.143,-0.484434670518104));
#15807=AXIS2_PLACEMENT_3D('',#20733,#20734,#20735);
#15808=CARTESIAN_POINT('',(9.4107,0.9398,-0.484434670518104));
#15809=CARTESIAN_POINT('',(9.4107,1.143,-0.484434670518104));
#15810=VECTOR('',#20736,0.2032);
#15811=AXIS2_PLACEMENT_3D('',#20737,#20738,#20739);
#15812=CARTESIAN_POINT('',(10.7188,0.9398,5.74262279854944E-17));
#15813=CARTESIAN_POINT('',(10.7188,1.143,5.74262279854944E-17));
#15814=CARTESIAN_POINT('',(10.7188,1.143,5.74262279854944E-17));
#15815=VECTOR('',#20740,1.0);
#15816=CARTESIAN_POINT('',(11.43,0.9398,-0.7112));
#15817=AXIS2_PLACEMENT_3D('',#20741,#20742,#20743);
#15818=CARTESIAN_POINT('',(11.43,1.143,-0.7112));
#15819=CARTESIAN_POINT('',(11.43,1.143,-0.7112));
#15820=VECTOR('',#20744,0.2032);
#15821=AXIS2_PLACEMENT_3D('',#20745,#20746,#20747);
#15822=CARTESIAN_POINT('',(12.1412,1.143,-5.74262279854944E-17));
#15823=CARTESIAN_POINT('',(12.1412,0.9398,-5.74262279854944E-17));
#15824=CARTESIAN_POINT('',(12.1412,1.143,-5.74262279854944E-17));
#15825=VECTOR('',#20748,1.0);
#15826=CARTESIAN_POINT('',(11.9507,1.143,-0.484434670518104));
#15827=AXIS2_PLACEMENT_3D('',#20749,#20750,#20751);
#15828=CARTESIAN_POINT('',(11.9507,0.9398,-0.484434670518104));
#15829=CARTESIAN_POINT('',(11.9507,1.143,-0.484434670518104));
#15830=VECTOR('',#20752,0.2032);
#15831=AXIS2_PLACEMENT_3D('',#20753,#20754,#20755);
#15832=CARTESIAN_POINT('',(13.2588,0.9398,5.74262279854942E-17));
#15833=CARTESIAN_POINT('',(13.2588,1.143,5.74262279854942E-17));
#15834=CARTESIAN_POINT('',(13.2588,1.143,5.74262279854942E-17));
#15835=VECTOR('',#20756,1.0);
#15836=CARTESIAN_POINT('',(13.97,0.9398,-0.7112));
#15837=AXIS2_PLACEMENT_3D('',#20757,#20758,#20759);
#15838=CARTESIAN_POINT('',(13.97,1.143,-0.7112));
#15839=CARTESIAN_POINT('',(13.97,1.143,-0.7112));
#15840=VECTOR('',#20760,0.2032);
#15841=AXIS2_PLACEMENT_3D('',#20761,#20762,#20763);
#15842=CARTESIAN_POINT('',(14.6812,1.143,-5.74262279854942E-17));
#15843=CARTESIAN_POINT('',(14.6812,0.9398,-5.74262279854942E-17));
#15844=CARTESIAN_POINT('',(14.6812,1.143,-5.74262279854942E-17));
#15845=VECTOR('',#20764,1.0);
#15846=CARTESIAN_POINT('',(14.4907,1.143,-0.484434670518104));
#15847=AXIS2_PLACEMENT_3D('',#20765,#20766,#20767);
#15848=CARTESIAN_POINT('',(14.4907,0.9398,-0.484434670518104));
#15849=CARTESIAN_POINT('',(14.4907,1.143,-0.484434670518104));
#15850=VECTOR('',#20768,0.2032);
#15851=AXIS2_PLACEMENT_3D('',#20769,#20770,#20771);
#15852=CARTESIAN_POINT('',(15.7988,0.9398,5.74262279854944E-17));
#15853=CARTESIAN_POINT('',(15.7988,1.143,5.74262279854944E-17));
#15854=CARTESIAN_POINT('',(15.7988,1.143,5.74262279854944E-17));
#15855=VECTOR('',#20772,1.0);
#15856=CARTESIAN_POINT('',(16.51,0.9398,-0.7112));
#15857=AXIS2_PLACEMENT_3D('',#20773,#20774,#20775);
#15858=CARTESIAN_POINT('',(16.51,1.143,-0.7112));
#15859=CARTESIAN_POINT('',(16.51,1.143,-0.7112));
#15860=VECTOR('',#20776,0.2032);
#15861=AXIS2_PLACEMENT_3D('',#20777,#20778,#20779);
#15862=CARTESIAN_POINT('',(17.2212,1.143,-5.7426227985494E-17));
#15863=CARTESIAN_POINT('',(17.2212,0.9398,-5.7426227985494E-17));
#15864=CARTESIAN_POINT('',(17.2212,1.143,-5.7426227985494E-17));
#15865=VECTOR('',#20780,1.0);
#15866=CARTESIAN_POINT('',(17.0307,1.143,-0.484434670518104));
#15867=AXIS2_PLACEMENT_3D('',#20781,#20782,#20783);
#15868=CARTESIAN_POINT('',(17.0307,0.9398,-0.484434670518104));
#15869=CARTESIAN_POINT('',(17.0307,1.143,-0.484434670518104));
#15870=VECTOR('',#20784,0.2032);
#15871=AXIS2_PLACEMENT_3D('',#20785,#20786,#20787);
#15872=CARTESIAN_POINT('',(17.4625,1.143,-1.1684));
#15873=CARTESIAN_POINT('',(17.4625,0.9398,-1.1684));
#15874=CARTESIAN_POINT('',(17.4625,1.143,-1.1684));
#15875=VECTOR('',#20788,0.2032);
#15876=CARTESIAN_POINT('',(17.4625,1.143,1.1684));
#15877=CARTESIAN_POINT('',(17.4625,1.143,1.1684));
#15878=VECTOR('',#20789,2.3368);
#15879=CARTESIAN_POINT('',(17.4625,0.9398,1.1684));
#15880=CARTESIAN_POINT('',(17.4625,0.9398,1.1684));
#15881=VECTOR('',#20790,0.2032);
#15882=CARTESIAN_POINT('',(17.4625,0.9398,0.9144));
#15883=CARTESIAN_POINT('',(17.4625,0.9398,0.9144));
#15884=VECTOR('',#20791,0.254);
#15885=CARTESIAN_POINT('',(17.4625,0.9398,-0.9144));
#15886=CARTESIAN_POINT('',(17.4625,0.9398,-0.9144));
#15887=VECTOR('',#20792,1.8288);
#15888=CARTESIAN_POINT('',(17.4625,0.9398,-1.1684));
#15889=VECTOR('',#20793,0.254);
#15890=CARTESIAN_POINT('',(17.4625,-0.9398,0.9144));
#15891=CARTESIAN_POINT('',(17.4625,-0.9398,-0.9144));
#15892=CARTESIAN_POINT('',(17.4625,-0.9398,0.9144));
#15893=VECTOR('',#20794,1.8288);
#15894=CARTESIAN_POINT('',(17.4625,-0.9398,1.1684));
#15895=CARTESIAN_POINT('',(17.4625,-0.9398,0.9144));
#15896=VECTOR('',#20795,0.254);
#15897=CARTESIAN_POINT('',(17.4625,-1.143,1.1684));
#15898=CARTESIAN_POINT('',(17.4625,-1.143,1.1684));
#15899=VECTOR('',#20796,0.2032);
#15900=CARTESIAN_POINT('',(17.4625,-1.143,-1.1684));
#15901=CARTESIAN_POINT('',(17.4625,-1.143,-1.1684));
#15902=VECTOR('',#20797,2.3368);
#15903=CARTESIAN_POINT('',(17.4625,-0.9398,-1.1684));
#15904=CARTESIAN_POINT('',(17.4625,-0.9398,-1.1684));
#15905=VECTOR('',#20798,0.2032);
#15906=CARTESIAN_POINT('',(17.4625,-0.9398,-1.1684));
#15907=VECTOR('',#20799,0.254);
#15908=CARTESIAN_POINT('',(-17.4625,0.9398,0.9144));
#15909=CARTESIAN_POINT('',(-17.4625,0.9398,1.1684));
#15910=CARTESIAN_POINT('',(-17.4625,0.9398,0.9144));
#15911=VECTOR('',#20800,0.254);
#15912=CARTESIAN_POINT('',(-17.78,0.9398,0.9144));
#15913=CARTESIAN_POINT('',(-17.78,0.9398,0.9144));
#15914=VECTOR('',#20801,0.3175);
#15915=CARTESIAN_POINT('',(-17.78,0.9398,1.0033));
#15916=CARTESIAN_POINT('',(-17.78,0.9398,1.0033));
#15917=VECTOR('',#20802,0.0889);
#15918=CARTESIAN_POINT('',(-17.4625,0.9398,1.2446));
#15919=CARTESIAN_POINT('',(-17.4625,0.9398,1.2446));
#15920=VECTOR('',#20803,0.398788089089994);
#15921=CARTESIAN_POINT('',(-15.494,0.9398,1.2446));
#15922=CARTESIAN_POINT('',(-15.494,0.9398,1.2446));
#15923=VECTOR('',#20804,1.9685);
#15924=CARTESIAN_POINT('',(-15.24,0.9398,0.9906));
#15925=CARTESIAN_POINT('',(-15.24,0.9398,0.9906));
#15926=VECTOR('',#20805,0.359210244842742);
#15927=CARTESIAN_POINT('',(-14.986,0.9398,1.2446));
#15928=CARTESIAN_POINT('',(-14.986,0.9398,1.2446));
#15929=VECTOR('',#20806,0.359210244842742);
#15930=CARTESIAN_POINT('',(-12.954,0.9398,1.2446));
#15931=CARTESIAN_POINT('',(-12.954,0.9398,1.2446));
#15932=VECTOR('',#20807,2.032);
#15933=CARTESIAN_POINT('',(-12.7,0.9398,0.9906));
#15934=CARTESIAN_POINT('',(-12.7,0.9398,0.9906));
#15935=VECTOR('',#20808,0.359210244842742);
#15936=CARTESIAN_POINT('',(-12.446,0.9398,1.2446));
#15937=CARTESIAN_POINT('',(-12.446,0.9398,1.2446));
#15938=VECTOR('',#20809,0.359210244842742);
#15939=CARTESIAN_POINT('',(-10.414,0.9398,1.2446));
#15940=CARTESIAN_POINT('',(-10.414,0.9398,1.2446));
#15941=VECTOR('',#20810,2.032);
#15942=CARTESIAN_POINT('',(-10.16,0.9398,0.9906));
#15943=CARTESIAN_POINT('',(-10.16,0.9398,0.9906));
#15944=VECTOR('',#20811,0.359210244842742);
#15945=CARTESIAN_POINT('',(-9.906,0.9398,1.2446));
#15946=CARTESIAN_POINT('',(-9.906,0.9398,1.2446));
#15947=VECTOR('',#20812,0.359210244842742);
#15948=CARTESIAN_POINT('',(-7.874,0.9398,1.2446));
#15949=CARTESIAN_POINT('',(-7.874,0.9398,1.2446));
#15950=VECTOR('',#20813,2.032);
#15951=CARTESIAN_POINT('',(-7.62,0.9398,0.9906));
#15952=CARTESIAN_POINT('',(-7.62,0.9398,0.9906));
#15953=VECTOR('',#20814,0.359210244842742);
#15954=CARTESIAN_POINT('',(-7.366,0.9398,1.2446));
#15955=CARTESIAN_POINT('',(-7.366,0.9398,1.2446));
#15956=VECTOR('',#20815,0.359210244842742);
#15957=CARTESIAN_POINT('',(-5.334,0.9398,1.2446));
#15958=CARTESIAN_POINT('',(-5.334,0.9398,1.2446));
#15959=VECTOR('',#20816,2.032);
#15960=CARTESIAN_POINT('',(-5.08,0.9398,0.9906));
#15961=CARTESIAN_POINT('',(-5.08,0.9398,0.9906));
#15962=VECTOR('',#20817,0.359210244842742);
#15963=CARTESIAN_POINT('',(-4.826,0.9398,1.2446));
#15964=CARTESIAN_POINT('',(-4.826,0.9398,1.2446));
#15965=VECTOR('',#20818,0.359210244842742);
#15966=CARTESIAN_POINT('',(-2.794,0.9398,1.2446));
#15967=CARTESIAN_POINT('',(-2.794,0.9398,1.2446));
#15968=VECTOR('',#20819,2.032);
#15969=CARTESIAN_POINT('',(-2.54,0.9398,0.9906));
#15970=CARTESIAN_POINT('',(-2.54,0.9398,0.9906));
#15971=VECTOR('',#20820,0.359210244842742);
#15972=CARTESIAN_POINT('',(-2.286,0.9398,1.2446));
#15973=CARTESIAN_POINT('',(-2.286,0.9398,1.2446));
#15974=VECTOR('',#20821,0.359210244842742);
#15975=CARTESIAN_POINT('',(-0.254,0.9398,1.2446));
#15976=CARTESIAN_POINT('',(-0.254,0.9398,1.2446));
#15977=VECTOR('',#20822,2.032);
#15978=CARTESIAN_POINT('',(0.0,0.9398,0.9906));
#15979=CARTESIAN_POINT('',(0.0,0.9398,0.9906));
#15980=VECTOR('',#20823,0.359210244842742);
#15981=CARTESIAN_POINT('',(0.254,0.9398,1.2446));
#15982=CARTESIAN_POINT('',(0.254,0.9398,1.2446));
#15983=VECTOR('',#20824,0.359210244842742);
#15984=CARTESIAN_POINT('',(2.286,0.9398,1.2446));
#15985=CARTESIAN_POINT('',(2.286,0.9398,1.2446));
#15986=VECTOR('',#20825,2.032);
#15987=CARTESIAN_POINT('',(2.54,0.9398,0.9906));
#15988=CARTESIAN_POINT('',(2.54,0.9398,0.9906));
#15989=VECTOR('',#20826,0.359210244842742);
#15990=CARTESIAN_POINT('',(2.794,0.9398,1.2446));
#15991=CARTESIAN_POINT('',(2.794,0.9398,1.2446));
#15992=VECTOR('',#20827,0.359210244842742);
#15993=CARTESIAN_POINT('',(4.826,0.9398,1.2446));
#15994=CARTESIAN_POINT('',(4.826,0.9398,1.2446));
#15995=VECTOR('',#20828,2.032);
#15996=CARTESIAN_POINT('',(5.08,0.9398,0.9906));
#15997=CARTESIAN_POINT('',(5.08,0.9398,0.9906));
#15998=VECTOR('',#20829,0.359210244842742);
#15999=CARTESIAN_POINT('',(5.334,0.9398,1.2446));
#16000=CARTESIAN_POINT('',(5.334,0.9398,1.2446));
#16001=VECTOR('',#20830,0.359210244842742);
#16002=CARTESIAN_POINT('',(7.366,0.9398,1.2446));
#16003=CARTESIAN_POINT('',(7.366,0.9398,1.2446));
#16004=VECTOR('',#20831,2.032);
#16005=CARTESIAN_POINT('',(7.62,0.9398,0.9906));
#16006=CARTESIAN_POINT('',(7.62,0.9398,0.9906));
#16007=VECTOR('',#20832,0.359210244842742);
#16008=CARTESIAN_POINT('',(7.874,0.9398,1.2446));
#16009=CARTESIAN_POINT('',(7.874,0.9398,1.2446));
#16010=VECTOR('',#20833,0.359210244842742);
#16011=CARTESIAN_POINT('',(9.906,0.9398,1.2446));
#16012=CARTESIAN_POINT('',(9.906,0.9398,1.2446));
#16013=VECTOR('',#20834,2.032);
#16014=CARTESIAN_POINT('',(10.16,0.9398,0.9906));
#16015=CARTESIAN_POINT('',(10.16,0.9398,0.9906));
#16016=VECTOR('',#20835,0.359210244842742);
#16017=CARTESIAN_POINT('',(10.414,0.9398,1.2446));
#16018=CARTESIAN_POINT('',(10.414,0.9398,1.2446));
#16019=VECTOR('',#20836,0.359210244842742);
#16020=CARTESIAN_POINT('',(12.446,0.9398,1.2446));
#16021=CARTESIAN_POINT('',(12.446,0.9398,1.2446));
#16022=VECTOR('',#20837,2.032);
#16023=CARTESIAN_POINT('',(12.7,0.9398,0.9906));
#16024=CARTESIAN_POINT('',(12.7,0.9398,0.9906));
#16025=VECTOR('',#20838,0.359210244842742);
#16026=CARTESIAN_POINT('',(12.954,0.9398,1.2446));
#16027=CARTESIAN_POINT('',(12.954,0.9398,1.2446));
#16028=VECTOR('',#20839,0.359210244842742);
#16029=CARTESIAN_POINT('',(14.986,0.9398,1.2446));
#16030=CARTESIAN_POINT('',(14.986,0.9398,1.2446));
#16031=VECTOR('',#20840,2.032);
#16032=CARTESIAN_POINT('',(15.24,0.9398,0.9906));
#16033=CARTESIAN_POINT('',(15.24,0.9398,0.9906));
#16034=VECTOR('',#20841,0.359210244842742);
#16035=CARTESIAN_POINT('',(15.494,0.9398,1.2446));
#16036=CARTESIAN_POINT('',(15.494,0.9398,1.2446));
#16037=VECTOR('',#20842,0.359210244842742);
#16038=CARTESIAN_POINT('',(17.4625,0.9398,1.2446));
#16039=CARTESIAN_POINT('',(17.4625,0.9398,1.2446));
#16040=VECTOR('',#20843,1.9685);
#16041=CARTESIAN_POINT('',(17.78,0.9398,1.0033));
#16042=CARTESIAN_POINT('',(17.78,0.9398,1.0033));
#16043=VECTOR('',#20844,0.398788089089994);
#16044=CARTESIAN_POINT('',(17.78,0.9398,0.9144));
#16045=CARTESIAN_POINT('',(17.78,0.9398,0.9144));
#16046=VECTOR('',#20845,0.0889);
#16047=CARTESIAN_POINT('',(17.4625,0.9398,0.9144));
#16048=VECTOR('',#20846,0.3175);
#16049=CARTESIAN_POINT('',(16.51,0.9398,1.1684));
#16050=CARTESIAN_POINT('',(17.4625,0.9398,1.1684));
#16051=VECTOR('',#20847,0.9525);
#16052=CARTESIAN_POINT('',(16.51,0.9398,0.7112));
#16053=CARTESIAN_POINT('',(16.51,0.9398,1.1684));
#16054=VECTOR('',#20848,0.4572);
#16055=AXIS2_PLACEMENT_3D('',#20849,#20850,#20851);
#16056=CARTESIAN_POINT('',(17.0307,0.9398,-1.1684));
#16057=CARTESIAN_POINT('',(17.0307,0.9398,-0.484434670518104));
#16058=VECTOR('',#20852,0.683965329481896);
#16059=CARTESIAN_POINT('',(17.4625,0.9398,-1.1684));
#16060=VECTOR('',#20853,0.4318);
#16061=CARTESIAN_POINT('',(17.78,0.9398,-0.9144));
#16062=CARTESIAN_POINT('',(17.78,0.9398,-0.9144));
#16063=VECTOR('',#20854,0.3175);
#16064=CARTESIAN_POINT('',(17.78,0.9398,-1.0033));
#16065=CARTESIAN_POINT('',(17.78,0.9398,-1.0033));
#16066=VECTOR('',#20855,0.0889);
#16067=CARTESIAN_POINT('',(17.4625,0.9398,-1.2446));
#16068=CARTESIAN_POINT('',(17.4625,0.9398,-1.2446));
#16069=VECTOR('',#20856,0.398788089089994);
#16070=CARTESIAN_POINT('',(15.494,0.9398,-1.2446));
#16071=CARTESIAN_POINT('',(17.4625,0.9398,-1.2446));
#16072=VECTOR('',#20857,1.9685);
#16073=CARTESIAN_POINT('',(15.24,0.9398,-0.9906));
#16074=CARTESIAN_POINT('',(15.24,0.9398,-0.9906));
#16075=VECTOR('',#20858,0.359210244842742);
#16076=CARTESIAN_POINT('',(14.986,0.9398,-1.2446));
#16077=CARTESIAN_POINT('',(14.986,0.9398,-1.2446));
#16078=VECTOR('',#20859,0.359210244842742);
#16079=CARTESIAN_POINT('',(12.954,0.9398,-1.2446));
#16080=CARTESIAN_POINT('',(14.986,0.9398,-1.2446));
#16081=VECTOR('',#20860,2.032);
#16082=CARTESIAN_POINT('',(12.7,0.9398,-0.9906));
#16083=CARTESIAN_POINT('',(12.7,0.9398,-0.9906));
#16084=VECTOR('',#20861,0.359210244842742);
#16085=CARTESIAN_POINT('',(12.446,0.9398,-1.2446));
#16086=CARTESIAN_POINT('',(12.446,0.9398,-1.2446));
#16087=VECTOR('',#20862,0.359210244842742);
#16088=CARTESIAN_POINT('',(10.414,0.9398,-1.2446));
#16089=CARTESIAN_POINT('',(12.446,0.9398,-1.2446));
#16090=VECTOR('',#20863,2.032);
#16091=CARTESIAN_POINT('',(10.16,0.9398,-0.9906));
#16092=CARTESIAN_POINT('',(10.16,0.9398,-0.9906));
#16093=VECTOR('',#20864,0.359210244842742);
#16094=CARTESIAN_POINT('',(9.906,0.9398,-1.2446));
#16095=CARTESIAN_POINT('',(9.906,0.9398,-1.2446));
#16096=VECTOR('',#20865,0.359210244842742);
#16097=CARTESIAN_POINT('',(7.874,0.9398,-1.2446));
#16098=CARTESIAN_POINT('',(9.906,0.9398,-1.2446));
#16099=VECTOR('',#20866,2.032);
#16100=CARTESIAN_POINT('',(7.62,0.9398,-0.9906));
#16101=CARTESIAN_POINT('',(7.62,0.9398,-0.9906));
#16102=VECTOR('',#20867,0.359210244842742);
#16103=CARTESIAN_POINT('',(7.366,0.9398,-1.2446));
#16104=CARTESIAN_POINT('',(7.366,0.9398,-1.2446));
#16105=VECTOR('',#20868,0.359210244842742);
#16106=CARTESIAN_POINT('',(5.334,0.9398,-1.2446));
#16107=CARTESIAN_POINT('',(7.366,0.9398,-1.2446));
#16108=VECTOR('',#20869,2.032);
#16109=CARTESIAN_POINT('',(5.08,0.9398,-0.9906));
#16110=CARTESIAN_POINT('',(5.08,0.9398,-0.9906));
#16111=VECTOR('',#20870,0.359210244842742);
#16112=CARTESIAN_POINT('',(4.826,0.9398,-1.2446));
#16113=CARTESIAN_POINT('',(4.826,0.9398,-1.2446));
#16114=VECTOR('',#20871,0.359210244842742);
#16115=CARTESIAN_POINT('',(2.794,0.9398,-1.2446));
#16116=CARTESIAN_POINT('',(4.826,0.9398,-1.2446));
#16117=VECTOR('',#20872,2.032);
#16118=CARTESIAN_POINT('',(2.54,0.9398,-0.9906));
#16119=CARTESIAN_POINT('',(2.54,0.9398,-0.9906));
#16120=VECTOR('',#20873,0.359210244842742);
#16121=CARTESIAN_POINT('',(2.286,0.9398,-1.2446));
#16122=CARTESIAN_POINT('',(2.286,0.9398,-1.2446));
#16123=VECTOR('',#20874,0.359210244842742);
#16124=CARTESIAN_POINT('',(0.254,0.9398,-1.2446));
#16125=CARTESIAN_POINT('',(2.286,0.9398,-1.2446));
#16126=VECTOR('',#20875,2.032);
#16127=CARTESIAN_POINT('',(0.0,0.9398,-0.9906));
#16128=CARTESIAN_POINT('',(0.0,0.9398,-0.9906));
#16129=VECTOR('',#20876,0.359210244842742);
#16130=CARTESIAN_POINT('',(-0.254,0.9398,-1.2446));
#16131=CARTESIAN_POINT('',(-0.254,0.9398,-1.2446));
#16132=VECTOR('',#20877,0.359210244842742);
#16133=CARTESIAN_POINT('',(-2.286,0.9398,-1.2446));
#16134=CARTESIAN_POINT('',(-0.254,0.9398,-1.2446));
#16135=VECTOR('',#20878,2.032);
#16136=CARTESIAN_POINT('',(-2.54,0.9398,-0.9906));
#16137=CARTESIAN_POINT('',(-2.54,0.9398,-0.9906));
#16138=VECTOR('',#20879,0.359210244842742);
#16139=CARTESIAN_POINT('',(-2.794,0.9398,-1.2446));
#16140=CARTESIAN_POINT('',(-2.794,0.9398,-1.2446));
#16141=VECTOR('',#20880,0.359210244842742);
#16142=CARTESIAN_POINT('',(-4.826,0.9398,-1.2446));
#16143=CARTESIAN_POINT('',(-2.794,0.9398,-1.2446));
#16144=VECTOR('',#20881,2.032);
#16145=CARTESIAN_POINT('',(-5.08,0.9398,-0.9906));
#16146=CARTESIAN_POINT('',(-5.08,0.9398,-0.9906));
#16147=VECTOR('',#20882,0.359210244842742);
#16148=CARTESIAN_POINT('',(-5.334,0.9398,-1.2446));
#16149=CARTESIAN_POINT('',(-5.334,0.9398,-1.2446));
#16150=VECTOR('',#20883,0.359210244842742);
#16151=CARTESIAN_POINT('',(-7.366,0.9398,-1.2446));
#16152=CARTESIAN_POINT('',(-5.334,0.9398,-1.2446));
#16153=VECTOR('',#20884,2.032);
#16154=CARTESIAN_POINT('',(-7.62,0.9398,-0.9906));
#16155=CARTESIAN_POINT('',(-7.62,0.9398,-0.9906));
#16156=VECTOR('',#20885,0.359210244842742);
#16157=CARTESIAN_POINT('',(-7.874,0.9398,-1.2446));
#16158=CARTESIAN_POINT('',(-7.874,0.9398,-1.2446));
#16159=VECTOR('',#20886,0.359210244842742);
#16160=CARTESIAN_POINT('',(-9.906,0.9398,-1.2446));
#16161=CARTESIAN_POINT('',(-7.874,0.9398,-1.2446));
#16162=VECTOR('',#20887,2.032);
#16163=CARTESIAN_POINT('',(-10.16,0.9398,-0.9906));
#16164=CARTESIAN_POINT('',(-10.16,0.9398,-0.9906));
#16165=VECTOR('',#20888,0.359210244842742);
#16166=CARTESIAN_POINT('',(-10.414,0.9398,-1.2446));
#16167=CARTESIAN_POINT('',(-10.414,0.9398,-1.2446));
#16168=VECTOR('',#20889,0.359210244842742);
#16169=CARTESIAN_POINT('',(-12.446,0.9398,-1.2446));
#16170=CARTESIAN_POINT('',(-10.414,0.9398,-1.2446));
#16171=VECTOR('',#20890,2.032);
#16172=CARTESIAN_POINT('',(-12.7,0.9398,-0.9906));
#16173=CARTESIAN_POINT('',(-12.7,0.9398,-0.9906));
#16174=VECTOR('',#20891,0.359210244842742);
#16175=CARTESIAN_POINT('',(-12.954,0.9398,-1.2446));
#16176=CARTESIAN_POINT('',(-12.954,0.9398,-1.2446));
#16177=VECTOR('',#20892,0.359210244842742);
#16178=CARTESIAN_POINT('',(-14.986,0.9398,-1.2446));
#16179=CARTESIAN_POINT('',(-12.954,0.9398,-1.2446));
#16180=VECTOR('',#20893,2.032);
#16181=CARTESIAN_POINT('',(-15.24,0.9398,-0.9906));
#16182=CARTESIAN_POINT('',(-15.24,0.9398,-0.9906));
#16183=VECTOR('',#20894,0.359210244842742);
#16184=CARTESIAN_POINT('',(-15.494,0.9398,-1.2446));
#16185=CARTESIAN_POINT('',(-15.494,0.9398,-1.2446));
#16186=VECTOR('',#20895,0.359210244842742);
#16187=CARTESIAN_POINT('',(-17.4625,0.9398,-1.2446));
#16188=CARTESIAN_POINT('',(-15.494,0.9398,-1.2446));
#16189=VECTOR('',#20896,1.9685);
#16190=CARTESIAN_POINT('',(-17.78,0.9398,-1.0033));
#16191=CARTESIAN_POINT('',(-17.78,0.9398,-1.0033));
#16192=VECTOR('',#20897,0.398788089089994);
#16193=CARTESIAN_POINT('',(-17.78,0.9398,-0.9144));
#16194=CARTESIAN_POINT('',(-17.78,0.9398,-0.9144));
#16195=VECTOR('',#20898,0.0889);
#16196=CARTESIAN_POINT('',(-17.4625,0.9398,-0.9144));
#16197=CARTESIAN_POINT('',(-17.4625,0.9398,-0.9144));
#16198=VECTOR('',#20899,0.3175);
#16199=CARTESIAN_POINT('',(-17.4625,0.9398,-1.1684));
#16200=CARTESIAN_POINT('',(-17.4625,0.9398,-1.1684));
#16201=VECTOR('',#20900,0.254);
#16202=CARTESIAN_POINT('',(-16.51,0.9398,-1.1684));
#16203=CARTESIAN_POINT('',(-16.51,0.9398,-1.1684));
#16204=VECTOR('',#20901,0.9525);
#16205=CARTESIAN_POINT('',(-16.51,0.9398,-1.1684));
#16206=VECTOR('',#20902,0.4572);
#16207=CARTESIAN_POINT('',(-17.0307,0.9398,0.484434670518104));
#16208=AXIS2_PLACEMENT_3D('',#20903,#20904,#20905);
#16209=CARTESIAN_POINT('',(-17.0307,0.9398,1.1684));
#16210=CARTESIAN_POINT('',(-17.0307,0.9398,0.484434670518104));
#16211=VECTOR('',#20906,0.683965329481896);
#16212=CARTESIAN_POINT('',(-17.0307,0.9398,1.1684));
#16213=VECTOR('',#20907,0.4318);
#16214=CARTESIAN_POINT('',(-14.9225,0.9398,1.1684));
#16215=CARTESIAN_POINT('',(-14.9225,0.9398,-1.1684));
#16216=CARTESIAN_POINT('',(-14.9225,0.9398,1.1684));
#16217=VECTOR('',#20908,2.3368);
#16218=CARTESIAN_POINT('',(-13.97,0.9398,-1.1684));
#16219=CARTESIAN_POINT('',(-13.97,0.9398,-1.1684));
#16220=VECTOR('',#20909,0.9525);
#16221=CARTESIAN_POINT('',(-13.97,0.9398,-1.1684));
#16222=VECTOR('',#20910,0.4572);
#16223=CARTESIAN_POINT('',(-14.4907,0.9398,0.484434670518104));
#16224=AXIS2_PLACEMENT_3D('',#20911,#20912,#20913);
#16225=CARTESIAN_POINT('',(-14.4907,0.9398,1.1684));
#16226=CARTESIAN_POINT('',(-14.4907,0.9398,0.484434670518104));
#16227=VECTOR('',#20914,0.683965329481896);
#16228=CARTESIAN_POINT('',(-14.4907,0.9398,1.1684));
#16229=VECTOR('',#20915,0.4318);
#16230=CARTESIAN_POINT('',(-12.3825,0.9398,1.1684));
#16231=CARTESIAN_POINT('',(-12.3825,0.9398,-1.1684));
#16232=CARTESIAN_POINT('',(-12.3825,0.9398,1.1684));
#16233=VECTOR('',#20916,2.3368);
#16234=CARTESIAN_POINT('',(-11.43,0.9398,-1.1684));
#16235=CARTESIAN_POINT('',(-11.43,0.9398,-1.1684));
#16236=VECTOR('',#20917,0.9525);
#16237=CARTESIAN_POINT('',(-11.43,0.9398,-1.1684));
#16238=VECTOR('',#20918,0.4572);
#16239=CARTESIAN_POINT('',(-11.9507,0.9398,0.484434670518104));
#16240=AXIS2_PLACEMENT_3D('',#20919,#20920,#20921);
#16241=CARTESIAN_POINT('',(-11.9507,0.9398,1.1684));
#16242=CARTESIAN_POINT('',(-11.9507,0.9398,0.484434670518104));
#16243=VECTOR('',#20922,0.683965329481896);
#16244=CARTESIAN_POINT('',(-11.9507,0.9398,1.1684));
#16245=VECTOR('',#20923,0.4318);
#16246=CARTESIAN_POINT('',(-9.8425,0.9398,1.1684));
#16247=CARTESIAN_POINT('',(-9.8425,0.9398,-1.1684));
#16248=CARTESIAN_POINT('',(-9.8425,0.9398,1.1684));
#16249=VECTOR('',#20924,2.3368);
#16250=CARTESIAN_POINT('',(-8.89,0.9398,-1.1684));
#16251=CARTESIAN_POINT('',(-8.89,0.9398,-1.1684));
#16252=VECTOR('',#20925,0.9525);
#16253=CARTESIAN_POINT('',(-8.89,0.9398,-1.1684));
#16254=VECTOR('',#20926,0.4572);
#16255=CARTESIAN_POINT('',(-9.4107,0.9398,0.484434670518104));
#16256=AXIS2_PLACEMENT_3D('',#20927,#20928,#20929);
#16257=CARTESIAN_POINT('',(-9.4107,0.9398,1.1684));
#16258=CARTESIAN_POINT('',(-9.4107,0.9398,0.484434670518104));
#16259=VECTOR('',#20930,0.683965329481896);
#16260=CARTESIAN_POINT('',(-9.4107,0.9398,1.1684));
#16261=VECTOR('',#20931,0.4318);
#16262=CARTESIAN_POINT('',(-7.3025,0.9398,1.1684));
#16263=CARTESIAN_POINT('',(-7.3025,0.9398,-1.1684));
#16264=CARTESIAN_POINT('',(-7.3025,0.9398,1.1684));
#16265=VECTOR('',#20932,2.3368);
#16266=CARTESIAN_POINT('',(-6.35,0.9398,-1.1684));
#16267=CARTESIAN_POINT('',(-6.35,0.9398,-1.1684));
#16268=VECTOR('',#20933,0.9525);
#16269=CARTESIAN_POINT('',(-6.35,0.9398,-1.1684));
#16270=VECTOR('',#20934,0.4572);
#16271=CARTESIAN_POINT('',(-6.8707,0.9398,0.484434670518104));
#16272=AXIS2_PLACEMENT_3D('',#20935,#20936,#20937);
#16273=CARTESIAN_POINT('',(-6.8707,0.9398,1.1684));
#16274=CARTESIAN_POINT('',(-6.8707,0.9398,0.484434670518104));
#16275=VECTOR('',#20938,0.683965329481896);
#16276=CARTESIAN_POINT('',(-6.8707,0.9398,1.1684));
#16277=VECTOR('',#20939,0.4318);
#16278=CARTESIAN_POINT('',(-4.7625,0.9398,1.1684));
#16279=CARTESIAN_POINT('',(-4.7625,0.9398,-1.1684));
#16280=CARTESIAN_POINT('',(-4.7625,0.9398,1.1684));
#16281=VECTOR('',#20940,2.3368);
#16282=CARTESIAN_POINT('',(-3.81,0.9398,-1.1684));
#16283=CARTESIAN_POINT('',(-3.81,0.9398,-1.1684));
#16284=VECTOR('',#20941,0.9525);
#16285=CARTESIAN_POINT('',(-3.81,0.9398,-1.1684));
#16286=VECTOR('',#20942,0.4572);
#16287=CARTESIAN_POINT('',(-4.3307,0.9398,0.484434670518104));
#16288=AXIS2_PLACEMENT_3D('',#20943,#20944,#20945);
#16289=CARTESIAN_POINT('',(-4.3307,0.9398,1.1684));
#16290=CARTESIAN_POINT('',(-4.3307,0.9398,0.484434670518104));
#16291=VECTOR('',#20946,0.683965329481896);
#16292=CARTESIAN_POINT('',(-4.3307,0.9398,1.1684));
#16293=VECTOR('',#20947,0.4318);
#16294=CARTESIAN_POINT('',(-2.2225,0.9398,1.1684));
#16295=CARTESIAN_POINT('',(-2.2225,0.9398,-1.1684));
#16296=CARTESIAN_POINT('',(-2.2225,0.9398,1.1684));
#16297=VECTOR('',#20948,2.3368);
#16298=CARTESIAN_POINT('',(-1.27,0.9398,-1.1684));
#16299=CARTESIAN_POINT('',(-1.27,0.9398,-1.1684));
#16300=VECTOR('',#20949,0.9525);
#16301=CARTESIAN_POINT('',(-1.27,0.9398,-1.1684));
#16302=VECTOR('',#20950,0.4572);
#16303=CARTESIAN_POINT('',(-1.7907,0.9398,0.484434670518104));
#16304=AXIS2_PLACEMENT_3D('',#20951,#20952,#20953);
#16305=CARTESIAN_POINT('',(-1.7907,0.9398,1.1684));
#16306=CARTESIAN_POINT('',(-1.7907,0.9398,0.484434670518104));
#16307=VECTOR('',#20954,0.683965329481896);
#16308=CARTESIAN_POINT('',(-1.7907,0.9398,1.1684));
#16309=VECTOR('',#20955,0.4318);
#16310=CARTESIAN_POINT('',(0.3175,0.9398,1.1684));
#16311=CARTESIAN_POINT('',(0.3175,0.9398,-1.1684));
#16312=CARTESIAN_POINT('',(0.3175,0.9398,1.1684));
#16313=VECTOR('',#20956,2.3368);
#16314=CARTESIAN_POINT('',(1.27,0.9398,-1.1684));
#16315=CARTESIAN_POINT('',(1.27,0.9398,-1.1684));
#16316=VECTOR('',#20957,0.9525);
#16317=CARTESIAN_POINT('',(1.27,0.9398,-1.1684));
#16318=VECTOR('',#20958,0.4572);
#16319=CARTESIAN_POINT('',(0.7493,0.9398,0.484434670518104));
#16320=AXIS2_PLACEMENT_3D('',#20959,#20960,#20961);
#16321=CARTESIAN_POINT('',(0.7493,0.9398,1.1684));
#16322=CARTESIAN_POINT('',(0.7493,0.9398,0.484434670518104));
#16323=VECTOR('',#20962,0.683965329481896);
#16324=CARTESIAN_POINT('',(0.7493,0.9398,1.1684));
#16325=VECTOR('',#20963,0.4318);
#16326=CARTESIAN_POINT('',(2.8575,0.9398,1.1684));
#16327=CARTESIAN_POINT('',(2.8575,0.9398,-1.1684));
#16328=CARTESIAN_POINT('',(2.8575,0.9398,1.1684));
#16329=VECTOR('',#20964,2.3368);
#16330=CARTESIAN_POINT('',(3.81,0.9398,-1.1684));
#16331=CARTESIAN_POINT('',(3.81,0.9398,-1.1684));
#16332=VECTOR('',#20965,0.9525);
#16333=CARTESIAN_POINT('',(3.81,0.9398,-1.1684));
#16334=VECTOR('',#20966,0.4572);
#16335=CARTESIAN_POINT('',(3.2893,0.9398,0.484434670518104));
#16336=AXIS2_PLACEMENT_3D('',#20967,#20968,#20969);
#16337=CARTESIAN_POINT('',(3.2893,0.9398,1.1684));
#16338=CARTESIAN_POINT('',(3.2893,0.9398,0.484434670518104));
#16339=VECTOR('',#20970,0.683965329481896);
#16340=CARTESIAN_POINT('',(3.2893,0.9398,1.1684));
#16341=VECTOR('',#20971,0.4318);
#16342=CARTESIAN_POINT('',(5.3975,0.9398,1.1684));
#16343=CARTESIAN_POINT('',(5.3975,0.9398,-1.1684));
#16344=CARTESIAN_POINT('',(5.3975,0.9398,1.1684));
#16345=VECTOR('',#20972,2.3368);
#16346=CARTESIAN_POINT('',(6.35,0.9398,-1.1684));
#16347=CARTESIAN_POINT('',(6.35,0.9398,-1.1684));
#16348=VECTOR('',#20973,0.9525);
#16349=CARTESIAN_POINT('',(6.35,0.9398,-1.1684));
#16350=VECTOR('',#20974,0.4572);
#16351=CARTESIAN_POINT('',(5.8293,0.9398,0.484434670518104));
#16352=AXIS2_PLACEMENT_3D('',#20975,#20976,#20977);
#16353=CARTESIAN_POINT('',(5.8293,0.9398,1.1684));
#16354=CARTESIAN_POINT('',(5.8293,0.9398,0.484434670518104));
#16355=VECTOR('',#20978,0.683965329481896);
#16356=CARTESIAN_POINT('',(5.8293,0.9398,1.1684));
#16357=VECTOR('',#20979,0.4318);
#16358=CARTESIAN_POINT('',(7.9375,0.9398,1.1684));
#16359=CARTESIAN_POINT('',(7.9375,0.9398,-1.1684));
#16360=CARTESIAN_POINT('',(7.9375,0.9398,1.1684));
#16361=VECTOR('',#20980,2.3368);
#16362=CARTESIAN_POINT('',(8.89,0.9398,-1.1684));
#16363=CARTESIAN_POINT('',(8.89,0.9398,-1.1684));
#16364=VECTOR('',#20981,0.9525);
#16365=CARTESIAN_POINT('',(8.89,0.9398,-1.1684));
#16366=VECTOR('',#20982,0.4572);
#16367=CARTESIAN_POINT('',(8.3693,0.9398,0.484434670518104));
#16368=AXIS2_PLACEMENT_3D('',#20983,#20984,#20985);
#16369=CARTESIAN_POINT('',(8.3693,0.9398,1.1684));
#16370=CARTESIAN_POINT('',(8.3693,0.9398,0.484434670518104));
#16371=VECTOR('',#20986,0.683965329481896);
#16372=CARTESIAN_POINT('',(8.3693,0.9398,1.1684));
#16373=VECTOR('',#20987,0.4318);
#16374=CARTESIAN_POINT('',(10.4775,0.9398,1.1684));
#16375=CARTESIAN_POINT('',(10.4775,0.9398,-1.1684));
#16376=CARTESIAN_POINT('',(10.4775,0.9398,1.1684));
#16377=VECTOR('',#20988,2.3368);
#16378=CARTESIAN_POINT('',(11.43,0.9398,-1.1684));
#16379=CARTESIAN_POINT('',(11.43,0.9398,-1.1684));
#16380=VECTOR('',#20989,0.9525);
#16381=CARTESIAN_POINT('',(11.43,0.9398,-1.1684));
#16382=VECTOR('',#20990,0.4572);
#16383=CARTESIAN_POINT('',(10.9093,0.9398,0.484434670518104));
#16384=AXIS2_PLACEMENT_3D('',#20991,#20992,#20993);
#16385=CARTESIAN_POINT('',(10.9093,0.9398,1.1684));
#16386=CARTESIAN_POINT('',(10.9093,0.9398,0.484434670518104));
#16387=VECTOR('',#20994,0.683965329481896);
#16388=CARTESIAN_POINT('',(10.9093,0.9398,1.1684));
#16389=VECTOR('',#20995,0.4318);
#16390=CARTESIAN_POINT('',(13.0175,0.9398,1.1684));
#16391=CARTESIAN_POINT('',(13.0175,0.9398,-1.1684));
#16392=CARTESIAN_POINT('',(13.0175,0.9398,1.1684));
#16393=VECTOR('',#20996,2.3368);
#16394=CARTESIAN_POINT('',(13.97,0.9398,-1.1684));
#16395=CARTESIAN_POINT('',(13.97,0.9398,-1.1684));
#16396=VECTOR('',#20997,0.9525);
#16397=CARTESIAN_POINT('',(13.97,0.9398,-1.1684));
#16398=VECTOR('',#20998,0.4572);
#16399=CARTESIAN_POINT('',(13.4493,0.9398,0.484434670518104));
#16400=AXIS2_PLACEMENT_3D('',#20999,#21000,#21001);
#16401=CARTESIAN_POINT('',(13.4493,0.9398,1.1684));
#16402=CARTESIAN_POINT('',(13.4493,0.9398,0.484434670518104));
#16403=VECTOR('',#21002,0.683965329481896);
#16404=CARTESIAN_POINT('',(13.4493,0.9398,1.1684));
#16405=VECTOR('',#21003,0.4318);
#16406=CARTESIAN_POINT('',(15.5575,0.9398,1.1684));
#16407=CARTESIAN_POINT('',(15.5575,0.9398,-1.1684));
#16408=CARTESIAN_POINT('',(15.5575,0.9398,1.1684));
#16409=VECTOR('',#21004,2.3368);
#16410=CARTESIAN_POINT('',(16.51,0.9398,-1.1684));
#16411=CARTESIAN_POINT('',(16.51,0.9398,-1.1684));
#16412=VECTOR('',#21005,0.9525);
#16413=CARTESIAN_POINT('',(16.51,0.9398,-1.1684));
#16414=VECTOR('',#21006,0.4572);
#16415=CARTESIAN_POINT('',(15.9893,0.9398,0.484434670518104));
#16416=AXIS2_PLACEMENT_3D('',#21007,#21008,#21009);
#16417=CARTESIAN_POINT('',(15.9893,0.9398,1.1684));
#16418=CARTESIAN_POINT('',(15.9893,0.9398,0.484434670518104));
#16419=VECTOR('',#21010,0.683965329481896);
#16420=CARTESIAN_POINT('',(15.9893,0.9398,1.1684));
#16421=VECTOR('',#21011,0.4318);
#16422=CARTESIAN_POINT('',(14.9225,0.9398,1.1684));
#16423=CARTESIAN_POINT('',(14.9225,0.9398,-1.1684));
#16424=CARTESIAN_POINT('',(14.9225,0.9398,1.1684));
#16425=VECTOR('',#21012,2.3368);
#16426=CARTESIAN_POINT('',(13.97,0.9398,1.1684));
#16427=CARTESIAN_POINT('',(14.9225,0.9398,1.1684));
#16428=VECTOR('',#21013,0.9525);
#16429=CARTESIAN_POINT('',(13.97,0.9398,0.7112));
#16430=CARTESIAN_POINT('',(13.97,0.9398,1.1684));
#16431=VECTOR('',#21014,0.4572);
#16432=AXIS2_PLACEMENT_3D('',#21015,#21016,#21017);
#16433=CARTESIAN_POINT('',(14.4907,0.9398,-1.1684));
#16434=CARTESIAN_POINT('',(14.4907,0.9398,-0.484434670518104));
#16435=VECTOR('',#21018,0.683965329481896);
#16436=CARTESIAN_POINT('',(14.9225,0.9398,-1.1684));
#16437=VECTOR('',#21019,0.4318);
#16438=CARTESIAN_POINT('',(12.3825,0.9398,1.1684));
#16439=CARTESIAN_POINT('',(12.3825,0.9398,-1.1684));
#16440=CARTESIAN_POINT('',(12.3825,0.9398,1.1684));
#16441=VECTOR('',#21020,2.3368);
#16442=CARTESIAN_POINT('',(11.43,0.9398,1.1684));
#16443=CARTESIAN_POINT('',(12.3825,0.9398,1.1684));
#16444=VECTOR('',#21021,0.9525);
#16445=CARTESIAN_POINT('',(11.43,0.9398,0.7112));
#16446=CARTESIAN_POINT('',(11.43,0.9398,1.1684));
#16447=VECTOR('',#21022,0.4572);
#16448=AXIS2_PLACEMENT_3D('',#21023,#21024,#21025);
#16449=CARTESIAN_POINT('',(11.9507,0.9398,-1.1684));
#16450=CARTESIAN_POINT('',(11.9507,0.9398,-0.484434670518104));
#16451=VECTOR('',#21026,0.683965329481896);
#16452=CARTESIAN_POINT('',(12.3825,0.9398,-1.1684));
#16453=VECTOR('',#21027,0.4318);
#16454=CARTESIAN_POINT('',(9.8425,0.9398,1.1684));
#16455=CARTESIAN_POINT('',(9.8425,0.9398,-1.1684));
#16456=CARTESIAN_POINT('',(9.8425,0.9398,1.1684));
#16457=VECTOR('',#21028,2.3368);
#16458=CARTESIAN_POINT('',(8.89,0.9398,1.1684));
#16459=CARTESIAN_POINT('',(9.8425,0.9398,1.1684));
#16460=VECTOR('',#21029,0.9525);
#16461=CARTESIAN_POINT('',(8.89,0.9398,0.7112));
#16462=CARTESIAN_POINT('',(8.89,0.9398,1.1684));
#16463=VECTOR('',#21030,0.4572);
#16464=AXIS2_PLACEMENT_3D('',#21031,#21032,#21033);
#16465=CARTESIAN_POINT('',(9.4107,0.9398,-1.1684));
#16466=CARTESIAN_POINT('',(9.4107,0.9398,-0.484434670518104));
#16467=VECTOR('',#21034,0.683965329481896);
#16468=CARTESIAN_POINT('',(9.8425,0.9398,-1.1684));
#16469=VECTOR('',#21035,0.4318);
#16470=CARTESIAN_POINT('',(7.3025,0.9398,1.1684));
#16471=CARTESIAN_POINT('',(7.3025,0.9398,-1.1684));
#16472=CARTESIAN_POINT('',(7.3025,0.9398,1.1684));
#16473=VECTOR('',#21036,2.3368);
#16474=CARTESIAN_POINT('',(6.35,0.9398,1.1684));
#16475=CARTESIAN_POINT('',(7.3025,0.9398,1.1684));
#16476=VECTOR('',#21037,0.9525);
#16477=CARTESIAN_POINT('',(6.35,0.9398,0.7112));
#16478=CARTESIAN_POINT('',(6.35,0.9398,1.1684));
#16479=VECTOR('',#21038,0.4572);
#16480=AXIS2_PLACEMENT_3D('',#21039,#21040,#21041);
#16481=CARTESIAN_POINT('',(6.8707,0.9398,-1.1684));
#16482=CARTESIAN_POINT('',(6.8707,0.9398,-0.484434670518104));
#16483=VECTOR('',#21042,0.683965329481896);
#16484=CARTESIAN_POINT('',(7.3025,0.9398,-1.1684));
#16485=VECTOR('',#21043,0.4318);
#16486=CARTESIAN_POINT('',(4.7625,0.9398,1.1684));
#16487=CARTESIAN_POINT('',(4.7625,0.9398,-1.1684));
#16488=CARTESIAN_POINT('',(4.7625,0.9398,1.1684));
#16489=VECTOR('',#21044,2.3368);
#16490=CARTESIAN_POINT('',(3.81,0.9398,1.1684));
#16491=CARTESIAN_POINT('',(4.7625,0.9398,1.1684));
#16492=VECTOR('',#21045,0.9525);
#16493=CARTESIAN_POINT('',(3.81,0.9398,0.7112));
#16494=CARTESIAN_POINT('',(3.81,0.9398,1.1684));
#16495=VECTOR('',#21046,0.4572);
#16496=AXIS2_PLACEMENT_3D('',#21047,#21048,#21049);
#16497=CARTESIAN_POINT('',(4.3307,0.9398,-1.1684));
#16498=CARTESIAN_POINT('',(4.3307,0.9398,-0.484434670518104));
#16499=VECTOR('',#21050,0.683965329481896);
#16500=CARTESIAN_POINT('',(4.7625,0.9398,-1.1684));
#16501=VECTOR('',#21051,0.4318);
#16502=CARTESIAN_POINT('',(2.2225,0.9398,1.1684));
#16503=CARTESIAN_POINT('',(2.2225,0.9398,-1.1684));
#16504=CARTESIAN_POINT('',(2.2225,0.9398,1.1684));
#16505=VECTOR('',#21052,2.3368);
#16506=CARTESIAN_POINT('',(1.27,0.9398,1.1684));
#16507=CARTESIAN_POINT('',(2.2225,0.9398,1.1684));
#16508=VECTOR('',#21053,0.9525);
#16509=CARTESIAN_POINT('',(1.27,0.9398,0.7112));
#16510=CARTESIAN_POINT('',(1.27,0.9398,1.1684));
#16511=VECTOR('',#21054,0.4572);
#16512=AXIS2_PLACEMENT_3D('',#21055,#21056,#21057);
#16513=CARTESIAN_POINT('',(1.7907,0.9398,-1.1684));
#16514=CARTESIAN_POINT('',(1.7907,0.9398,-0.484434670518104));
#16515=VECTOR('',#21058,0.683965329481896);
#16516=CARTESIAN_POINT('',(2.2225,0.9398,-1.1684));
#16517=VECTOR('',#21059,0.4318);
#16518=CARTESIAN_POINT('',(-0.3175,0.9398,1.1684));
#16519=CARTESIAN_POINT('',(-0.3175,0.9398,-1.1684));
#16520=CARTESIAN_POINT('',(-0.3175,0.9398,1.1684));
#16521=VECTOR('',#21060,2.3368);
#16522=CARTESIAN_POINT('',(-1.27,0.9398,1.1684));
#16523=CARTESIAN_POINT('',(-0.3175,0.9398,1.1684));
#16524=VECTOR('',#21061,0.9525);
#16525=CARTESIAN_POINT('',(-1.27,0.9398,0.7112));
#16526=CARTESIAN_POINT('',(-1.27,0.9398,1.1684));
#16527=VECTOR('',#21062,0.4572);
#16528=AXIS2_PLACEMENT_3D('',#21063,#21064,#21065);
#16529=CARTESIAN_POINT('',(-0.7493,0.9398,-1.1684));
#16530=CARTESIAN_POINT('',(-0.7493,0.9398,-0.484434670518104));
#16531=VECTOR('',#21066,0.683965329481896);
#16532=CARTESIAN_POINT('',(-0.3175,0.9398,-1.1684));
#16533=VECTOR('',#21067,0.4318);
#16534=CARTESIAN_POINT('',(-2.8575,0.9398,1.1684));
#16535=CARTESIAN_POINT('',(-2.8575,0.9398,-1.1684));
#16536=CARTESIAN_POINT('',(-2.8575,0.9398,1.1684));
#16537=VECTOR('',#21068,2.3368);
#16538=CARTESIAN_POINT('',(-3.81,0.9398,1.1684));
#16539=CARTESIAN_POINT('',(-2.8575,0.9398,1.1684));
#16540=VECTOR('',#21069,0.9525);
#16541=CARTESIAN_POINT('',(-3.81,0.9398,0.7112));
#16542=CARTESIAN_POINT('',(-3.81,0.9398,1.1684));
#16543=VECTOR('',#21070,0.4572);
#16544=AXIS2_PLACEMENT_3D('',#21071,#21072,#21073);
#16545=CARTESIAN_POINT('',(-3.2893,0.9398,-1.1684));
#16546=CARTESIAN_POINT('',(-3.2893,0.9398,-0.484434670518104));
#16547=VECTOR('',#21074,0.683965329481896);
#16548=CARTESIAN_POINT('',(-2.8575,0.9398,-1.1684));
#16549=VECTOR('',#21075,0.4318);
#16550=CARTESIAN_POINT('',(-5.3975,0.9398,1.1684));
#16551=CARTESIAN_POINT('',(-5.3975,0.9398,-1.1684));
#16552=CARTESIAN_POINT('',(-5.3975,0.9398,1.1684));
#16553=VECTOR('',#21076,2.3368);
#16554=CARTESIAN_POINT('',(-6.35,0.9398,1.1684));
#16555=CARTESIAN_POINT('',(-5.3975,0.9398,1.1684));
#16556=VECTOR('',#21077,0.9525);
#16557=CARTESIAN_POINT('',(-6.35,0.9398,0.7112));
#16558=CARTESIAN_POINT('',(-6.35,0.9398,1.1684));
#16559=VECTOR('',#21078,0.4572);
#16560=AXIS2_PLACEMENT_3D('',#21079,#21080,#21081);
#16561=CARTESIAN_POINT('',(-5.8293,0.9398,-1.1684));
#16562=CARTESIAN_POINT('',(-5.8293,0.9398,-0.484434670518104));
#16563=VECTOR('',#21082,0.683965329481896);
#16564=CARTESIAN_POINT('',(-5.3975,0.9398,-1.1684));
#16565=VECTOR('',#21083,0.4318);
#16566=CARTESIAN_POINT('',(-7.9375,0.9398,1.1684));
#16567=CARTESIAN_POINT('',(-7.9375,0.9398,-1.1684));
#16568=CARTESIAN_POINT('',(-7.9375,0.9398,1.1684));
#16569=VECTOR('',#21084,2.3368);
#16570=CARTESIAN_POINT('',(-8.89,0.9398,1.1684));
#16571=CARTESIAN_POINT('',(-7.9375,0.9398,1.1684));
#16572=VECTOR('',#21085,0.9525);
#16573=CARTESIAN_POINT('',(-8.89,0.9398,0.7112));
#16574=CARTESIAN_POINT('',(-8.89,0.9398,1.1684));
#16575=VECTOR('',#21086,0.4572);
#16576=AXIS2_PLACEMENT_3D('',#21087,#21088,#21089);
#16577=CARTESIAN_POINT('',(-8.3693,0.9398,-1.1684));
#16578=CARTESIAN_POINT('',(-8.3693,0.9398,-0.484434670518104));
#16579=VECTOR('',#21090,0.683965329481896);
#16580=CARTESIAN_POINT('',(-7.9375,0.9398,-1.1684));
#16581=VECTOR('',#21091,0.4318);
#16582=CARTESIAN_POINT('',(-10.4775,0.9398,1.1684));
#16583=CARTESIAN_POINT('',(-10.4775,0.9398,-1.1684));
#16584=CARTESIAN_POINT('',(-10.4775,0.9398,1.1684));
#16585=VECTOR('',#21092,2.3368);
#16586=CARTESIAN_POINT('',(-11.43,0.9398,1.1684));
#16587=CARTESIAN_POINT('',(-10.4775,0.9398,1.1684));
#16588=VECTOR('',#21093,0.9525);
#16589=CARTESIAN_POINT('',(-11.43,0.9398,0.7112));
#16590=CARTESIAN_POINT('',(-11.43,0.9398,1.1684));
#16591=VECTOR('',#21094,0.4572);
#16592=AXIS2_PLACEMENT_3D('',#21095,#21096,#21097);
#16593=CARTESIAN_POINT('',(-10.9093,0.9398,-1.1684));
#16594=CARTESIAN_POINT('',(-10.9093,0.9398,-0.484434670518104));
#16595=VECTOR('',#21098,0.683965329481896);
#16596=CARTESIAN_POINT('',(-10.4775,0.9398,-1.1684));
#16597=VECTOR('',#21099,0.4318);
#16598=CARTESIAN_POINT('',(-13.0175,0.9398,1.1684));
#16599=CARTESIAN_POINT('',(-13.0175,0.9398,-1.1684));
#16600=CARTESIAN_POINT('',(-13.0175,0.9398,1.1684));
#16601=VECTOR('',#21100,2.3368);
#16602=CARTESIAN_POINT('',(-13.97,0.9398,1.1684));
#16603=CARTESIAN_POINT('',(-13.0175,0.9398,1.1684));
#16604=VECTOR('',#21101,0.9525);
#16605=CARTESIAN_POINT('',(-13.97,0.9398,0.7112));
#16606=CARTESIAN_POINT('',(-13.97,0.9398,1.1684));
#16607=VECTOR('',#21102,0.4572);
#16608=AXIS2_PLACEMENT_3D('',#21103,#21104,#21105);
#16609=CARTESIAN_POINT('',(-13.4493,0.9398,-1.1684));
#16610=CARTESIAN_POINT('',(-13.4493,0.9398,-0.484434670518104));
#16611=VECTOR('',#21106,0.683965329481896);
#16612=CARTESIAN_POINT('',(-13.0175,0.9398,-1.1684));
#16613=VECTOR('',#21107,0.4318);
#16614=CARTESIAN_POINT('',(-15.5575,0.9398,1.1684));
#16615=CARTESIAN_POINT('',(-15.5575,0.9398,-1.1684));
#16616=CARTESIAN_POINT('',(-15.5575,0.9398,1.1684));
#16617=VECTOR('',#21108,2.3368);
#16618=CARTESIAN_POINT('',(-16.51,0.9398,1.1684));
#16619=CARTESIAN_POINT('',(-15.5575,0.9398,1.1684));
#16620=VECTOR('',#21109,0.9525);
#16621=CARTESIAN_POINT('',(-16.51,0.9398,0.7112));
#16622=CARTESIAN_POINT('',(-16.51,0.9398,1.1684));
#16623=VECTOR('',#21110,0.4572);
#16624=AXIS2_PLACEMENT_3D('',#21111,#21112,#21113);
#16625=CARTESIAN_POINT('',(-15.9893,0.9398,-1.1684));
#16626=CARTESIAN_POINT('',(-15.9893,0.9398,-0.484434670518104));
#16627=VECTOR('',#21114,0.683965329481896);
#16628=CARTESIAN_POINT('',(-15.5575,0.9398,-1.1684));
#16629=VECTOR('',#21115,0.4318);
#16630=CARTESIAN_POINT('',(16.1798,0.9398,-0.3302));
#16631=CARTESIAN_POINT('',(16.8402,0.9398,-0.3302));
#16632=CARTESIAN_POINT('',(16.1798,0.9398,-0.3302));
#16633=VECTOR('',#21116,0.6604);
#16634=CARTESIAN_POINT('',(16.8402,0.9398,0.3302));
#16635=CARTESIAN_POINT('',(16.8402,0.9398,0.3302));
#16636=VECTOR('',#21117,0.6604);
#16637=CARTESIAN_POINT('',(16.1798,0.9398,0.3302));
#16638=CARTESIAN_POINT('',(16.1798,0.9398,0.3302));
#16639=VECTOR('',#21118,0.6604);
#16640=CARTESIAN_POINT('',(16.1798,0.9398,0.3302));
#16641=VECTOR('',#21119,0.6604);
#16642=CARTESIAN_POINT('',(13.6398,0.9398,-0.3302));
#16643=CARTESIAN_POINT('',(14.3002,0.9398,-0.3302));
#16644=CARTESIAN_POINT('',(13.6398,0.9398,-0.3302));
#16645=VECTOR('',#21120,0.6604);
#16646=CARTESIAN_POINT('',(14.3002,0.9398,0.3302));
#16647=CARTESIAN_POINT('',(14.3002,0.9398,0.3302));
#16648=VECTOR('',#21121,0.6604);
#16649=CARTESIAN_POINT('',(13.6398,0.9398,0.3302));
#16650=CARTESIAN_POINT('',(13.6398,0.9398,0.3302));
#16651=VECTOR('',#21122,0.6604);
#16652=CARTESIAN_POINT('',(13.6398,0.9398,0.3302));
#16653=VECTOR('',#21123,0.6604);
#16654=CARTESIAN_POINT('',(11.0998,0.9398,-0.3302));
#16655=CARTESIAN_POINT('',(11.7602,0.9398,-0.3302));
#16656=CARTESIAN_POINT('',(11.0998,0.9398,-0.3302));
#16657=VECTOR('',#21124,0.6604);
#16658=CARTESIAN_POINT('',(11.7602,0.9398,0.3302));
#16659=CARTESIAN_POINT('',(11.7602,0.9398,0.3302));
#16660=VECTOR('',#21125,0.6604);
#16661=CARTESIAN_POINT('',(11.0998,0.9398,0.3302));
#16662=CARTESIAN_POINT('',(11.0998,0.9398,0.3302));
#16663=VECTOR('',#21126,0.6604);
#16664=CARTESIAN_POINT('',(11.0998,0.9398,0.3302));
#16665=VECTOR('',#21127,0.6604);
#16666=CARTESIAN_POINT('',(8.5598,0.9398,-0.3302));
#16667=CARTESIAN_POINT('',(9.2202,0.9398,-0.3302));
#16668=CARTESIAN_POINT('',(8.5598,0.9398,-0.3302));
#16669=VECTOR('',#21128,0.6604);
#16670=CARTESIAN_POINT('',(9.2202,0.9398,0.3302));
#16671=CARTESIAN_POINT('',(9.2202,0.9398,0.3302));
#16672=VECTOR('',#21129,0.6604);
#16673=CARTESIAN_POINT('',(8.5598,0.9398,0.3302));
#16674=CARTESIAN_POINT('',(8.5598,0.9398,0.3302));
#16675=VECTOR('',#21130,0.6604);
#16676=CARTESIAN_POINT('',(8.5598,0.9398,0.3302));
#16677=VECTOR('',#21131,0.6604);
#16678=CARTESIAN_POINT('',(6.0198,0.9398,-0.3302));
#16679=CARTESIAN_POINT('',(6.6802,0.9398,-0.3302));
#16680=CARTESIAN_POINT('',(6.0198,0.9398,-0.3302));
#16681=VECTOR('',#21132,0.6604);
#16682=CARTESIAN_POINT('',(6.6802,0.9398,0.3302));
#16683=CARTESIAN_POINT('',(6.6802,0.9398,0.3302));
#16684=VECTOR('',#21133,0.6604);
#16685=CARTESIAN_POINT('',(6.0198,0.9398,0.3302));
#16686=CARTESIAN_POINT('',(6.0198,0.9398,0.3302));
#16687=VECTOR('',#21134,0.6604);
#16688=CARTESIAN_POINT('',(6.0198,0.9398,0.3302));
#16689=VECTOR('',#21135,0.6604);
#16690=CARTESIAN_POINT('',(3.4798,0.9398,-0.3302));
#16691=CARTESIAN_POINT('',(4.1402,0.9398,-0.3302));
#16692=CARTESIAN_POINT('',(3.4798,0.9398,-0.3302));
#16693=VECTOR('',#21136,0.6604);
#16694=CARTESIAN_POINT('',(4.1402,0.9398,0.3302));
#16695=CARTESIAN_POINT('',(4.1402,0.9398,0.3302));
#16696=VECTOR('',#21137,0.6604);
#16697=CARTESIAN_POINT('',(3.4798,0.9398,0.3302));
#16698=CARTESIAN_POINT('',(3.4798,0.9398,0.3302));
#16699=VECTOR('',#21138,0.6604);
#16700=CARTESIAN_POINT('',(3.4798,0.9398,0.3302));
#16701=VECTOR('',#21139,0.6604);
#16702=CARTESIAN_POINT('',(0.9398,0.9398,-0.3302));
#16703=CARTESIAN_POINT('',(1.6002,0.9398,-0.3302));
#16704=CARTESIAN_POINT('',(0.9398,0.9398,-0.3302));
#16705=VECTOR('',#21140,0.6604);
#16706=CARTESIAN_POINT('',(1.6002,0.9398,0.3302));
#16707=CARTESIAN_POINT('',(1.6002,0.9398,0.3302));
#16708=VECTOR('',#21141,0.6604);
#16709=CARTESIAN_POINT('',(0.9398,0.9398,0.3302));
#16710=CARTESIAN_POINT('',(0.9398,0.9398,0.3302));
#16711=VECTOR('',#21142,0.6604);
#16712=CARTESIAN_POINT('',(0.9398,0.9398,0.3302));
#16713=VECTOR('',#21143,0.6604);
#16714=CARTESIAN_POINT('',(-1.6002,0.9398,-0.3302));
#16715=CARTESIAN_POINT('',(-0.9398,0.9398,-0.3302));
#16716=CARTESIAN_POINT('',(-1.6002,0.9398,-0.3302));
#16717=VECTOR('',#21144,0.6604);
#16718=CARTESIAN_POINT('',(-0.9398,0.9398,0.3302));
#16719=CARTESIAN_POINT('',(-0.9398,0.9398,0.3302));
#16720=VECTOR('',#21145,0.6604);
#16721=CARTESIAN_POINT('',(-1.6002,0.9398,0.3302));
#16722=CARTESIAN_POINT('',(-1.6002,0.9398,0.3302));
#16723=VECTOR('',#21146,0.6604);
#16724=CARTESIAN_POINT('',(-1.6002,0.9398,0.3302));
#16725=VECTOR('',#21147,0.6604);
#16726=CARTESIAN_POINT('',(-4.1402,0.9398,-0.3302));
#16727=CARTESIAN_POINT('',(-3.4798,0.9398,-0.3302));
#16728=CARTESIAN_POINT('',(-4.1402,0.9398,-0.3302));
#16729=VECTOR('',#21148,0.6604);
#16730=CARTESIAN_POINT('',(-3.4798,0.9398,0.3302));
#16731=CARTESIAN_POINT('',(-3.4798,0.9398,0.3302));
#16732=VECTOR('',#21149,0.6604);
#16733=CARTESIAN_POINT('',(-4.1402,0.9398,0.3302));
#16734=CARTESIAN_POINT('',(-4.1402,0.9398,0.3302));
#16735=VECTOR('',#21150,0.6604);
#16736=CARTESIAN_POINT('',(-4.1402,0.9398,0.3302));
#16737=VECTOR('',#21151,0.6604);
#16738=CARTESIAN_POINT('',(-6.6802,0.9398,-0.3302));
#16739=CARTESIAN_POINT('',(-6.0198,0.9398,-0.3302));
#16740=CARTESIAN_POINT('',(-6.6802,0.9398,-0.3302));
#16741=VECTOR('',#21152,0.6604);
#16742=CARTESIAN_POINT('',(-6.0198,0.9398,0.3302));
#16743=CARTESIAN_POINT('',(-6.0198,0.9398,0.3302));
#16744=VECTOR('',#21153,0.6604);
#16745=CARTESIAN_POINT('',(-6.6802,0.9398,0.3302));
#16746=CARTESIAN_POINT('',(-6.6802,0.9398,0.3302));
#16747=VECTOR('',#21154,0.6604);
#16748=CARTESIAN_POINT('',(-6.6802,0.9398,0.3302));
#16749=VECTOR('',#21155,0.6604);
#16750=CARTESIAN_POINT('',(-9.2202,0.9398,-0.3302));
#16751=CARTESIAN_POINT('',(-8.5598,0.9398,-0.3302));
#16752=CARTESIAN_POINT('',(-9.2202,0.9398,-0.3302));
#16753=VECTOR('',#21156,0.6604);
#16754=CARTESIAN_POINT('',(-8.5598,0.9398,0.3302));
#16755=CARTESIAN_POINT('',(-8.5598,0.9398,0.3302));
#16756=VECTOR('',#21157,0.6604);
#16757=CARTESIAN_POINT('',(-9.2202,0.9398,0.3302));
#16758=CARTESIAN_POINT('',(-9.2202,0.9398,0.3302));
#16759=VECTOR('',#21158,0.6604);
#16760=CARTESIAN_POINT('',(-9.2202,0.9398,0.3302));
#16761=VECTOR('',#21159,0.6604);
#16762=CARTESIAN_POINT('',(-11.7602,0.9398,-0.3302));
#16763=CARTESIAN_POINT('',(-11.0998,0.9398,-0.3302));
#16764=CARTESIAN_POINT('',(-11.7602,0.9398,-0.3302));
#16765=VECTOR('',#21160,0.6604);
#16766=CARTESIAN_POINT('',(-11.0998,0.9398,0.3302));
#16767=CARTESIAN_POINT('',(-11.0998,0.9398,0.3302));
#16768=VECTOR('',#21161,0.6604);
#16769=CARTESIAN_POINT('',(-11.7602,0.9398,0.3302));
#16770=CARTESIAN_POINT('',(-11.7602,0.9398,0.3302));
#16771=VECTOR('',#21162,0.6604);
#16772=CARTESIAN_POINT('',(-11.7602,0.9398,0.3302));
#16773=VECTOR('',#21163,0.6604);
#16774=CARTESIAN_POINT('',(-14.3002,0.9398,-0.3302));
#16775=CARTESIAN_POINT('',(-13.6398,0.9398,-0.3302));
#16776=CARTESIAN_POINT('',(-14.3002,0.9398,-0.3302));
#16777=VECTOR('',#21164,0.6604);
#16778=CARTESIAN_POINT('',(-13.6398,0.9398,0.3302));
#16779=CARTESIAN_POINT('',(-13.6398,0.9398,0.3302));
#16780=VECTOR('',#21165,0.6604);
#16781=CARTESIAN_POINT('',(-14.3002,0.9398,0.3302));
#16782=CARTESIAN_POINT('',(-14.3002,0.9398,0.3302));
#16783=VECTOR('',#21166,0.6604);
#16784=CARTESIAN_POINT('',(-14.3002,0.9398,0.3302));
#16785=VECTOR('',#21167,0.6604);
#16786=CARTESIAN_POINT('',(-16.8402,0.9398,-0.3302));
#16787=CARTESIAN_POINT('',(-16.1798,0.9398,-0.3302));
#16788=CARTESIAN_POINT('',(-16.8402,0.9398,-0.3302));
#16789=VECTOR('',#21168,0.6604);
#16790=CARTESIAN_POINT('',(-16.1798,0.9398,0.3302));
#16791=CARTESIAN_POINT('',(-16.1798,0.9398,0.3302));
#16792=VECTOR('',#21169,0.6604);
#16793=CARTESIAN_POINT('',(-16.8402,0.9398,0.3302));
#16794=CARTESIAN_POINT('',(-16.8402,0.9398,0.3302));
#16795=VECTOR('',#21170,0.6604);
#16796=CARTESIAN_POINT('',(-16.8402,0.9398,0.3302));
#16797=VECTOR('',#21171,0.6604);
#16798=CARTESIAN_POINT('',(15.9893,1.143,1.1684));
#16799=CARTESIAN_POINT('',(15.5575,1.143,1.1684));
#16800=CARTESIAN_POINT('',(15.9893,1.143,1.1684));
#16801=VECTOR('',#21172,0.4318);
#16802=CARTESIAN_POINT('',(15.5575,0.9398,1.1684));
#16803=VECTOR('',#21173,0.2032);
#16804=CARTESIAN_POINT('',(15.9893,0.9398,1.1684));
#16805=VECTOR('',#21174,0.2032);
#16806=CARTESIAN_POINT('',(16.51,1.143,1.1684));
#16807=CARTESIAN_POINT('',(17.4625,1.143,1.1684));
#16808=VECTOR('',#21175,0.9525);
#16809=CARTESIAN_POINT('',(16.51,0.9398,1.1684));
#16810=VECTOR('',#21176,0.2032);
#16811=CARTESIAN_POINT('',(13.4493,1.143,1.1684));
#16812=CARTESIAN_POINT('',(13.0175,1.143,1.1684));
#16813=CARTESIAN_POINT('',(13.4493,1.143,1.1684));
#16814=VECTOR('',#21177,0.4318);
#16815=CARTESIAN_POINT('',(13.0175,0.9398,1.1684));
#16816=VECTOR('',#21178,0.2032);
#16817=CARTESIAN_POINT('',(13.4493,0.9398,1.1684));
#16818=VECTOR('',#21179,0.2032);
#16819=CARTESIAN_POINT('',(14.9225,1.143,1.1684));
#16820=CARTESIAN_POINT('',(14.9225,0.9398,1.1684));
#16821=VECTOR('',#21180,0.2032);
#16822=CARTESIAN_POINT('',(13.97,1.143,1.1684));
#16823=CARTESIAN_POINT('',(14.9225,1.143,1.1684));
#16824=VECTOR('',#21181,0.9525);
#16825=CARTESIAN_POINT('',(13.97,0.9398,1.1684));
#16826=VECTOR('',#21182,0.2032);
#16827=CARTESIAN_POINT('',(10.9093,1.143,1.1684));
#16828=CARTESIAN_POINT('',(10.4775,1.143,1.1684));
#16829=CARTESIAN_POINT('',(10.9093,1.143,1.1684));
#16830=VECTOR('',#21183,0.4318);
#16831=CARTESIAN_POINT('',(10.4775,0.9398,1.1684));
#16832=VECTOR('',#21184,0.2032);
#16833=CARTESIAN_POINT('',(10.9093,0.9398,1.1684));
#16834=VECTOR('',#21185,0.2032);
#16835=CARTESIAN_POINT('',(12.3825,1.143,1.1684));
#16836=CARTESIAN_POINT('',(12.3825,0.9398,1.1684));
#16837=VECTOR('',#21186,0.2032);
#16838=CARTESIAN_POINT('',(11.43,1.143,1.1684));
#16839=CARTESIAN_POINT('',(12.3825,1.143,1.1684));
#16840=VECTOR('',#21187,0.9525);
#16841=CARTESIAN_POINT('',(11.43,0.9398,1.1684));
#16842=VECTOR('',#21188,0.2032);
#16843=CARTESIAN_POINT('',(8.3693,1.143,1.1684));
#16844=CARTESIAN_POINT('',(7.9375,1.143,1.1684));
#16845=CARTESIAN_POINT('',(8.3693,1.143,1.1684));
#16846=VECTOR('',#21189,0.4318);
#16847=CARTESIAN_POINT('',(7.9375,0.9398,1.1684));
#16848=VECTOR('',#21190,0.2032);
#16849=CARTESIAN_POINT('',(8.3693,0.9398,1.1684));
#16850=VECTOR('',#21191,0.2032);
#16851=CARTESIAN_POINT('',(9.8425,1.143,1.1684));
#16852=CARTESIAN_POINT('',(9.8425,0.9398,1.1684));
#16853=VECTOR('',#21192,0.2032);
#16854=CARTESIAN_POINT('',(8.89,1.143,1.1684));
#16855=CARTESIAN_POINT('',(9.8425,1.143,1.1684));
#16856=VECTOR('',#21193,0.9525);
#16857=CARTESIAN_POINT('',(8.89,0.9398,1.1684));
#16858=VECTOR('',#21194,0.2032);
#16859=CARTESIAN_POINT('',(5.8293,1.143,1.1684));
#16860=CARTESIAN_POINT('',(5.3975,1.143,1.1684));
#16861=CARTESIAN_POINT('',(5.8293,1.143,1.1684));
#16862=VECTOR('',#21195,0.4318);
#16863=CARTESIAN_POINT('',(5.3975,0.9398,1.1684));
#16864=VECTOR('',#21196,0.2032);
#16865=CARTESIAN_POINT('',(5.8293,0.9398,1.1684));
#16866=VECTOR('',#21197,0.2032);
#16867=CARTESIAN_POINT('',(7.3025,1.143,1.1684));
#16868=CARTESIAN_POINT('',(7.3025,0.9398,1.1684));
#16869=VECTOR('',#21198,0.2032);
#16870=CARTESIAN_POINT('',(6.35,1.143,1.1684));
#16871=CARTESIAN_POINT('',(7.3025,1.143,1.1684));
#16872=VECTOR('',#21199,0.9525);
#16873=CARTESIAN_POINT('',(6.35,0.9398,1.1684));
#16874=VECTOR('',#21200,0.2032);
#16875=CARTESIAN_POINT('',(3.2893,1.143,1.1684));
#16876=CARTESIAN_POINT('',(2.8575,1.143,1.1684));
#16877=CARTESIAN_POINT('',(3.2893,1.143,1.1684));
#16878=VECTOR('',#21201,0.4318);
#16879=CARTESIAN_POINT('',(2.8575,0.9398,1.1684));
#16880=VECTOR('',#21202,0.2032);
#16881=CARTESIAN_POINT('',(3.2893,0.9398,1.1684));
#16882=VECTOR('',#21203,0.2032);
#16883=CARTESIAN_POINT('',(4.7625,1.143,1.1684));
#16884=CARTESIAN_POINT('',(4.7625,0.9398,1.1684));
#16885=VECTOR('',#21204,0.2032);
#16886=CARTESIAN_POINT('',(3.81,1.143,1.1684));
#16887=CARTESIAN_POINT('',(4.7625,1.143,1.1684));
#16888=VECTOR('',#21205,0.9525);
#16889=CARTESIAN_POINT('',(3.81,0.9398,1.1684));
#16890=VECTOR('',#21206,0.2032);
#16891=CARTESIAN_POINT('',(0.7493,1.143,1.1684));
#16892=CARTESIAN_POINT('',(0.3175,1.143,1.1684));
#16893=CARTESIAN_POINT('',(0.7493,1.143,1.1684));
#16894=VECTOR('',#21207,0.4318);
#16895=CARTESIAN_POINT('',(0.3175,0.9398,1.1684));
#16896=VECTOR('',#21208,0.2032);
#16897=CARTESIAN_POINT('',(0.7493,0.9398,1.1684));
#16898=VECTOR('',#21209,0.2032);
#16899=CARTESIAN_POINT('',(2.2225,1.143,1.1684));
#16900=CARTESIAN_POINT('',(2.2225,0.9398,1.1684));
#16901=VECTOR('',#21210,0.2032);
#16902=CARTESIAN_POINT('',(1.27,1.143,1.1684));
#16903=CARTESIAN_POINT('',(2.2225,1.143,1.1684));
#16904=VECTOR('',#21211,0.9525);
#16905=CARTESIAN_POINT('',(1.27,0.9398,1.1684));
#16906=VECTOR('',#21212,0.2032);
#16907=CARTESIAN_POINT('',(-1.7907,1.143,1.1684));
#16908=CARTESIAN_POINT('',(-2.2225,1.143,1.1684));
#16909=CARTESIAN_POINT('',(-1.7907,1.143,1.1684));
#16910=VECTOR('',#21213,0.4318);
#16911=CARTESIAN_POINT('',(-2.2225,0.9398,1.1684));
#16912=VECTOR('',#21214,0.2032);
#16913=CARTESIAN_POINT('',(-1.7907,0.9398,1.1684));
#16914=VECTOR('',#21215,0.2032);
#16915=CARTESIAN_POINT('',(-0.3175,1.143,1.1684));
#16916=CARTESIAN_POINT('',(-0.3175,0.9398,1.1684));
#16917=VECTOR('',#21216,0.2032);
#16918=CARTESIAN_POINT('',(-1.27,1.143,1.1684));
#16919=CARTESIAN_POINT('',(-0.3175,1.143,1.1684));
#16920=VECTOR('',#21217,0.9525);
#16921=CARTESIAN_POINT('',(-1.27,0.9398,1.1684));
#16922=VECTOR('',#21218,0.2032);
#16923=CARTESIAN_POINT('',(-4.3307,1.143,1.1684));
#16924=CARTESIAN_POINT('',(-4.7625,1.143,1.1684));
#16925=CARTESIAN_POINT('',(-4.3307,1.143,1.1684));
#16926=VECTOR('',#21219,0.4318);
#16927=CARTESIAN_POINT('',(-4.7625,0.9398,1.1684));
#16928=VECTOR('',#21220,0.2032);
#16929=CARTESIAN_POINT('',(-4.3307,0.9398,1.1684));
#16930=VECTOR('',#21221,0.2032);
#16931=CARTESIAN_POINT('',(-2.8575,1.143,1.1684));
#16932=CARTESIAN_POINT('',(-2.8575,0.9398,1.1684));
#16933=VECTOR('',#21222,0.2032);
#16934=CARTESIAN_POINT('',(-3.81,1.143,1.1684));
#16935=CARTESIAN_POINT('',(-2.8575,1.143,1.1684));
#16936=VECTOR('',#21223,0.9525);
#16937=CARTESIAN_POINT('',(-3.81,0.9398,1.1684));
#16938=VECTOR('',#21224,0.2032);
#16939=CARTESIAN_POINT('',(-6.8707,1.143,1.1684));
#16940=CARTESIAN_POINT('',(-7.3025,1.143,1.1684));
#16941=CARTESIAN_POINT('',(-6.8707,1.143,1.1684));
#16942=VECTOR('',#21225,0.4318);
#16943=CARTESIAN_POINT('',(-7.3025,0.9398,1.1684));
#16944=VECTOR('',#21226,0.2032);
#16945=CARTESIAN_POINT('',(-6.8707,0.9398,1.1684));
#16946=VECTOR('',#21227,0.2032);
#16947=CARTESIAN_POINT('',(-5.3975,1.143,1.1684));
#16948=CARTESIAN_POINT('',(-5.3975,0.9398,1.1684));
#16949=VECTOR('',#21228,0.2032);
#16950=CARTESIAN_POINT('',(-6.35,1.143,1.1684));
#16951=CARTESIAN_POINT('',(-5.3975,1.143,1.1684));
#16952=VECTOR('',#21229,0.9525);
#16953=CARTESIAN_POINT('',(-6.35,0.9398,1.1684));
#16954=VECTOR('',#21230,0.2032);
#16955=CARTESIAN_POINT('',(-9.4107,1.143,1.1684));
#16956=CARTESIAN_POINT('',(-9.8425,1.143,1.1684));
#16957=CARTESIAN_POINT('',(-9.4107,1.143,1.1684));
#16958=VECTOR('',#21231,0.4318);
#16959=CARTESIAN_POINT('',(-9.8425,0.9398,1.1684));
#16960=VECTOR('',#21232,0.2032);
#16961=CARTESIAN_POINT('',(-9.4107,0.9398,1.1684));
#16962=VECTOR('',#21233,0.2032);
#16963=CARTESIAN_POINT('',(-7.9375,1.143,1.1684));
#16964=CARTESIAN_POINT('',(-7.9375,0.9398,1.1684));
#16965=VECTOR('',#21234,0.2032);
#16966=CARTESIAN_POINT('',(-8.89,1.143,1.1684));
#16967=CARTESIAN_POINT('',(-7.9375,1.143,1.1684));
#16968=VECTOR('',#21235,0.9525);
#16969=CARTESIAN_POINT('',(-8.89,0.9398,1.1684));
#16970=VECTOR('',#21236,0.2032);
#16971=CARTESIAN_POINT('',(-11.9507,1.143,1.1684));
#16972=CARTESIAN_POINT('',(-12.3825,1.143,1.1684));
#16973=CARTESIAN_POINT('',(-11.9507,1.143,1.1684));
#16974=VECTOR('',#21237,0.4318);
#16975=CARTESIAN_POINT('',(-12.3825,0.9398,1.1684));
#16976=VECTOR('',#21238,0.2032);
#16977=CARTESIAN_POINT('',(-11.9507,0.9398,1.1684));
#16978=VECTOR('',#21239,0.2032);
#16979=CARTESIAN_POINT('',(-10.4775,1.143,1.1684));
#16980=CARTESIAN_POINT('',(-10.4775,0.9398,1.1684));
#16981=VECTOR('',#21240,0.2032);
#16982=CARTESIAN_POINT('',(-11.43,1.143,1.1684));
#16983=CARTESIAN_POINT('',(-10.4775,1.143,1.1684));
#16984=VECTOR('',#21241,0.9525);
#16985=CARTESIAN_POINT('',(-11.43,0.9398,1.1684));
#16986=VECTOR('',#21242,0.2032);
#16987=CARTESIAN_POINT('',(-14.4907,1.143,1.1684));
#16988=CARTESIAN_POINT('',(-14.9225,1.143,1.1684));
#16989=CARTESIAN_POINT('',(-14.4907,1.143,1.1684));
#16990=VECTOR('',#21243,0.4318);
#16991=CARTESIAN_POINT('',(-14.9225,0.9398,1.1684));
#16992=VECTOR('',#21244,0.2032);
#16993=CARTESIAN_POINT('',(-14.4907,0.9398,1.1684));
#16994=VECTOR('',#21245,0.2032);
#16995=CARTESIAN_POINT('',(-13.0175,1.143,1.1684));
#16996=CARTESIAN_POINT('',(-13.0175,0.9398,1.1684));
#16997=VECTOR('',#21246,0.2032);
#16998=CARTESIAN_POINT('',(-13.97,1.143,1.1684));
#16999=CARTESIAN_POINT('',(-13.0175,1.143,1.1684));
#17000=VECTOR('',#21247,0.9525);
#17001=CARTESIAN_POINT('',(-13.97,0.9398,1.1684));
#17002=VECTOR('',#21248,0.2032);
#17003=CARTESIAN_POINT('',(-17.0307,1.143,1.1684));
#17004=CARTESIAN_POINT('',(-17.4625,1.143,1.1684));
#17005=CARTESIAN_POINT('',(-17.0307,1.143,1.1684));
#17006=VECTOR('',#21249,0.4318);
#17007=CARTESIAN_POINT('',(-17.4625,0.9398,1.1684));
#17008=VECTOR('',#21250,0.2032);
#17009=CARTESIAN_POINT('',(-17.0307,0.9398,1.1684));
#17010=VECTOR('',#21251,0.2032);
#17011=CARTESIAN_POINT('',(-15.5575,1.143,1.1684));
#17012=CARTESIAN_POINT('',(-15.5575,0.9398,1.1684));
#17013=VECTOR('',#21252,0.2032);
#17014=CARTESIAN_POINT('',(-16.51,1.143,1.1684));
#17015=CARTESIAN_POINT('',(-15.5575,1.143,1.1684));
#17016=VECTOR('',#21253,0.9525);
#17017=CARTESIAN_POINT('',(-16.51,0.9398,1.1684));
#17018=VECTOR('',#21254,0.2032);
#17019=CARTESIAN_POINT('',(15.9893,1.143,0.484434670518104));
#17020=CARTESIAN_POINT('',(15.9893,1.143,0.484434670518104));
#17021=VECTOR('',#21255,0.2032);
#17022=CARTESIAN_POINT('',(15.9893,1.143,1.1684));
#17023=VECTOR('',#21256,0.683965329481896);
#17024=CARTESIAN_POINT('',(16.51,1.143,0.7112));
#17025=CARTESIAN_POINT('',(16.51,1.143,1.1684));
#17026=VECTOR('',#21257,0.4572);
#17027=CARTESIAN_POINT('',(17.0307,1.143,-1.1684));
#17028=CARTESIAN_POINT('',(17.4625,1.143,-1.1684));
#17029=VECTOR('',#21258,0.4318);
#17030=CARTESIAN_POINT('',(17.0307,1.143,-1.1684));
#17031=VECTOR('',#21259,0.683965329481896);
#17032=AXIS2_PLACEMENT_3D('',#21260,#21261,#21262);
#17033=CARTESIAN_POINT('',(16.51,1.143,-1.1684));
#17034=CARTESIAN_POINT('',(15.5575,1.143,-1.1684));
#17035=CARTESIAN_POINT('',(16.51,1.143,-1.1684));
#17036=VECTOR('',#21263,0.9525);
#17037=CARTESIAN_POINT('',(15.5575,1.143,1.1684));
#17038=VECTOR('',#21264,2.3368);
#17039=AXIS2_PLACEMENT_3D('',#21265,#21266,#21267);
#17040=CARTESIAN_POINT('',(16.51,1.143,-1.1684));
#17041=VECTOR('',#21268,0.4572);
#17042=CARTESIAN_POINT('',(13.97,1.143,0.7112));
#17043=CARTESIAN_POINT('',(13.97,1.143,1.1684));
#17044=VECTOR('',#21269,0.4572);
#17045=CARTESIAN_POINT('',(14.9225,1.143,-1.1684));
#17046=CARTESIAN_POINT('',(14.9225,1.143,1.1684));
#17047=VECTOR('',#21270,2.3368);
#17048=CARTESIAN_POINT('',(14.4907,1.143,-1.1684));
#17049=CARTESIAN_POINT('',(14.9225,1.143,-1.1684));
#17050=VECTOR('',#21271,0.4318);
#17051=CARTESIAN_POINT('',(14.4907,1.143,-1.1684));
#17052=VECTOR('',#21272,0.683965329481896);
#17053=AXIS2_PLACEMENT_3D('',#21273,#21274,#21275);
#17054=CARTESIAN_POINT('',(13.97,1.143,-1.1684));
#17055=CARTESIAN_POINT('',(13.0175,1.143,-1.1684));
#17056=CARTESIAN_POINT('',(13.97,1.143,-1.1684));
#17057=VECTOR('',#21276,0.9525);
#17058=CARTESIAN_POINT('',(13.0175,1.143,1.1684));
#17059=VECTOR('',#21277,2.3368);
#17060=CARTESIAN_POINT('',(13.4493,1.143,0.484434670518104));
#17061=CARTESIAN_POINT('',(13.4493,1.143,1.1684));
#17062=VECTOR('',#21278,0.683965329481896);
#17063=AXIS2_PLACEMENT_3D('',#21279,#21280,#21281);
#17064=CARTESIAN_POINT('',(13.97,1.143,-1.1684));
#17065=VECTOR('',#21282,0.4572);
#17066=CARTESIAN_POINT('',(11.43,1.143,0.7112));
#17067=CARTESIAN_POINT('',(11.43,1.143,1.1684));
#17068=VECTOR('',#21283,0.4572);
#17069=CARTESIAN_POINT('',(12.3825,1.143,-1.1684));
#17070=CARTESIAN_POINT('',(12.3825,1.143,1.1684));
#17071=VECTOR('',#21284,2.3368);
#17072=CARTESIAN_POINT('',(11.9507,1.143,-1.1684));
#17073=CARTESIAN_POINT('',(12.3825,1.143,-1.1684));
#17074=VECTOR('',#21285,0.4318);
#17075=CARTESIAN_POINT('',(11.9507,1.143,-1.1684));
#17076=VECTOR('',#21286,0.683965329481896);
#17077=AXIS2_PLACEMENT_3D('',#21287,#21288,#21289);
#17078=CARTESIAN_POINT('',(11.43,1.143,-1.1684));
#17079=CARTESIAN_POINT('',(10.4775,1.143,-1.1684));
#17080=CARTESIAN_POINT('',(11.43,1.143,-1.1684));
#17081=VECTOR('',#21290,0.9525);
#17082=CARTESIAN_POINT('',(10.4775,1.143,1.1684));
#17083=VECTOR('',#21291,2.3368);
#17084=CARTESIAN_POINT('',(10.9093,1.143,0.484434670518104));
#17085=CARTESIAN_POINT('',(10.9093,1.143,1.1684));
#17086=VECTOR('',#21292,0.683965329481896);
#17087=AXIS2_PLACEMENT_3D('',#21293,#21294,#21295);
#17088=CARTESIAN_POINT('',(11.43,1.143,-1.1684));
#17089=VECTOR('',#21296,0.4572);
#17090=CARTESIAN_POINT('',(8.89,1.143,0.7112));
#17091=CARTESIAN_POINT('',(8.89,1.143,1.1684));
#17092=VECTOR('',#21297,0.4572);
#17093=CARTESIAN_POINT('',(9.8425,1.143,-1.1684));
#17094=CARTESIAN_POINT('',(9.8425,1.143,1.1684));
#17095=VECTOR('',#21298,2.3368);
#17096=CARTESIAN_POINT('',(9.4107,1.143,-1.1684));
#17097=CARTESIAN_POINT('',(9.8425,1.143,-1.1684));
#17098=VECTOR('',#21299,0.4318);
#17099=CARTESIAN_POINT('',(9.4107,1.143,-1.1684));
#17100=VECTOR('',#21300,0.683965329481896);
#17101=AXIS2_PLACEMENT_3D('',#21301,#21302,#21303);
#17102=CARTESIAN_POINT('',(8.89,1.143,-1.1684));
#17103=CARTESIAN_POINT('',(7.9375,1.143,-1.1684));
#17104=CARTESIAN_POINT('',(8.89,1.143,-1.1684));
#17105=VECTOR('',#21304,0.9525);
#17106=CARTESIAN_POINT('',(7.9375,1.143,1.1684));
#17107=VECTOR('',#21305,2.3368);
#17108=CARTESIAN_POINT('',(8.3693,1.143,0.484434670518104));
#17109=CARTESIAN_POINT('',(8.3693,1.143,1.1684));
#17110=VECTOR('',#21306,0.683965329481896);
#17111=AXIS2_PLACEMENT_3D('',#21307,#21308,#21309);
#17112=CARTESIAN_POINT('',(8.89,1.143,-1.1684));
#17113=VECTOR('',#21310,0.4572);
#17114=CARTESIAN_POINT('',(6.35,1.143,0.7112));
#17115=CARTESIAN_POINT('',(6.35,1.143,1.1684));
#17116=VECTOR('',#21311,0.4572);
#17117=CARTESIAN_POINT('',(7.3025,1.143,-1.1684));
#17118=CARTESIAN_POINT('',(7.3025,1.143,1.1684));
#17119=VECTOR('',#21312,2.3368);
#17120=CARTESIAN_POINT('',(6.8707,1.143,-1.1684));
#17121=CARTESIAN_POINT('',(7.3025,1.143,-1.1684));
#17122=VECTOR('',#21313,0.4318);
#17123=CARTESIAN_POINT('',(6.8707,1.143,-1.1684));
#17124=VECTOR('',#21314,0.683965329481896);
#17125=AXIS2_PLACEMENT_3D('',#21315,#21316,#21317);
#17126=CARTESIAN_POINT('',(6.35,1.143,-1.1684));
#17127=CARTESIAN_POINT('',(5.3975,1.143,-1.1684));
#17128=CARTESIAN_POINT('',(6.35,1.143,-1.1684));
#17129=VECTOR('',#21318,0.9525);
#17130=CARTESIAN_POINT('',(5.3975,1.143,1.1684));
#17131=VECTOR('',#21319,2.3368);
#17132=CARTESIAN_POINT('',(5.8293,1.143,0.484434670518104));
#17133=CARTESIAN_POINT('',(5.8293,1.143,1.1684));
#17134=VECTOR('',#21320,0.683965329481896);
#17135=AXIS2_PLACEMENT_3D('',#21321,#21322,#21323);
#17136=CARTESIAN_POINT('',(6.35,1.143,-1.1684));
#17137=VECTOR('',#21324,0.4572);
#17138=CARTESIAN_POINT('',(3.81,1.143,0.7112));
#17139=CARTESIAN_POINT('',(3.81,1.143,1.1684));
#17140=VECTOR('',#21325,0.4572);
#17141=CARTESIAN_POINT('',(4.7625,1.143,-1.1684));
#17142=CARTESIAN_POINT('',(4.7625,1.143,1.1684));
#17143=VECTOR('',#21326,2.3368);
#17144=CARTESIAN_POINT('',(4.3307,1.143,-1.1684));
#17145=CARTESIAN_POINT('',(4.7625,1.143,-1.1684));
#17146=VECTOR('',#21327,0.4318);
#17147=CARTESIAN_POINT('',(4.3307,1.143,-1.1684));
#17148=VECTOR('',#21328,0.683965329481896);
#17149=AXIS2_PLACEMENT_3D('',#21329,#21330,#21331);
#17150=CARTESIAN_POINT('',(3.81,1.143,-1.1684));
#17151=CARTESIAN_POINT('',(2.8575,1.143,-1.1684));
#17152=CARTESIAN_POINT('',(3.81,1.143,-1.1684));
#17153=VECTOR('',#21332,0.9525);
#17154=CARTESIAN_POINT('',(2.8575,1.143,1.1684));
#17155=VECTOR('',#21333,2.3368);
#17156=CARTESIAN_POINT('',(3.2893,1.143,0.484434670518104));
#17157=CARTESIAN_POINT('',(3.2893,1.143,1.1684));
#17158=VECTOR('',#21334,0.683965329481896);
#17159=AXIS2_PLACEMENT_3D('',#21335,#21336,#21337);
#17160=CARTESIAN_POINT('',(3.81,1.143,-1.1684));
#17161=VECTOR('',#21338,0.4572);
#17162=CARTESIAN_POINT('',(1.27,1.143,0.7112));
#17163=CARTESIAN_POINT('',(1.27,1.143,1.1684));
#17164=VECTOR('',#21339,0.4572);
#17165=CARTESIAN_POINT('',(2.2225,1.143,-1.1684));
#17166=CARTESIAN_POINT('',(2.2225,1.143,1.1684));
#17167=VECTOR('',#21340,2.3368);
#17168=CARTESIAN_POINT('',(1.7907,1.143,-1.1684));
#17169=CARTESIAN_POINT('',(2.2225,1.143,-1.1684));
#17170=VECTOR('',#21341,0.4318);
#17171=CARTESIAN_POINT('',(1.7907,1.143,-1.1684));
#17172=VECTOR('',#21342,0.683965329481896);
#17173=AXIS2_PLACEMENT_3D('',#21343,#21344,#21345);
#17174=CARTESIAN_POINT('',(1.27,1.143,-1.1684));
#17175=CARTESIAN_POINT('',(0.3175,1.143,-1.1684));
#17176=CARTESIAN_POINT('',(1.27,1.143,-1.1684));
#17177=VECTOR('',#21346,0.9525);
#17178=CARTESIAN_POINT('',(0.3175,1.143,1.1684));
#17179=VECTOR('',#21347,2.3368);
#17180=CARTESIAN_POINT('',(0.7493,1.143,0.484434670518104));
#17181=CARTESIAN_POINT('',(0.7493,1.143,1.1684));
#17182=VECTOR('',#21348,0.683965329481896);
#17183=AXIS2_PLACEMENT_3D('',#21349,#21350,#21351);
#17184=CARTESIAN_POINT('',(1.27,1.143,-1.1684));
#17185=VECTOR('',#21352,0.4572);
#17186=CARTESIAN_POINT('',(-1.27,1.143,0.7112));
#17187=CARTESIAN_POINT('',(-1.27,1.143,1.1684));
#17188=VECTOR('',#21353,0.4572);
#17189=CARTESIAN_POINT('',(-0.3175,1.143,-1.1684));
#17190=CARTESIAN_POINT('',(-0.3175,1.143,1.1684));
#17191=VECTOR('',#21354,2.3368);
#17192=CARTESIAN_POINT('',(-0.7493,1.143,-1.1684));
#17193=CARTESIAN_POINT('',(-0.3175,1.143,-1.1684));
#17194=VECTOR('',#21355,0.4318);
#17195=CARTESIAN_POINT('',(-0.7493,1.143,-1.1684));
#17196=VECTOR('',#21356,0.683965329481896);
#17197=AXIS2_PLACEMENT_3D('',#21357,#21358,#21359);
#17198=CARTESIAN_POINT('',(-1.27,1.143,-1.1684));
#17199=CARTESIAN_POINT('',(-2.2225,1.143,-1.1684));
#17200=CARTESIAN_POINT('',(-1.27,1.143,-1.1684));
#17201=VECTOR('',#21360,0.9525);
#17202=CARTESIAN_POINT('',(-2.2225,1.143,1.1684));
#17203=VECTOR('',#21361,2.3368);
#17204=CARTESIAN_POINT('',(-1.7907,1.143,0.484434670518104));
#17205=CARTESIAN_POINT('',(-1.7907,1.143,1.1684));
#17206=VECTOR('',#21362,0.683965329481896);
#17207=AXIS2_PLACEMENT_3D('',#21363,#21364,#21365);
#17208=CARTESIAN_POINT('',(-1.27,1.143,-1.1684));
#17209=VECTOR('',#21366,0.4572);
#17210=CARTESIAN_POINT('',(-3.81,1.143,0.7112));
#17211=CARTESIAN_POINT('',(-3.81,1.143,1.1684));
#17212=VECTOR('',#21367,0.4572);
#17213=CARTESIAN_POINT('',(-2.8575,1.143,-1.1684));
#17214=CARTESIAN_POINT('',(-2.8575,1.143,1.1684));
#17215=VECTOR('',#21368,2.3368);
#17216=CARTESIAN_POINT('',(-3.2893,1.143,-1.1684));
#17217=CARTESIAN_POINT('',(-2.8575,1.143,-1.1684));
#17218=VECTOR('',#21369,0.4318);
#17219=CARTESIAN_POINT('',(-3.2893,1.143,-1.1684));
#17220=VECTOR('',#21370,0.683965329481896);
#17221=AXIS2_PLACEMENT_3D('',#21371,#21372,#21373);
#17222=CARTESIAN_POINT('',(-3.81,1.143,-1.1684));
#17223=CARTESIAN_POINT('',(-4.7625,1.143,-1.1684));
#17224=CARTESIAN_POINT('',(-3.81,1.143,-1.1684));
#17225=VECTOR('',#21374,0.9525);
#17226=CARTESIAN_POINT('',(-4.7625,1.143,1.1684));
#17227=VECTOR('',#21375,2.3368);
#17228=CARTESIAN_POINT('',(-4.3307,1.143,0.484434670518104));
#17229=CARTESIAN_POINT('',(-4.3307,1.143,1.1684));
#17230=VECTOR('',#21376,0.683965329481896);
#17231=AXIS2_PLACEMENT_3D('',#21377,#21378,#21379);
#17232=CARTESIAN_POINT('',(-3.81,1.143,-1.1684));
#17233=VECTOR('',#21380,0.4572);
#17234=CARTESIAN_POINT('',(-6.35,1.143,0.7112));
#17235=CARTESIAN_POINT('',(-6.35,1.143,1.1684));
#17236=VECTOR('',#21381,0.4572);
#17237=CARTESIAN_POINT('',(-5.3975,1.143,-1.1684));
#17238=CARTESIAN_POINT('',(-5.3975,1.143,1.1684));
#17239=VECTOR('',#21382,2.3368);
#17240=CARTESIAN_POINT('',(-5.8293,1.143,-1.1684));
#17241=CARTESIAN_POINT('',(-5.3975,1.143,-1.1684));
#17242=VECTOR('',#21383,0.4318);
#17243=CARTESIAN_POINT('',(-5.8293,1.143,-1.1684));
#17244=VECTOR('',#21384,0.683965329481896);
#17245=AXIS2_PLACEMENT_3D('',#21385,#21386,#21387);
#17246=CARTESIAN_POINT('',(-6.35,1.143,-1.1684));
#17247=CARTESIAN_POINT('',(-7.3025,1.143,-1.1684));
#17248=CARTESIAN_POINT('',(-6.35,1.143,-1.1684));
#17249=VECTOR('',#21388,0.9525);
#17250=CARTESIAN_POINT('',(-7.3025,1.143,1.1684));
#17251=VECTOR('',#21389,2.3368);
#17252=CARTESIAN_POINT('',(-6.8707,1.143,0.484434670518104));
#17253=CARTESIAN_POINT('',(-6.8707,1.143,1.1684));
#17254=VECTOR('',#21390,0.683965329481896);
#17255=AXIS2_PLACEMENT_3D('',#21391,#21392,#21393);
#17256=CARTESIAN_POINT('',(-6.35,1.143,-1.1684));
#17257=VECTOR('',#21394,0.4572);
#17258=CARTESIAN_POINT('',(-8.89,1.143,0.7112));
#17259=CARTESIAN_POINT('',(-8.89,1.143,1.1684));
#17260=VECTOR('',#21395,0.4572);
#17261=CARTESIAN_POINT('',(-7.9375,1.143,-1.1684));
#17262=CARTESIAN_POINT('',(-7.9375,1.143,1.1684));
#17263=VECTOR('',#21396,2.3368);
#17264=CARTESIAN_POINT('',(-8.3693,1.143,-1.1684));
#17265=CARTESIAN_POINT('',(-7.9375,1.143,-1.1684));
#17266=VECTOR('',#21397,0.4318);
#17267=CARTESIAN_POINT('',(-8.3693,1.143,-1.1684));
#17268=VECTOR('',#21398,0.683965329481896);
#17269=AXIS2_PLACEMENT_3D('',#21399,#21400,#21401);
#17270=CARTESIAN_POINT('',(-8.89,1.143,-1.1684));
#17271=CARTESIAN_POINT('',(-9.8425,1.143,-1.1684));
#17272=CARTESIAN_POINT('',(-8.89,1.143,-1.1684));
#17273=VECTOR('',#21402,0.9525);
#17274=CARTESIAN_POINT('',(-9.8425,1.143,1.1684));
#17275=VECTOR('',#21403,2.3368);
#17276=CARTESIAN_POINT('',(-9.4107,1.143,0.484434670518104));
#17277=CARTESIAN_POINT('',(-9.4107,1.143,1.1684));
#17278=VECTOR('',#21404,0.683965329481896);
#17279=AXIS2_PLACEMENT_3D('',#21405,#21406,#21407);
#17280=CARTESIAN_POINT('',(-8.89,1.143,-1.1684));
#17281=VECTOR('',#21408,0.4572);
#17282=CARTESIAN_POINT('',(-11.43,1.143,0.7112));
#17283=CARTESIAN_POINT('',(-11.43,1.143,1.1684));
#17284=VECTOR('',#21409,0.4572);
#17285=CARTESIAN_POINT('',(-10.4775,1.143,-1.1684));
#17286=CARTESIAN_POINT('',(-10.4775,1.143,1.1684));
#17287=VECTOR('',#21410,2.3368);
#17288=CARTESIAN_POINT('',(-10.9093,1.143,-1.1684));
#17289=CARTESIAN_POINT('',(-10.4775,1.143,-1.1684));
#17290=VECTOR('',#21411,0.4318);
#17291=CARTESIAN_POINT('',(-10.9093,1.143,-1.1684));
#17292=VECTOR('',#21412,0.683965329481896);
#17293=AXIS2_PLACEMENT_3D('',#21413,#21414,#21415);
#17294=CARTESIAN_POINT('',(-11.43,1.143,-1.1684));
#17295=CARTESIAN_POINT('',(-12.3825,1.143,-1.1684));
#17296=CARTESIAN_POINT('',(-11.43,1.143,-1.1684));
#17297=VECTOR('',#21416,0.9525);
#17298=CARTESIAN_POINT('',(-12.3825,1.143,1.1684));
#17299=VECTOR('',#21417,2.3368);
#17300=CARTESIAN_POINT('',(-11.9507,1.143,0.484434670518104));
#17301=CARTESIAN_POINT('',(-11.9507,1.143,1.1684));
#17302=VECTOR('',#21418,0.683965329481896);
#17303=AXIS2_PLACEMENT_3D('',#21419,#21420,#21421);
#17304=CARTESIAN_POINT('',(-11.43,1.143,-1.1684));
#17305=VECTOR('',#21422,0.4572);
#17306=CARTESIAN_POINT('',(-13.97,1.143,0.7112));
#17307=CARTESIAN_POINT('',(-13.97,1.143,1.1684));
#17308=VECTOR('',#21423,0.4572);
#17309=CARTESIAN_POINT('',(-13.0175,1.143,-1.1684));
#17310=CARTESIAN_POINT('',(-13.0175,1.143,1.1684));
#17311=VECTOR('',#21424,2.3368);
#17312=CARTESIAN_POINT('',(-13.4493,1.143,-1.1684));
#17313=CARTESIAN_POINT('',(-13.0175,1.143,-1.1684));
#17314=VECTOR('',#21425,0.4318);
#17315=CARTESIAN_POINT('',(-13.4493,1.143,-1.1684));
#17316=VECTOR('',#21426,0.683965329481896);
#17317=AXIS2_PLACEMENT_3D('',#21427,#21428,#21429);
#17318=CARTESIAN_POINT('',(-13.97,1.143,-1.1684));
#17319=CARTESIAN_POINT('',(-14.9225,1.143,-1.1684));
#17320=CARTESIAN_POINT('',(-13.97,1.143,-1.1684));
#17321=VECTOR('',#21430,0.9525);
#17322=CARTESIAN_POINT('',(-14.9225,1.143,1.1684));
#17323=VECTOR('',#21431,2.3368);
#17324=CARTESIAN_POINT('',(-14.4907,1.143,0.484434670518104));
#17325=CARTESIAN_POINT('',(-14.4907,1.143,1.1684));
#17326=VECTOR('',#21432,0.683965329481896);
#17327=AXIS2_PLACEMENT_3D('',#21433,#21434,#21435);
#17328=CARTESIAN_POINT('',(-13.97,1.143,-1.1684));
#17329=VECTOR('',#21436,0.4572);
#17330=CARTESIAN_POINT('',(-16.51,1.143,0.7112));
#17331=CARTESIAN_POINT('',(-16.51,1.143,1.1684));
#17332=VECTOR('',#21437,0.4572);
#17333=CARTESIAN_POINT('',(-15.5575,1.143,-1.1684));
#17334=CARTESIAN_POINT('',(-15.5575,1.143,1.1684));
#17335=VECTOR('',#21438,2.3368);
#17336=CARTESIAN_POINT('',(-15.9893,1.143,-1.1684));
#17337=CARTESIAN_POINT('',(-15.5575,1.143,-1.1684));
#17338=VECTOR('',#21439,0.4318);
#17339=CARTESIAN_POINT('',(-15.9893,1.143,-1.1684));
#17340=VECTOR('',#21440,0.683965329481896);
#17341=AXIS2_PLACEMENT_3D('',#21441,#21442,#21443);
#17342=CARTESIAN_POINT('',(-16.51,1.143,-1.1684));
#17343=CARTESIAN_POINT('',(-17.4625,1.143,-1.1684));
#17344=CARTESIAN_POINT('',(-16.51,1.143,-1.1684));
#17345=VECTOR('',#21444,0.9525);
#17346=CARTESIAN_POINT('',(-17.4625,1.143,1.1684));
#17347=VECTOR('',#21445,2.3368);
#17348=CARTESIAN_POINT('',(-17.0307,1.143,0.484434670518104));
#17349=CARTESIAN_POINT('',(-17.0307,1.143,1.1684));
#17350=VECTOR('',#21446,0.683965329481896);
#17351=AXIS2_PLACEMENT_3D('',#21447,#21448,#21449);
#17352=CARTESIAN_POINT('',(-16.51,1.143,-1.1684));
#17353=VECTOR('',#21450,0.4572);
#17354=CARTESIAN_POINT('',(16.51,1.143,0.7112));
#17355=VECTOR('',#21451,0.2032);
#17356=CARTESIAN_POINT('',(17.0307,1.143,-1.1684));
#17357=VECTOR('',#21452,0.2032);
#17358=CARTESIAN_POINT('',(15.5575,1.143,-1.1684));
#17359=VECTOR('',#21453,0.2032);
#17360=CARTESIAN_POINT('',(16.51,1.143,-1.1684));
#17361=VECTOR('',#21454,0.2032);
#17362=CARTESIAN_POINT('',(14.9225,1.143,-1.1684));
#17363=VECTOR('',#21455,0.2032);
#17364=CARTESIAN_POINT('',(14.4907,1.143,-1.1684));
#17365=VECTOR('',#21456,0.2032);
#17366=CARTESIAN_POINT('',(13.0175,1.143,-1.1684));
#17367=VECTOR('',#21457,0.2032);
#17368=CARTESIAN_POINT('',(13.97,1.143,-1.1684));
#17369=VECTOR('',#21458,0.2032);
#17370=CARTESIAN_POINT('',(12.3825,1.143,-1.1684));
#17371=VECTOR('',#21459,0.2032);
#17372=CARTESIAN_POINT('',(11.9507,1.143,-1.1684));
#17373=VECTOR('',#21460,0.2032);
#17374=CARTESIAN_POINT('',(10.4775,1.143,-1.1684));
#17375=VECTOR('',#21461,0.2032);
#17376=CARTESIAN_POINT('',(11.43,1.143,-1.1684));
#17377=VECTOR('',#21462,0.2032);
#17378=CARTESIAN_POINT('',(9.8425,1.143,-1.1684));
#17379=VECTOR('',#21463,0.2032);
#17380=CARTESIAN_POINT('',(9.4107,1.143,-1.1684));
#17381=VECTOR('',#21464,0.2032);
#17382=CARTESIAN_POINT('',(7.9375,1.143,-1.1684));
#17383=VECTOR('',#21465,0.2032);
#17384=CARTESIAN_POINT('',(8.89,1.143,-1.1684));
#17385=VECTOR('',#21466,0.2032);
#17386=CARTESIAN_POINT('',(7.3025,1.143,-1.1684));
#17387=VECTOR('',#21467,0.2032);
#17388=CARTESIAN_POINT('',(6.8707,1.143,-1.1684));
#17389=VECTOR('',#21468,0.2032);
#17390=CARTESIAN_POINT('',(5.3975,1.143,-1.1684));
#17391=VECTOR('',#21469,0.2032);
#17392=CARTESIAN_POINT('',(6.35,1.143,-1.1684));
#17393=VECTOR('',#21470,0.2032);
#17394=CARTESIAN_POINT('',(4.7625,1.143,-1.1684));
#17395=VECTOR('',#21471,0.2032);
#17396=CARTESIAN_POINT('',(4.3307,1.143,-1.1684));
#17397=VECTOR('',#21472,0.2032);
#17398=CARTESIAN_POINT('',(2.8575,1.143,-1.1684));
#17399=VECTOR('',#21473,0.2032);
#17400=CARTESIAN_POINT('',(3.81,1.143,-1.1684));
#17401=VECTOR('',#21474,0.2032);
#17402=CARTESIAN_POINT('',(2.2225,1.143,-1.1684));
#17403=VECTOR('',#21475,0.2032);
#17404=CARTESIAN_POINT('',(1.7907,1.143,-1.1684));
#17405=VECTOR('',#21476,0.2032);
#17406=CARTESIAN_POINT('',(0.3175,1.143,-1.1684));
#17407=VECTOR('',#21477,0.2032);
#17408=CARTESIAN_POINT('',(1.27,1.143,-1.1684));
#17409=VECTOR('',#21478,0.2032);
#17410=CARTESIAN_POINT('',(-0.3175,1.143,-1.1684));
#17411=VECTOR('',#21479,0.2032);
#17412=CARTESIAN_POINT('',(-0.7493,1.143,-1.1684));
#17413=VECTOR('',#21480,0.2032);
#17414=CARTESIAN_POINT('',(-2.2225,1.143,-1.1684));
#17415=VECTOR('',#21481,0.2032);
#17416=CARTESIAN_POINT('',(-1.27,1.143,-1.1684));
#17417=VECTOR('',#21482,0.2032);
#17418=CARTESIAN_POINT('',(-2.8575,1.143,-1.1684));
#17419=VECTOR('',#21483,0.2032);
#17420=CARTESIAN_POINT('',(-3.2893,1.143,-1.1684));
#17421=VECTOR('',#21484,0.2032);
#17422=CARTESIAN_POINT('',(-4.7625,1.143,-1.1684));
#17423=VECTOR('',#21485,0.2032);
#17424=CARTESIAN_POINT('',(-3.81,1.143,-1.1684));
#17425=VECTOR('',#21486,0.2032);
#17426=CARTESIAN_POINT('',(-5.3975,1.143,-1.1684));
#17427=VECTOR('',#21487,0.2032);
#17428=CARTESIAN_POINT('',(-5.8293,1.143,-1.1684));
#17429=VECTOR('',#21488,0.2032);
#17430=CARTESIAN_POINT('',(-7.3025,1.143,-1.1684));
#17431=VECTOR('',#21489,0.2032);
#17432=CARTESIAN_POINT('',(-6.35,1.143,-1.1684));
#17433=VECTOR('',#21490,0.2032);
#17434=CARTESIAN_POINT('',(-7.9375,1.143,-1.1684));
#17435=VECTOR('',#21491,0.2032);
#17436=CARTESIAN_POINT('',(-8.3693,1.143,-1.1684));
#17437=VECTOR('',#21492,0.2032);
#17438=CARTESIAN_POINT('',(-9.8425,1.143,-1.1684));
#17439=VECTOR('',#21493,0.2032);
#17440=CARTESIAN_POINT('',(-8.89,1.143,-1.1684));
#17441=VECTOR('',#21494,0.2032);
#17442=CARTESIAN_POINT('',(-10.4775,1.143,-1.1684));
#17443=VECTOR('',#21495,0.2032);
#17444=CARTESIAN_POINT('',(-10.9093,1.143,-1.1684));
#17445=VECTOR('',#21496,0.2032);
#17446=CARTESIAN_POINT('',(-12.3825,1.143,-1.1684));
#17447=VECTOR('',#21497,0.2032);
#17448=CARTESIAN_POINT('',(-11.43,1.143,-1.1684));
#17449=VECTOR('',#21498,0.2032);
#17450=CARTESIAN_POINT('',(-13.0175,1.143,-1.1684));
#17451=VECTOR('',#21499,0.2032);
#17452=CARTESIAN_POINT('',(-13.4493,1.143,-1.1684));
#17453=VECTOR('',#21500,0.2032);
#17454=CARTESIAN_POINT('',(-14.9225,1.143,-1.1684));
#17455=VECTOR('',#21501,0.2032);
#17456=CARTESIAN_POINT('',(-13.97,1.143,-1.1684));
#17457=VECTOR('',#21502,0.2032);
#17458=CARTESIAN_POINT('',(-15.5575,1.143,-1.1684));
#17459=VECTOR('',#21503,0.2032);
#17460=CARTESIAN_POINT('',(-15.9893,1.143,-1.1684));
#17461=VECTOR('',#21504,0.2032);
#17462=CARTESIAN_POINT('',(-17.4625,1.143,-1.1684));
#17463=VECTOR('',#21505,0.2032);
#17464=CARTESIAN_POINT('',(-16.51,1.143,-1.1684));
#17465=VECTOR('',#21506,0.2032);
#17466=CARTESIAN_POINT('',(13.97,1.143,0.7112));
#17467=VECTOR('',#21507,0.2032);
#17468=CARTESIAN_POINT('',(13.4493,1.143,0.484434670518104));
#17469=VECTOR('',#21508,0.2032);
#17470=CARTESIAN_POINT('',(11.43,1.143,0.7112));
#17471=VECTOR('',#21509,0.2032);
#17472=CARTESIAN_POINT('',(10.9093,1.143,0.484434670518104));
#17473=VECTOR('',#21510,0.2032);
#17474=CARTESIAN_POINT('',(8.89,1.143,0.7112));
#17475=VECTOR('',#21511,0.2032);
#17476=CARTESIAN_POINT('',(8.3693,1.143,0.484434670518104));
#17477=VECTOR('',#21512,0.2032);
#17478=CARTESIAN_POINT('',(6.35,1.143,0.7112));
#17479=VECTOR('',#21513,0.2032);
#17480=CARTESIAN_POINT('',(5.8293,1.143,0.484434670518104));
#17481=VECTOR('',#21514,0.2032);
#17482=CARTESIAN_POINT('',(3.81,1.143,0.7112));
#17483=VECTOR('',#21515,0.2032);
#17484=CARTESIAN_POINT('',(3.2893,1.143,0.484434670518104));
#17485=VECTOR('',#21516,0.2032);
#17486=CARTESIAN_POINT('',(1.27,1.143,0.7112));
#17487=VECTOR('',#21517,0.2032);
#17488=CARTESIAN_POINT('',(0.7493,1.143,0.484434670518104));
#17489=VECTOR('',#21518,0.2032);
#17490=CARTESIAN_POINT('',(-1.27,1.143,0.7112));
#17491=VECTOR('',#21519,0.2032);
#17492=CARTESIAN_POINT('',(-1.7907,1.143,0.484434670518104));
#17493=VECTOR('',#21520,0.2032);
#17494=CARTESIAN_POINT('',(-3.81,1.143,0.7112));
#17495=VECTOR('',#21521,0.2032);
#17496=CARTESIAN_POINT('',(-4.3307,1.143,0.484434670518104));
#17497=VECTOR('',#21522,0.2032);
#17498=CARTESIAN_POINT('',(-6.35,1.143,0.7112));
#17499=VECTOR('',#21523,0.2032);
#17500=CARTESIAN_POINT('',(-6.8707,1.143,0.484434670518104));
#17501=VECTOR('',#21524,0.2032);
#17502=CARTESIAN_POINT('',(-8.89,1.143,0.7112));
#17503=VECTOR('',#21525,0.2032);
#17504=CARTESIAN_POINT('',(-9.4107,1.143,0.484434670518104));
#17505=VECTOR('',#21526,0.2032);
#17506=CARTESIAN_POINT('',(-11.43,1.143,0.7112));
#17507=VECTOR('',#21527,0.2032);
#17508=CARTESIAN_POINT('',(-11.9507,1.143,0.484434670518104));
#17509=VECTOR('',#21528,0.2032);
#17510=CARTESIAN_POINT('',(-13.97,1.143,0.7112));
#17511=VECTOR('',#21529,0.2032);
#17512=CARTESIAN_POINT('',(-14.4907,1.143,0.484434670518104));
#17513=VECTOR('',#21530,0.2032);
#17514=CARTESIAN_POINT('',(-16.51,1.143,0.7112));
#17515=VECTOR('',#21531,0.2032);
#17516=CARTESIAN_POINT('',(-17.0307,1.143,0.484434670518104));
#17517=VECTOR('',#21532,0.2032);
#17518=CARTESIAN_POINT('',(-17.4625,-0.9398,-0.9144));
#17519=CARTESIAN_POINT('',(-17.4625,0.9398,-0.9144));
#17520=VECTOR('',#21533,1.8796);
#17521=CARTESIAN_POINT('',(-17.4625,-0.9398,-1.1684));
#17522=CARTESIAN_POINT('',(-17.4625,-0.9398,-1.1684));
#17523=VECTOR('',#21534,0.254);
#17524=CARTESIAN_POINT('',(-17.4625,-1.143,-1.1684));
#17525=CARTESIAN_POINT('',(-17.4625,-0.9398,-1.1684));
#17526=VECTOR('',#21535,0.2032);
#17527=CARTESIAN_POINT('',(-17.4625,-1.143,1.1684));
#17528=CARTESIAN_POINT('',(-17.4625,-1.143,-1.1684));
#17529=VECTOR('',#21536,2.3368);
#17530=CARTESIAN_POINT('',(-17.4625,-0.9398,1.1684));
#17531=CARTESIAN_POINT('',(-17.4625,-1.143,1.1684));
#17532=VECTOR('',#21537,0.2032);
#17533=CARTESIAN_POINT('',(-17.4625,-0.9398,0.9144));
#17534=CARTESIAN_POINT('',(-17.4625,-0.9398,0.9144));
#17535=VECTOR('',#21538,0.254);
#17536=CARTESIAN_POINT('',(-17.4625,0.9398,0.9144));
#17537=VECTOR('',#21539,1.8796);
#17538=CARTESIAN_POINT('',(-17.78,-0.9398,0.9144));
#17539=CARTESIAN_POINT('',(-17.78,-0.9398,0.9144));
#17540=VECTOR('',#21540,0.3175);
#17541=CARTESIAN_POINT('',(-17.78,0.9398,0.9144));
#17542=VECTOR('',#21541,1.8796);
#17543=CARTESIAN_POINT('',(-17.78,-0.9398,1.0033));
#17544=CARTESIAN_POINT('',(-17.78,-0.9398,1.0033));
#17545=VECTOR('',#21542,0.0889);
#17546=CARTESIAN_POINT('',(-17.78,0.9398,1.0033));
#17547=VECTOR('',#21543,1.8796);
#17548=CARTESIAN_POINT('',(-17.4625,-0.9398,1.2446));
#17549=CARTESIAN_POINT('',(-17.4625,-0.9398,1.2446));
#17550=VECTOR('',#21544,0.398788089089994);
#17551=CARTESIAN_POINT('',(-17.4625,0.9398,1.2446));
#17552=VECTOR('',#21545,1.8796);
#17553=CARTESIAN_POINT('',(17.4625,-0.9398,1.2446));
#17554=CARTESIAN_POINT('',(17.4625,0.9398,1.2446));
#17555=VECTOR('',#21546,1.8796);
#17556=CARTESIAN_POINT('',(15.494,-0.9398,1.2446));
#17557=CARTESIAN_POINT('',(15.494,-0.9398,1.2446));
#17558=VECTOR('',#21547,1.8796);
#17559=CARTESIAN_POINT('',(17.4625,-0.9398,1.2446));
#17560=VECTOR('',#21548,1.9685);
#17561=CARTESIAN_POINT('',(14.986,-0.9398,1.2446));
#17562=CARTESIAN_POINT('',(12.954,-0.9398,1.2446));
#17563=CARTESIAN_POINT('',(14.986,-0.9398,1.2446));
#17564=VECTOR('',#21549,2.032);
#17565=CARTESIAN_POINT('',(14.986,-0.9398,1.2446));
#17566=VECTOR('',#21550,1.8796);
#17567=CARTESIAN_POINT('',(12.954,-0.9398,1.2446));
#17568=VECTOR('',#21551,1.8796);
#17569=CARTESIAN_POINT('',(12.446,-0.9398,1.2446));
#17570=CARTESIAN_POINT('',(10.414,-0.9398,1.2446));
#17571=CARTESIAN_POINT('',(12.446,-0.9398,1.2446));
#17572=VECTOR('',#21552,2.032);
#17573=CARTESIAN_POINT('',(12.446,-0.9398,1.2446));
#17574=VECTOR('',#21553,1.8796);
#17575=CARTESIAN_POINT('',(10.414,-0.9398,1.2446));
#17576=VECTOR('',#21554,1.8796);
#17577=CARTESIAN_POINT('',(9.906,-0.9398,1.2446));
#17578=CARTESIAN_POINT('',(7.874,-0.9398,1.2446));
#17579=CARTESIAN_POINT('',(9.906,-0.9398,1.2446));
#17580=VECTOR('',#21555,2.032);
#17581=CARTESIAN_POINT('',(9.906,-0.9398,1.2446));
#17582=VECTOR('',#21556,1.8796);
#17583=CARTESIAN_POINT('',(7.874,-0.9398,1.2446));
#17584=VECTOR('',#21557,1.8796);
#17585=CARTESIAN_POINT('',(7.366,-0.9398,1.2446));
#17586=CARTESIAN_POINT('',(5.334,-0.9398,1.2446));
#17587=CARTESIAN_POINT('',(7.366,-0.9398,1.2446));
#17588=VECTOR('',#21558,2.032);
#17589=CARTESIAN_POINT('',(7.366,-0.9398,1.2446));
#17590=VECTOR('',#21559,1.8796);
#17591=CARTESIAN_POINT('',(5.334,-0.9398,1.2446));
#17592=VECTOR('',#21560,1.8796);
#17593=CARTESIAN_POINT('',(4.826,-0.9398,1.2446));
#17594=CARTESIAN_POINT('',(2.794,-0.9398,1.2446));
#17595=CARTESIAN_POINT('',(4.826,-0.9398,1.2446));
#17596=VECTOR('',#21561,2.032);
#17597=CARTESIAN_POINT('',(4.826,-0.9398,1.2446));
#17598=VECTOR('',#21562,1.8796);
#17599=CARTESIAN_POINT('',(2.794,-0.9398,1.2446));
#17600=VECTOR('',#21563,1.8796);
#17601=CARTESIAN_POINT('',(2.286,-0.9398,1.2446));
#17602=CARTESIAN_POINT('',(0.254,-0.9398,1.2446));
#17603=CARTESIAN_POINT('',(2.286,-0.9398,1.2446));
#17604=VECTOR('',#21564,2.032);
#17605=CARTESIAN_POINT('',(2.286,-0.9398,1.2446));
#17606=VECTOR('',#21565,1.8796);
#17607=CARTESIAN_POINT('',(0.254,-0.9398,1.2446));
#17608=VECTOR('',#21566,1.8796);
#17609=CARTESIAN_POINT('',(-0.254,-0.9398,1.2446));
#17610=CARTESIAN_POINT('',(-2.286,-0.9398,1.2446));
#17611=CARTESIAN_POINT('',(-0.254,-0.9398,1.2446));
#17612=VECTOR('',#21567,2.032);
#17613=CARTESIAN_POINT('',(-0.254,-0.9398,1.2446));
#17614=VECTOR('',#21568,1.8796);
#17615=CARTESIAN_POINT('',(-2.286,-0.9398,1.2446));
#17616=VECTOR('',#21569,1.8796);
#17617=CARTESIAN_POINT('',(-2.794,-0.9398,1.2446));
#17618=CARTESIAN_POINT('',(-4.826,-0.9398,1.2446));
#17619=CARTESIAN_POINT('',(-2.794,-0.9398,1.2446));
#17620=VECTOR('',#21570,2.032);
#17621=CARTESIAN_POINT('',(-2.794,-0.9398,1.2446));
#17622=VECTOR('',#21571,1.8796);
#17623=CARTESIAN_POINT('',(-4.826,-0.9398,1.2446));
#17624=VECTOR('',#21572,1.8796);
#17625=CARTESIAN_POINT('',(-5.334,-0.9398,1.2446));
#17626=CARTESIAN_POINT('',(-7.366,-0.9398,1.2446));
#17627=CARTESIAN_POINT('',(-5.334,-0.9398,1.2446));
#17628=VECTOR('',#21573,2.032);
#17629=CARTESIAN_POINT('',(-5.334,-0.9398,1.2446));
#17630=VECTOR('',#21574,1.8796);
#17631=CARTESIAN_POINT('',(-7.366,-0.9398,1.2446));
#17632=VECTOR('',#21575,1.8796);
#17633=CARTESIAN_POINT('',(-7.874,-0.9398,1.2446));
#17634=CARTESIAN_POINT('',(-9.906,-0.9398,1.2446));
#17635=CARTESIAN_POINT('',(-7.874,-0.9398,1.2446));
#17636=VECTOR('',#21576,2.032);
#17637=CARTESIAN_POINT('',(-7.874,-0.9398,1.2446));
#17638=VECTOR('',#21577,1.8796);
#17639=CARTESIAN_POINT('',(-9.906,-0.9398,1.2446));
#17640=VECTOR('',#21578,1.8796);
#17641=CARTESIAN_POINT('',(-10.414,-0.9398,1.2446));
#17642=CARTESIAN_POINT('',(-12.446,-0.9398,1.2446));
#17643=CARTESIAN_POINT('',(-10.414,-0.9398,1.2446));
#17644=VECTOR('',#21579,2.032);
#17645=CARTESIAN_POINT('',(-10.414,-0.9398,1.2446));
#17646=VECTOR('',#21580,1.8796);
#17647=CARTESIAN_POINT('',(-12.446,-0.9398,1.2446));
#17648=VECTOR('',#21581,1.8796);
#17649=CARTESIAN_POINT('',(-12.954,-0.9398,1.2446));
#17650=CARTESIAN_POINT('',(-14.986,-0.9398,1.2446));
#17651=CARTESIAN_POINT('',(-12.954,-0.9398,1.2446));
#17652=VECTOR('',#21582,2.032);
#17653=CARTESIAN_POINT('',(-12.954,-0.9398,1.2446));
#17654=VECTOR('',#21583,1.8796);
#17655=CARTESIAN_POINT('',(-14.986,-0.9398,1.2446));
#17656=VECTOR('',#21584,1.8796);
#17657=CARTESIAN_POINT('',(-15.494,-0.9398,1.2446));
#17658=CARTESIAN_POINT('',(-15.494,-0.9398,1.2446));
#17659=VECTOR('',#21585,1.9685);
#17660=CARTESIAN_POINT('',(-15.494,-0.9398,1.2446));
#17661=VECTOR('',#21586,1.8796);
#17662=CARTESIAN_POINT('',(-17.78,-0.9398,-0.9144));
#17663=CARTESIAN_POINT('',(-17.4625,-0.9398,-0.9144));
#17664=VECTOR('',#21587,0.3175);
#17665=CARTESIAN_POINT('',(-17.78,-0.9398,-1.0033));
#17666=CARTESIAN_POINT('',(-17.78,-0.9398,-0.9144));
#17667=VECTOR('',#21588,0.0889);
#17668=CARTESIAN_POINT('',(-17.4625,-0.9398,-1.2446));
#17669=CARTESIAN_POINT('',(-17.78,-0.9398,-1.0033));
#17670=VECTOR('',#21589,0.398788089089994);
#17671=CARTESIAN_POINT('',(-15.494,-0.9398,-1.2446));
#17672=CARTESIAN_POINT('',(-15.494,-0.9398,-1.2446));
#17673=VECTOR('',#21590,1.9685);
#17674=CARTESIAN_POINT('',(-15.24,-0.9398,-0.9906));
#17675=CARTESIAN_POINT('',(-15.24,-0.9398,-0.9906));
#17676=VECTOR('',#21591,0.359210244842742);
#17677=CARTESIAN_POINT('',(-14.986,-0.9398,-1.2446));
#17678=CARTESIAN_POINT('',(-14.986,-0.9398,-1.2446));
#17679=VECTOR('',#21592,0.359210244842742);
#17680=CARTESIAN_POINT('',(-12.954,-0.9398,-1.2446));
#17681=CARTESIAN_POINT('',(-12.954,-0.9398,-1.2446));
#17682=VECTOR('',#21593,2.032);
#17683=CARTESIAN_POINT('',(-12.7,-0.9398,-0.9906));
#17684=CARTESIAN_POINT('',(-12.7,-0.9398,-0.9906));
#17685=VECTOR('',#21594,0.359210244842742);
#17686=CARTESIAN_POINT('',(-12.446,-0.9398,-1.2446));
#17687=CARTESIAN_POINT('',(-12.446,-0.9398,-1.2446));
#17688=VECTOR('',#21595,0.359210244842742);
#17689=CARTESIAN_POINT('',(-10.414,-0.9398,-1.2446));
#17690=CARTESIAN_POINT('',(-10.414,-0.9398,-1.2446));
#17691=VECTOR('',#21596,2.032);
#17692=CARTESIAN_POINT('',(-10.16,-0.9398,-0.9906));
#17693=CARTESIAN_POINT('',(-10.16,-0.9398,-0.9906));
#17694=VECTOR('',#21597,0.359210244842742);
#17695=CARTESIAN_POINT('',(-9.906,-0.9398,-1.2446));
#17696=CARTESIAN_POINT('',(-9.906,-0.9398,-1.2446));
#17697=VECTOR('',#21598,0.359210244842742);
#17698=CARTESIAN_POINT('',(-7.874,-0.9398,-1.2446));
#17699=CARTESIAN_POINT('',(-7.874,-0.9398,-1.2446));
#17700=VECTOR('',#21599,2.032);
#17701=CARTESIAN_POINT('',(-7.62,-0.9398,-0.9906));
#17702=CARTESIAN_POINT('',(-7.62,-0.9398,-0.9906));
#17703=VECTOR('',#21600,0.359210244842742);
#17704=CARTESIAN_POINT('',(-7.366,-0.9398,-1.2446));
#17705=CARTESIAN_POINT('',(-7.366,-0.9398,-1.2446));
#17706=VECTOR('',#21601,0.359210244842742);
#17707=CARTESIAN_POINT('',(-5.334,-0.9398,-1.2446));
#17708=CARTESIAN_POINT('',(-5.334,-0.9398,-1.2446));
#17709=VECTOR('',#21602,2.032);
#17710=CARTESIAN_POINT('',(-5.08,-0.9398,-0.9906));
#17711=CARTESIAN_POINT('',(-5.08,-0.9398,-0.9906));
#17712=VECTOR('',#21603,0.359210244842742);
#17713=CARTESIAN_POINT('',(-4.826,-0.9398,-1.2446));
#17714=CARTESIAN_POINT('',(-4.826,-0.9398,-1.2446));
#17715=VECTOR('',#21604,0.359210244842742);
#17716=CARTESIAN_POINT('',(-2.794,-0.9398,-1.2446));
#17717=CARTESIAN_POINT('',(-2.794,-0.9398,-1.2446));
#17718=VECTOR('',#21605,2.032);
#17719=CARTESIAN_POINT('',(-2.54,-0.9398,-0.9906));
#17720=CARTESIAN_POINT('',(-2.54,-0.9398,-0.9906));
#17721=VECTOR('',#21606,0.359210244842742);
#17722=CARTESIAN_POINT('',(-2.286,-0.9398,-1.2446));
#17723=CARTESIAN_POINT('',(-2.286,-0.9398,-1.2446));
#17724=VECTOR('',#21607,0.359210244842742);
#17725=CARTESIAN_POINT('',(-0.254,-0.9398,-1.2446));
#17726=CARTESIAN_POINT('',(-0.254,-0.9398,-1.2446));
#17727=VECTOR('',#21608,2.032);
#17728=CARTESIAN_POINT('',(0.0,-0.9398,-0.9906));
#17729=CARTESIAN_POINT('',(0.0,-0.9398,-0.9906));
#17730=VECTOR('',#21609,0.359210244842742);
#17731=CARTESIAN_POINT('',(0.254,-0.9398,-1.2446));
#17732=CARTESIAN_POINT('',(0.254,-0.9398,-1.2446));
#17733=VECTOR('',#21610,0.359210244842742);
#17734=CARTESIAN_POINT('',(2.286,-0.9398,-1.2446));
#17735=CARTESIAN_POINT('',(2.286,-0.9398,-1.2446));
#17736=VECTOR('',#21611,2.032);
#17737=CARTESIAN_POINT('',(2.54,-0.9398,-0.9906));
#17738=CARTESIAN_POINT('',(2.54,-0.9398,-0.9906));
#17739=VECTOR('',#21612,0.359210244842742);
#17740=CARTESIAN_POINT('',(2.794,-0.9398,-1.2446));
#17741=CARTESIAN_POINT('',(2.794,-0.9398,-1.2446));
#17742=VECTOR('',#21613,0.359210244842742);
#17743=CARTESIAN_POINT('',(4.826,-0.9398,-1.2446));
#17744=CARTESIAN_POINT('',(4.826,-0.9398,-1.2446));
#17745=VECTOR('',#21614,2.032);
#17746=CARTESIAN_POINT('',(5.08,-0.9398,-0.9906));
#17747=CARTESIAN_POINT('',(5.08,-0.9398,-0.9906));
#17748=VECTOR('',#21615,0.359210244842742);
#17749=CARTESIAN_POINT('',(5.334,-0.9398,-1.2446));
#17750=CARTESIAN_POINT('',(5.334,-0.9398,-1.2446));
#17751=VECTOR('',#21616,0.359210244842742);
#17752=CARTESIAN_POINT('',(7.366,-0.9398,-1.2446));
#17753=CARTESIAN_POINT('',(7.366,-0.9398,-1.2446));
#17754=VECTOR('',#21617,2.032);
#17755=CARTESIAN_POINT('',(7.62,-0.9398,-0.9906));
#17756=CARTESIAN_POINT('',(7.62,-0.9398,-0.9906));
#17757=VECTOR('',#21618,0.359210244842742);
#17758=CARTESIAN_POINT('',(7.874,-0.9398,-1.2446));
#17759=CARTESIAN_POINT('',(7.874,-0.9398,-1.2446));
#17760=VECTOR('',#21619,0.359210244842742);
#17761=CARTESIAN_POINT('',(9.906,-0.9398,-1.2446));
#17762=CARTESIAN_POINT('',(9.906,-0.9398,-1.2446));
#17763=VECTOR('',#21620,2.032);
#17764=CARTESIAN_POINT('',(10.16,-0.9398,-0.9906));
#17765=CARTESIAN_POINT('',(10.16,-0.9398,-0.9906));
#17766=VECTOR('',#21621,0.359210244842742);
#17767=CARTESIAN_POINT('',(10.414,-0.9398,-1.2446));
#17768=CARTESIAN_POINT('',(10.414,-0.9398,-1.2446));
#17769=VECTOR('',#21622,0.359210244842742);
#17770=CARTESIAN_POINT('',(12.446,-0.9398,-1.2446));
#17771=CARTESIAN_POINT('',(12.446,-0.9398,-1.2446));
#17772=VECTOR('',#21623,2.032);
#17773=CARTESIAN_POINT('',(12.7,-0.9398,-0.9906));
#17774=CARTESIAN_POINT('',(12.7,-0.9398,-0.9906));
#17775=VECTOR('',#21624,0.359210244842742);
#17776=CARTESIAN_POINT('',(12.954,-0.9398,-1.2446));
#17777=CARTESIAN_POINT('',(12.954,-0.9398,-1.2446));
#17778=VECTOR('',#21625,0.359210244842742);
#17779=CARTESIAN_POINT('',(14.986,-0.9398,-1.2446));
#17780=CARTESIAN_POINT('',(14.986,-0.9398,-1.2446));
#17781=VECTOR('',#21626,2.032);
#17782=CARTESIAN_POINT('',(15.24,-0.9398,-0.9906));
#17783=CARTESIAN_POINT('',(15.24,-0.9398,-0.9906));
#17784=VECTOR('',#21627,0.359210244842742);
#17785=CARTESIAN_POINT('',(15.494,-0.9398,-1.2446));
#17786=CARTESIAN_POINT('',(15.494,-0.9398,-1.2446));
#17787=VECTOR('',#21628,0.359210244842742);
#17788=CARTESIAN_POINT('',(17.4625,-0.9398,-1.2446));
#17789=CARTESIAN_POINT('',(17.4625,-0.9398,-1.2446));
#17790=VECTOR('',#21629,1.9685);
#17791=CARTESIAN_POINT('',(17.78,-0.9398,-1.0033));
#17792=CARTESIAN_POINT('',(17.4625,-0.9398,-1.2446));
#17793=VECTOR('',#21630,0.398788089089994);
#17794=CARTESIAN_POINT('',(17.78,-0.9398,-0.9144));
#17795=CARTESIAN_POINT('',(17.78,-0.9398,-1.0033));
#17796=VECTOR('',#21631,0.0889);
#17797=CARTESIAN_POINT('',(17.78,-0.9398,-0.9144));
#17798=VECTOR('',#21632,0.3175);
#17799=CARTESIAN_POINT('',(16.51,-0.9398,-1.1684));
#17800=CARTESIAN_POINT('',(17.4625,-0.9398,-1.1684));
#17801=VECTOR('',#21633,0.9525);
#17802=CARTESIAN_POINT('',(16.51,-0.9398,-0.7112));
#17803=CARTESIAN_POINT('',(16.51,-0.9398,-1.1684));
#17804=VECTOR('',#21634,0.4572);
#17805=CARTESIAN_POINT('',(17.0434,-0.9398,-0.47041458310723));
#17806=AXIS2_PLACEMENT_3D('',#21635,#21636,#21637);
#17807=CARTESIAN_POINT('',(17.0434,-0.9398,1.1684));
#17808=CARTESIAN_POINT('',(17.0434,-0.9398,-0.47041458310723));
#17809=VECTOR('',#21638,1.63881458310723);
#17810=CARTESIAN_POINT('',(17.4625,-0.9398,1.1684));
#17811=VECTOR('',#21639,0.4191);
#17812=CARTESIAN_POINT('',(17.78,-0.9398,0.9144));
#17813=CARTESIAN_POINT('',(17.4625,-0.9398,0.9144));
#17814=VECTOR('',#21640,0.3175);
#17815=CARTESIAN_POINT('',(17.78,-0.9398,1.0033));
#17816=CARTESIAN_POINT('',(17.78,-0.9398,0.9144));
#17817=VECTOR('',#21641,0.0889);
#17818=CARTESIAN_POINT('',(17.78,-0.9398,1.0033));
#17819=VECTOR('',#21642,0.398788089089994);
#17820=CARTESIAN_POINT('',(15.24,-0.9398,0.9906));
#17821=CARTESIAN_POINT('',(15.24,-0.9398,0.9906));
#17822=VECTOR('',#21643,0.359210244842742);
#17823=CARTESIAN_POINT('',(14.986,-0.9398,1.2446));
#17824=VECTOR('',#21644,0.359210244842742);
#17825=CARTESIAN_POINT('',(12.7,-0.9398,0.9906));
#17826=CARTESIAN_POINT('',(12.7,-0.9398,0.9906));
#17827=VECTOR('',#21645,0.359210244842742);
#17828=CARTESIAN_POINT('',(12.446,-0.9398,1.2446));
#17829=VECTOR('',#21646,0.359210244842742);
#17830=CARTESIAN_POINT('',(10.16,-0.9398,0.9906));
#17831=CARTESIAN_POINT('',(10.16,-0.9398,0.9906));
#17832=VECTOR('',#21647,0.359210244842742);
#17833=CARTESIAN_POINT('',(9.906,-0.9398,1.2446));
#17834=VECTOR('',#21648,0.359210244842742);
#17835=CARTESIAN_POINT('',(7.62,-0.9398,0.9906));
#17836=CARTESIAN_POINT('',(7.62,-0.9398,0.9906));
#17837=VECTOR('',#21649,0.359210244842742);
#17838=CARTESIAN_POINT('',(7.366,-0.9398,1.2446));
#17839=VECTOR('',#21650,0.359210244842742);
#17840=CARTESIAN_POINT('',(5.08,-0.9398,0.9906));
#17841=CARTESIAN_POINT('',(5.08,-0.9398,0.9906));
#17842=VECTOR('',#21651,0.359210244842742);
#17843=CARTESIAN_POINT('',(4.826,-0.9398,1.2446));
#17844=VECTOR('',#21652,0.359210244842742);
#17845=CARTESIAN_POINT('',(2.54,-0.9398,0.9906));
#17846=CARTESIAN_POINT('',(2.54,-0.9398,0.9906));
#17847=VECTOR('',#21653,0.359210244842742);
#17848=CARTESIAN_POINT('',(2.286,-0.9398,1.2446));
#17849=VECTOR('',#21654,0.359210244842742);
#17850=CARTESIAN_POINT('',(0.0,-0.9398,0.9906));
#17851=CARTESIAN_POINT('',(0.0,-0.9398,0.9906));
#17852=VECTOR('',#21655,0.359210244842742);
#17853=CARTESIAN_POINT('',(-0.254,-0.9398,1.2446));
#17854=VECTOR('',#21656,0.359210244842742);
#17855=CARTESIAN_POINT('',(-2.54,-0.9398,0.9906));
#17856=CARTESIAN_POINT('',(-2.54,-0.9398,0.9906));
#17857=VECTOR('',#21657,0.359210244842742);
#17858=CARTESIAN_POINT('',(-2.794,-0.9398,1.2446));
#17859=VECTOR('',#21658,0.359210244842742);
#17860=CARTESIAN_POINT('',(-5.08,-0.9398,0.9906));
#17861=CARTESIAN_POINT('',(-5.08,-0.9398,0.9906));
#17862=VECTOR('',#21659,0.359210244842742);
#17863=CARTESIAN_POINT('',(-5.334,-0.9398,1.2446));
#17864=VECTOR('',#21660,0.359210244842742);
#17865=CARTESIAN_POINT('',(-7.62,-0.9398,0.9906));
#17866=CARTESIAN_POINT('',(-7.62,-0.9398,0.9906));
#17867=VECTOR('',#21661,0.359210244842742);
#17868=CARTESIAN_POINT('',(-7.874,-0.9398,1.2446));
#17869=VECTOR('',#21662,0.359210244842742);
#17870=CARTESIAN_POINT('',(-10.16,-0.9398,0.9906));
#17871=CARTESIAN_POINT('',(-10.16,-0.9398,0.9906));
#17872=VECTOR('',#21663,0.359210244842742);
#17873=CARTESIAN_POINT('',(-10.414,-0.9398,1.2446));
#17874=VECTOR('',#21664,0.359210244842742);
#17875=CARTESIAN_POINT('',(-12.7,-0.9398,0.9906));
#17876=CARTESIAN_POINT('',(-12.7,-0.9398,0.9906));
#17877=VECTOR('',#21665,0.359210244842742);
#17878=CARTESIAN_POINT('',(-12.954,-0.9398,1.2446));
#17879=VECTOR('',#21666,0.359210244842742);
#17880=CARTESIAN_POINT('',(-15.24,-0.9398,0.9906));
#17881=CARTESIAN_POINT('',(-15.24,-0.9398,0.9906));
#17882=VECTOR('',#21667,0.359210244842742);
#17883=CARTESIAN_POINT('',(-15.494,-0.9398,1.2446));
#17884=VECTOR('',#21668,0.359210244842742);
#17885=CARTESIAN_POINT('',(-16.51,-0.9398,1.1684));
#17886=CARTESIAN_POINT('',(-16.51,-0.9398,1.1684));
#17887=VECTOR('',#21669,0.9525);
#17888=CARTESIAN_POINT('',(-16.51,-0.9398,0.7112));
#17889=CARTESIAN_POINT('',(-16.51,-0.9398,1.1684));
#17890=VECTOR('',#21670,0.4572);
#17891=CARTESIAN_POINT('',(-17.0434,-0.9398,0.47041458310723));
#17892=AXIS2_PLACEMENT_3D('',#21671,#21672,#21673);
#17893=CARTESIAN_POINT('',(-17.0434,-0.9398,-1.1684));
#17894=CARTESIAN_POINT('',(-17.0434,-0.9398,0.47041458310723));
#17895=VECTOR('',#21674,1.63881458310723);
#17896=CARTESIAN_POINT('',(-17.0434,-0.9398,-1.1684));
#17897=VECTOR('',#21675,0.4191);
#17898=CARTESIAN_POINT('',(-13.0175,-0.9398,1.1684));
#17899=CARTESIAN_POINT('',(-13.0175,-0.9398,-1.1684));
#17900=CARTESIAN_POINT('',(-13.0175,-0.9398,1.1684));
#17901=VECTOR('',#21676,2.3368);
#17902=CARTESIAN_POINT('',(-13.97,-0.9398,-1.1684));
#17903=CARTESIAN_POINT('',(-13.0175,-0.9398,-1.1684));
#17904=VECTOR('',#21677,0.9525);
#17905=CARTESIAN_POINT('',(-13.97,-0.9398,-0.7112));
#17906=CARTESIAN_POINT('',(-13.97,-0.9398,-1.1684));
#17907=VECTOR('',#21678,0.4572);
#17908=CARTESIAN_POINT('',(-13.4366,-0.9398,-0.47041458310723));
#17909=AXIS2_PLACEMENT_3D('',#21679,#21680,#21681);
#17910=CARTESIAN_POINT('',(-13.4366,-0.9398,1.1684));
#17911=CARTESIAN_POINT('',(-13.4366,-0.9398,-0.47041458310723));
#17912=VECTOR('',#21682,1.63881458310723);
#17913=CARTESIAN_POINT('',(-13.0175,-0.9398,1.1684));
#17914=VECTOR('',#21683,0.4191);
#17915=CARTESIAN_POINT('',(-10.4775,-0.9398,1.1684));
#17916=CARTESIAN_POINT('',(-10.4775,-0.9398,-1.1684));
#17917=CARTESIAN_POINT('',(-10.4775,-0.9398,1.1684));
#17918=VECTOR('',#21684,2.3368);
#17919=CARTESIAN_POINT('',(-11.43,-0.9398,-1.1684));
#17920=CARTESIAN_POINT('',(-10.4775,-0.9398,-1.1684));
#17921=VECTOR('',#21685,0.9525);
#17922=CARTESIAN_POINT('',(-11.43,-0.9398,-0.7112));
#17923=CARTESIAN_POINT('',(-11.43,-0.9398,-1.1684));
#17924=VECTOR('',#21686,0.4572);
#17925=CARTESIAN_POINT('',(-10.8966,-0.9398,-0.47041458310723));
#17926=AXIS2_PLACEMENT_3D('',#21687,#21688,#21689);
#17927=CARTESIAN_POINT('',(-10.8966,-0.9398,1.1684));
#17928=CARTESIAN_POINT('',(-10.8966,-0.9398,-0.47041458310723));
#17929=VECTOR('',#21690,1.63881458310723);
#17930=CARTESIAN_POINT('',(-10.4775,-0.9398,1.1684));
#17931=VECTOR('',#21691,0.4191);
#17932=CARTESIAN_POINT('',(-7.9375,-0.9398,1.1684));
#17933=CARTESIAN_POINT('',(-7.9375,-0.9398,-1.1684));
#17934=CARTESIAN_POINT('',(-7.9375,-0.9398,1.1684));
#17935=VECTOR('',#21692,2.3368);
#17936=CARTESIAN_POINT('',(-8.89,-0.9398,-1.1684));
#17937=CARTESIAN_POINT('',(-7.9375,-0.9398,-1.1684));
#17938=VECTOR('',#21693,0.9525);
#17939=CARTESIAN_POINT('',(-8.89,-0.9398,-0.7112));
#17940=CARTESIAN_POINT('',(-8.89,-0.9398,-1.1684));
#17941=VECTOR('',#21694,0.4572);
#17942=CARTESIAN_POINT('',(-8.3566,-0.9398,-0.47041458310723));
#17943=AXIS2_PLACEMENT_3D('',#21695,#21696,#21697);
#17944=CARTESIAN_POINT('',(-8.3566,-0.9398,1.1684));
#17945=CARTESIAN_POINT('',(-8.3566,-0.9398,-0.47041458310723));
#17946=VECTOR('',#21698,1.63881458310723);
#17947=CARTESIAN_POINT('',(-7.9375,-0.9398,1.1684));
#17948=VECTOR('',#21699,0.4191);
#17949=CARTESIAN_POINT('',(-5.3975,-0.9398,1.1684));
#17950=CARTESIAN_POINT('',(-5.3975,-0.9398,-1.1684));
#17951=CARTESIAN_POINT('',(-5.3975,-0.9398,1.1684));
#17952=VECTOR('',#21700,2.3368);
#17953=CARTESIAN_POINT('',(-6.35,-0.9398,-1.1684));
#17954=CARTESIAN_POINT('',(-5.3975,-0.9398,-1.1684));
#17955=VECTOR('',#21701,0.9525);
#17956=CARTESIAN_POINT('',(-6.35,-0.9398,-0.7112));
#17957=CARTESIAN_POINT('',(-6.35,-0.9398,-1.1684));
#17958=VECTOR('',#21702,0.4572);
#17959=CARTESIAN_POINT('',(-5.8166,-0.9398,-0.47041458310723));
#17960=AXIS2_PLACEMENT_3D('',#21703,#21704,#21705);
#17961=CARTESIAN_POINT('',(-5.8166,-0.9398,1.1684));
#17962=CARTESIAN_POINT('',(-5.8166,-0.9398,-0.47041458310723));
#17963=VECTOR('',#21706,1.63881458310723);
#17964=CARTESIAN_POINT('',(-5.3975,-0.9398,1.1684));
#17965=VECTOR('',#21707,0.4191);
#17966=CARTESIAN_POINT('',(-2.8575,-0.9398,1.1684));
#17967=CARTESIAN_POINT('',(-2.8575,-0.9398,-1.1684));
#17968=CARTESIAN_POINT('',(-2.8575,-0.9398,1.1684));
#17969=VECTOR('',#21708,2.3368);
#17970=CARTESIAN_POINT('',(-3.81,-0.9398,-1.1684));
#17971=CARTESIAN_POINT('',(-2.8575,-0.9398,-1.1684));
#17972=VECTOR('',#21709,0.9525);
#17973=CARTESIAN_POINT('',(-3.81,-0.9398,-0.7112));
#17974=CARTESIAN_POINT('',(-3.81,-0.9398,-1.1684));
#17975=VECTOR('',#21710,0.4572);
#17976=CARTESIAN_POINT('',(-3.2766,-0.9398,-0.47041458310723));
#17977=AXIS2_PLACEMENT_3D('',#21711,#21712,#21713);
#17978=CARTESIAN_POINT('',(-3.2766,-0.9398,1.1684));
#17979=CARTESIAN_POINT('',(-3.2766,-0.9398,-0.47041458310723));
#17980=VECTOR('',#21714,1.63881458310723);
#17981=CARTESIAN_POINT('',(-2.8575,-0.9398,1.1684));
#17982=VECTOR('',#21715,0.4191);
#17983=CARTESIAN_POINT('',(-0.3175,-0.9398,1.1684));
#17984=CARTESIAN_POINT('',(-0.3175,-0.9398,-1.1684));
#17985=CARTESIAN_POINT('',(-0.3175,-0.9398,1.1684));
#17986=VECTOR('',#21716,2.3368);
#17987=CARTESIAN_POINT('',(-1.27,-0.9398,-1.1684));
#17988=CARTESIAN_POINT('',(-0.3175,-0.9398,-1.1684));
#17989=VECTOR('',#21717,0.9525);
#17990=CARTESIAN_POINT('',(-1.27,-0.9398,-0.7112));
#17991=CARTESIAN_POINT('',(-1.27,-0.9398,-1.1684));
#17992=VECTOR('',#21718,0.4572);
#17993=CARTESIAN_POINT('',(-0.7366,-0.9398,-0.47041458310723));
#17994=AXIS2_PLACEMENT_3D('',#21719,#21720,#21721);
#17995=CARTESIAN_POINT('',(-0.7366,-0.9398,1.1684));
#17996=CARTESIAN_POINT('',(-0.7366,-0.9398,-0.47041458310723));
#17997=VECTOR('',#21722,1.63881458310723);
#17998=CARTESIAN_POINT('',(-0.3175,-0.9398,1.1684));
#17999=VECTOR('',#21723,0.4191);
#18000=CARTESIAN_POINT('',(2.2225,-0.9398,1.1684));
#18001=CARTESIAN_POINT('',(2.2225,-0.9398,-1.1684));
#18002=CARTESIAN_POINT('',(2.2225,-0.9398,1.1684));
#18003=VECTOR('',#21724,2.3368);
#18004=CARTESIAN_POINT('',(1.27,-0.9398,-1.1684));
#18005=CARTESIAN_POINT('',(2.2225,-0.9398,-1.1684));
#18006=VECTOR('',#21725,0.9525);
#18007=CARTESIAN_POINT('',(1.27,-0.9398,-0.7112));
#18008=CARTESIAN_POINT('',(1.27,-0.9398,-1.1684));
#18009=VECTOR('',#21726,0.4572);
#18010=CARTESIAN_POINT('',(1.8034,-0.9398,-0.47041458310723));
#18011=AXIS2_PLACEMENT_3D('',#21727,#21728,#21729);
#18012=CARTESIAN_POINT('',(1.8034,-0.9398,1.1684));
#18013=CARTESIAN_POINT('',(1.8034,-0.9398,-0.47041458310723));
#18014=VECTOR('',#21730,1.63881458310723);
#18015=CARTESIAN_POINT('',(2.2225,-0.9398,1.1684));
#18016=VECTOR('',#21731,0.4191);
#18017=CARTESIAN_POINT('',(4.7625,-0.9398,1.1684));
#18018=CARTESIAN_POINT('',(4.7625,-0.9398,-1.1684));
#18019=CARTESIAN_POINT('',(4.7625,-0.9398,1.1684));
#18020=VECTOR('',#21732,2.3368);
#18021=CARTESIAN_POINT('',(3.81,-0.9398,-1.1684));
#18022=CARTESIAN_POINT('',(4.7625,-0.9398,-1.1684));
#18023=VECTOR('',#21733,0.9525);
#18024=CARTESIAN_POINT('',(3.81,-0.9398,-0.7112));
#18025=CARTESIAN_POINT('',(3.81,-0.9398,-1.1684));
#18026=VECTOR('',#21734,0.4572);
#18027=CARTESIAN_POINT('',(4.3434,-0.9398,-0.47041458310723));
#18028=AXIS2_PLACEMENT_3D('',#21735,#21736,#21737);
#18029=CARTESIAN_POINT('',(4.3434,-0.9398,1.1684));
#18030=CARTESIAN_POINT('',(4.3434,-0.9398,-0.47041458310723));
#18031=VECTOR('',#21738,1.63881458310723);
#18032=CARTESIAN_POINT('',(4.7625,-0.9398,1.1684));
#18033=VECTOR('',#21739,0.4191);
#18034=CARTESIAN_POINT('',(7.3025,-0.9398,1.1684));
#18035=CARTESIAN_POINT('',(7.3025,-0.9398,-1.1684));
#18036=CARTESIAN_POINT('',(7.3025,-0.9398,1.1684));
#18037=VECTOR('',#21740,2.3368);
#18038=CARTESIAN_POINT('',(6.35,-0.9398,-1.1684));
#18039=CARTESIAN_POINT('',(7.3025,-0.9398,-1.1684));
#18040=VECTOR('',#21741,0.9525);
#18041=CARTESIAN_POINT('',(6.35,-0.9398,-0.7112));
#18042=CARTESIAN_POINT('',(6.35,-0.9398,-1.1684));
#18043=VECTOR('',#21742,0.4572);
#18044=CARTESIAN_POINT('',(6.8834,-0.9398,-0.47041458310723));
#18045=AXIS2_PLACEMENT_3D('',#21743,#21744,#21745);
#18046=CARTESIAN_POINT('',(6.8834,-0.9398,1.1684));
#18047=CARTESIAN_POINT('',(6.8834,-0.9398,-0.47041458310723));
#18048=VECTOR('',#21746,1.63881458310723);
#18049=CARTESIAN_POINT('',(7.3025,-0.9398,1.1684));
#18050=VECTOR('',#21747,0.4191);
#18051=CARTESIAN_POINT('',(9.8425,-0.9398,1.1684));
#18052=CARTESIAN_POINT('',(9.8425,-0.9398,-1.1684));
#18053=CARTESIAN_POINT('',(9.8425,-0.9398,1.1684));
#18054=VECTOR('',#21748,2.3368);
#18055=CARTESIAN_POINT('',(8.89,-0.9398,-1.1684));
#18056=CARTESIAN_POINT('',(9.8425,-0.9398,-1.1684));
#18057=VECTOR('',#21749,0.9525);
#18058=CARTESIAN_POINT('',(8.89,-0.9398,-0.7112));
#18059=CARTESIAN_POINT('',(8.89,-0.9398,-1.1684));
#18060=VECTOR('',#21750,0.4572);
#18061=CARTESIAN_POINT('',(9.4234,-0.9398,-0.47041458310723));
#18062=AXIS2_PLACEMENT_3D('',#21751,#21752,#21753);
#18063=CARTESIAN_POINT('',(9.4234,-0.9398,1.1684));
#18064=CARTESIAN_POINT('',(9.4234,-0.9398,-0.47041458310723));
#18065=VECTOR('',#21754,1.63881458310723);
#18066=CARTESIAN_POINT('',(9.8425,-0.9398,1.1684));
#18067=VECTOR('',#21755,0.4191);
#18068=CARTESIAN_POINT('',(12.3825,-0.9398,1.1684));
#18069=CARTESIAN_POINT('',(12.3825,-0.9398,-1.1684));
#18070=CARTESIAN_POINT('',(12.3825,-0.9398,1.1684));
#18071=VECTOR('',#21756,2.3368);
#18072=CARTESIAN_POINT('',(11.43,-0.9398,-1.1684));
#18073=CARTESIAN_POINT('',(12.3825,-0.9398,-1.1684));
#18074=VECTOR('',#21757,0.9525);
#18075=CARTESIAN_POINT('',(11.43,-0.9398,-0.7112));
#18076=CARTESIAN_POINT('',(11.43,-0.9398,-1.1684));
#18077=VECTOR('',#21758,0.4572);
#18078=CARTESIAN_POINT('',(11.9634,-0.9398,-0.47041458310723));
#18079=AXIS2_PLACEMENT_3D('',#21759,#21760,#21761);
#18080=CARTESIAN_POINT('',(11.9634,-0.9398,1.1684));
#18081=CARTESIAN_POINT('',(11.9634,-0.9398,-0.47041458310723));
#18082=VECTOR('',#21762,1.63881458310723);
#18083=CARTESIAN_POINT('',(12.3825,-0.9398,1.1684));
#18084=VECTOR('',#21763,0.4191);
#18085=CARTESIAN_POINT('',(14.9225,-0.9398,1.1684));
#18086=CARTESIAN_POINT('',(14.9225,-0.9398,-1.1684));
#18087=CARTESIAN_POINT('',(14.9225,-0.9398,1.1684));
#18088=VECTOR('',#21764,2.3368);
#18089=CARTESIAN_POINT('',(13.97,-0.9398,-1.1684));
#18090=CARTESIAN_POINT('',(14.9225,-0.9398,-1.1684));
#18091=VECTOR('',#21765,0.9525);
#18092=CARTESIAN_POINT('',(13.97,-0.9398,-0.7112));
#18093=CARTESIAN_POINT('',(13.97,-0.9398,-1.1684));
#18094=VECTOR('',#21766,0.4572);
#18095=CARTESIAN_POINT('',(14.5034,-0.9398,-0.47041458310723));
#18096=AXIS2_PLACEMENT_3D('',#21767,#21768,#21769);
#18097=CARTESIAN_POINT('',(14.5034,-0.9398,1.1684));
#18098=CARTESIAN_POINT('',(14.5034,-0.9398,-0.47041458310723));
#18099=VECTOR('',#21770,1.63881458310723);
#18100=CARTESIAN_POINT('',(14.9225,-0.9398,1.1684));
#18101=VECTOR('',#21771,0.4191);
#18102=CARTESIAN_POINT('',(15.5575,-0.9398,1.1684));
#18103=CARTESIAN_POINT('',(15.5575,-0.9398,-1.1684));
#18104=CARTESIAN_POINT('',(15.5575,-0.9398,1.1684));
#18105=VECTOR('',#21772,2.3368);
#18106=CARTESIAN_POINT('',(16.51,-0.9398,1.1684));
#18107=CARTESIAN_POINT('',(16.51,-0.9398,1.1684));
#18108=VECTOR('',#21773,0.9525);
#18109=CARTESIAN_POINT('',(16.51,-0.9398,0.7112));
#18110=CARTESIAN_POINT('',(16.51,-0.9398,1.1684));
#18111=VECTOR('',#21774,0.4572);
#18112=CARTESIAN_POINT('',(15.9766,-0.9398,0.47041458310723));
#18113=AXIS2_PLACEMENT_3D('',#21775,#21776,#21777);
#18114=CARTESIAN_POINT('',(15.9766,-0.9398,-1.1684));
#18115=CARTESIAN_POINT('',(15.9766,-0.9398,0.47041458310723));
#18116=VECTOR('',#21778,1.63881458310723);
#18117=CARTESIAN_POINT('',(15.9766,-0.9398,-1.1684));
#18118=VECTOR('',#21779,0.4191);
#18119=CARTESIAN_POINT('',(13.0175,-0.9398,1.1684));
#18120=CARTESIAN_POINT('',(13.0175,-0.9398,-1.1684));
#18121=CARTESIAN_POINT('',(13.0175,-0.9398,1.1684));
#18122=VECTOR('',#21780,2.3368);
#18123=CARTESIAN_POINT('',(13.97,-0.9398,1.1684));
#18124=CARTESIAN_POINT('',(13.97,-0.9398,1.1684));
#18125=VECTOR('',#21781,0.9525);
#18126=CARTESIAN_POINT('',(13.97,-0.9398,0.7112));
#18127=CARTESIAN_POINT('',(13.97,-0.9398,1.1684));
#18128=VECTOR('',#21782,0.4572);
#18129=CARTESIAN_POINT('',(13.4366,-0.9398,0.47041458310723));
#18130=AXIS2_PLACEMENT_3D('',#21783,#21784,#21785);
#18131=CARTESIAN_POINT('',(13.4366,-0.9398,-1.1684));
#18132=CARTESIAN_POINT('',(13.4366,-0.9398,0.47041458310723));
#18133=VECTOR('',#21786,1.63881458310723);
#18134=CARTESIAN_POINT('',(13.4366,-0.9398,-1.1684));
#18135=VECTOR('',#21787,0.4191);
#18136=CARTESIAN_POINT('',(10.4775,-0.9398,1.1684));
#18137=CARTESIAN_POINT('',(10.4775,-0.9398,-1.1684));
#18138=CARTESIAN_POINT('',(10.4775,-0.9398,1.1684));
#18139=VECTOR('',#21788,2.3368);
#18140=CARTESIAN_POINT('',(11.43,-0.9398,1.1684));
#18141=CARTESIAN_POINT('',(11.43,-0.9398,1.1684));
#18142=VECTOR('',#21789,0.9525);
#18143=CARTESIAN_POINT('',(11.43,-0.9398,0.7112));
#18144=CARTESIAN_POINT('',(11.43,-0.9398,1.1684));
#18145=VECTOR('',#21790,0.4572);
#18146=CARTESIAN_POINT('',(10.8966,-0.9398,0.47041458310723));
#18147=AXIS2_PLACEMENT_3D('',#21791,#21792,#21793);
#18148=CARTESIAN_POINT('',(10.8966,-0.9398,-1.1684));
#18149=CARTESIAN_POINT('',(10.8966,-0.9398,0.47041458310723));
#18150=VECTOR('',#21794,1.63881458310723);
#18151=CARTESIAN_POINT('',(10.8966,-0.9398,-1.1684));
#18152=VECTOR('',#21795,0.4191);
#18153=CARTESIAN_POINT('',(7.9375,-0.9398,1.1684));
#18154=CARTESIAN_POINT('',(7.9375,-0.9398,-1.1684));
#18155=CARTESIAN_POINT('',(7.9375,-0.9398,1.1684));
#18156=VECTOR('',#21796,2.3368);
#18157=CARTESIAN_POINT('',(8.89,-0.9398,1.1684));
#18158=CARTESIAN_POINT('',(8.89,-0.9398,1.1684));
#18159=VECTOR('',#21797,0.9525);
#18160=CARTESIAN_POINT('',(8.89,-0.9398,0.7112));
#18161=CARTESIAN_POINT('',(8.89,-0.9398,1.1684));
#18162=VECTOR('',#21798,0.4572);
#18163=CARTESIAN_POINT('',(8.3566,-0.9398,0.47041458310723));
#18164=AXIS2_PLACEMENT_3D('',#21799,#21800,#21801);
#18165=CARTESIAN_POINT('',(8.3566,-0.9398,-1.1684));
#18166=CARTESIAN_POINT('',(8.3566,-0.9398,0.47041458310723));
#18167=VECTOR('',#21802,1.63881458310723);
#18168=CARTESIAN_POINT('',(8.3566,-0.9398,-1.1684));
#18169=VECTOR('',#21803,0.4191);
#18170=CARTESIAN_POINT('',(5.3975,-0.9398,1.1684));
#18171=CARTESIAN_POINT('',(5.3975,-0.9398,-1.1684));
#18172=CARTESIAN_POINT('',(5.3975,-0.9398,1.1684));
#18173=VECTOR('',#21804,2.3368);
#18174=CARTESIAN_POINT('',(6.35,-0.9398,1.1684));
#18175=CARTESIAN_POINT('',(6.35,-0.9398,1.1684));
#18176=VECTOR('',#21805,0.9525);
#18177=CARTESIAN_POINT('',(6.35,-0.9398,0.7112));
#18178=CARTESIAN_POINT('',(6.35,-0.9398,1.1684));
#18179=VECTOR('',#21806,0.4572);
#18180=CARTESIAN_POINT('',(5.8166,-0.9398,0.47041458310723));
#18181=AXIS2_PLACEMENT_3D('',#21807,#21808,#21809);
#18182=CARTESIAN_POINT('',(5.8166,-0.9398,-1.1684));
#18183=CARTESIAN_POINT('',(5.8166,-0.9398,0.47041458310723));
#18184=VECTOR('',#21810,1.63881458310723);
#18185=CARTESIAN_POINT('',(5.8166,-0.9398,-1.1684));
#18186=VECTOR('',#21811,0.4191);
#18187=CARTESIAN_POINT('',(2.8575,-0.9398,1.1684));
#18188=CARTESIAN_POINT('',(2.8575,-0.9398,-1.1684));
#18189=CARTESIAN_POINT('',(2.8575,-0.9398,1.1684));
#18190=VECTOR('',#21812,2.3368);
#18191=CARTESIAN_POINT('',(3.81,-0.9398,1.1684));
#18192=CARTESIAN_POINT('',(3.81,-0.9398,1.1684));
#18193=VECTOR('',#21813,0.9525);
#18194=CARTESIAN_POINT('',(3.81,-0.9398,0.7112));
#18195=CARTESIAN_POINT('',(3.81,-0.9398,1.1684));
#18196=VECTOR('',#21814,0.4572);
#18197=CARTESIAN_POINT('',(3.2766,-0.9398,0.47041458310723));
#18198=AXIS2_PLACEMENT_3D('',#21815,#21816,#21817);
#18199=CARTESIAN_POINT('',(3.2766,-0.9398,-1.1684));
#18200=CARTESIAN_POINT('',(3.2766,-0.9398,0.47041458310723));
#18201=VECTOR('',#21818,1.63881458310723);
#18202=CARTESIAN_POINT('',(3.2766,-0.9398,-1.1684));
#18203=VECTOR('',#21819,0.4191);
#18204=CARTESIAN_POINT('',(0.3175,-0.9398,1.1684));
#18205=CARTESIAN_POINT('',(0.3175,-0.9398,-1.1684));
#18206=CARTESIAN_POINT('',(0.3175,-0.9398,1.1684));
#18207=VECTOR('',#21820,2.3368);
#18208=CARTESIAN_POINT('',(1.27,-0.9398,1.1684));
#18209=CARTESIAN_POINT('',(1.27,-0.9398,1.1684));
#18210=VECTOR('',#21821,0.9525);
#18211=CARTESIAN_POINT('',(1.27,-0.9398,0.7112));
#18212=CARTESIAN_POINT('',(1.27,-0.9398,1.1684));
#18213=VECTOR('',#21822,0.4572);
#18214=CARTESIAN_POINT('',(0.7366,-0.9398,0.47041458310723));
#18215=AXIS2_PLACEMENT_3D('',#21823,#21824,#21825);
#18216=CARTESIAN_POINT('',(0.7366,-0.9398,-1.1684));
#18217=CARTESIAN_POINT('',(0.7366,-0.9398,0.47041458310723));
#18218=VECTOR('',#21826,1.63881458310723);
#18219=CARTESIAN_POINT('',(0.7366,-0.9398,-1.1684));
#18220=VECTOR('',#21827,0.4191);
#18221=CARTESIAN_POINT('',(-2.2225,-0.9398,1.1684));
#18222=CARTESIAN_POINT('',(-2.2225,-0.9398,-1.1684));
#18223=CARTESIAN_POINT('',(-2.2225,-0.9398,1.1684));
#18224=VECTOR('',#21828,2.3368);
#18225=CARTESIAN_POINT('',(-1.27,-0.9398,1.1684));
#18226=CARTESIAN_POINT('',(-1.27,-0.9398,1.1684));
#18227=VECTOR('',#21829,0.9525);
#18228=CARTESIAN_POINT('',(-1.27,-0.9398,0.7112));
#18229=CARTESIAN_POINT('',(-1.27,-0.9398,1.1684));
#18230=VECTOR('',#21830,0.4572);
#18231=CARTESIAN_POINT('',(-1.8034,-0.9398,0.47041458310723));
#18232=AXIS2_PLACEMENT_3D('',#21831,#21832,#21833);
#18233=CARTESIAN_POINT('',(-1.8034,-0.9398,-1.1684));
#18234=CARTESIAN_POINT('',(-1.8034,-0.9398,0.47041458310723));
#18235=VECTOR('',#21834,1.63881458310723);
#18236=CARTESIAN_POINT('',(-1.8034,-0.9398,-1.1684));
#18237=VECTOR('',#21835,0.4191);
#18238=CARTESIAN_POINT('',(-4.7625,-0.9398,1.1684));
#18239=CARTESIAN_POINT('',(-4.7625,-0.9398,-1.1684));
#18240=CARTESIAN_POINT('',(-4.7625,-0.9398,1.1684));
#18241=VECTOR('',#21836,2.3368);
#18242=CARTESIAN_POINT('',(-3.81,-0.9398,1.1684));
#18243=CARTESIAN_POINT('',(-3.81,-0.9398,1.1684));
#18244=VECTOR('',#21837,0.9525);
#18245=CARTESIAN_POINT('',(-3.81,-0.9398,0.7112));
#18246=CARTESIAN_POINT('',(-3.81,-0.9398,1.1684));
#18247=VECTOR('',#21838,0.4572);
#18248=CARTESIAN_POINT('',(-4.3434,-0.9398,0.47041458310723));
#18249=AXIS2_PLACEMENT_3D('',#21839,#21840,#21841);
#18250=CARTESIAN_POINT('',(-4.3434,-0.9398,-1.1684));
#18251=CARTESIAN_POINT('',(-4.3434,-0.9398,0.47041458310723));
#18252=VECTOR('',#21842,1.63881458310723);
#18253=CARTESIAN_POINT('',(-4.3434,-0.9398,-1.1684));
#18254=VECTOR('',#21843,0.4191);
#18255=CARTESIAN_POINT('',(-7.3025,-0.9398,1.1684));
#18256=CARTESIAN_POINT('',(-7.3025,-0.9398,-1.1684));
#18257=CARTESIAN_POINT('',(-7.3025,-0.9398,1.1684));
#18258=VECTOR('',#21844,2.3368);
#18259=CARTESIAN_POINT('',(-6.35,-0.9398,1.1684));
#18260=CARTESIAN_POINT('',(-6.35,-0.9398,1.1684));
#18261=VECTOR('',#21845,0.9525);
#18262=CARTESIAN_POINT('',(-6.35,-0.9398,0.7112));
#18263=CARTESIAN_POINT('',(-6.35,-0.9398,1.1684));
#18264=VECTOR('',#21846,0.4572);
#18265=CARTESIAN_POINT('',(-6.8834,-0.9398,0.47041458310723));
#18266=AXIS2_PLACEMENT_3D('',#21847,#21848,#21849);
#18267=CARTESIAN_POINT('',(-6.8834,-0.9398,-1.1684));
#18268=CARTESIAN_POINT('',(-6.8834,-0.9398,0.47041458310723));
#18269=VECTOR('',#21850,1.63881458310723);
#18270=CARTESIAN_POINT('',(-6.8834,-0.9398,-1.1684));
#18271=VECTOR('',#21851,0.4191);
#18272=CARTESIAN_POINT('',(-9.8425,-0.9398,1.1684));
#18273=CARTESIAN_POINT('',(-9.8425,-0.9398,-1.1684));
#18274=CARTESIAN_POINT('',(-9.8425,-0.9398,1.1684));
#18275=VECTOR('',#21852,2.3368);
#18276=CARTESIAN_POINT('',(-8.89,-0.9398,1.1684));
#18277=CARTESIAN_POINT('',(-8.89,-0.9398,1.1684));
#18278=VECTOR('',#21853,0.9525);
#18279=CARTESIAN_POINT('',(-8.89,-0.9398,0.7112));
#18280=CARTESIAN_POINT('',(-8.89,-0.9398,1.1684));
#18281=VECTOR('',#21854,0.4572);
#18282=CARTESIAN_POINT('',(-9.4234,-0.9398,0.47041458310723));
#18283=AXIS2_PLACEMENT_3D('',#21855,#21856,#21857);
#18284=CARTESIAN_POINT('',(-9.4234,-0.9398,-1.1684));
#18285=CARTESIAN_POINT('',(-9.4234,-0.9398,0.47041458310723));
#18286=VECTOR('',#21858,1.63881458310723);
#18287=CARTESIAN_POINT('',(-9.4234,-0.9398,-1.1684));
#18288=VECTOR('',#21859,0.4191);
#18289=CARTESIAN_POINT('',(-12.3825,-0.9398,1.1684));
#18290=CARTESIAN_POINT('',(-12.3825,-0.9398,-1.1684));
#18291=CARTESIAN_POINT('',(-12.3825,-0.9398,1.1684));
#18292=VECTOR('',#21860,2.3368);
#18293=CARTESIAN_POINT('',(-11.43,-0.9398,1.1684));
#18294=CARTESIAN_POINT('',(-11.43,-0.9398,1.1684));
#18295=VECTOR('',#21861,0.9525);
#18296=CARTESIAN_POINT('',(-11.43,-0.9398,0.7112));
#18297=CARTESIAN_POINT('',(-11.43,-0.9398,1.1684));
#18298=VECTOR('',#21862,0.4572);
#18299=CARTESIAN_POINT('',(-11.9634,-0.9398,0.47041458310723));
#18300=AXIS2_PLACEMENT_3D('',#21863,#21864,#21865);
#18301=CARTESIAN_POINT('',(-11.9634,-0.9398,-1.1684));
#18302=CARTESIAN_POINT('',(-11.9634,-0.9398,0.47041458310723));
#18303=VECTOR('',#21866,1.63881458310723);
#18304=CARTESIAN_POINT('',(-11.9634,-0.9398,-1.1684));
#18305=VECTOR('',#21867,0.4191);
#18306=CARTESIAN_POINT('',(-14.9225,-0.9398,1.1684));
#18307=CARTESIAN_POINT('',(-14.9225,-0.9398,-1.1684));
#18308=CARTESIAN_POINT('',(-14.9225,-0.9398,1.1684));
#18309=VECTOR('',#21868,2.3368);
#18310=CARTESIAN_POINT('',(-13.97,-0.9398,1.1684));
#18311=CARTESIAN_POINT('',(-13.97,-0.9398,1.1684));
#18312=VECTOR('',#21869,0.9525);
#18313=CARTESIAN_POINT('',(-13.97,-0.9398,0.7112));
#18314=CARTESIAN_POINT('',(-13.97,-0.9398,1.1684));
#18315=VECTOR('',#21870,0.4572);
#18316=CARTESIAN_POINT('',(-14.5034,-0.9398,0.47041458310723));
#18317=AXIS2_PLACEMENT_3D('',#21871,#21872,#21873);
#18318=CARTESIAN_POINT('',(-14.5034,-0.9398,-1.1684));
#18319=CARTESIAN_POINT('',(-14.5034,-0.9398,0.47041458310723));
#18320=VECTOR('',#21874,1.63881458310723);
#18321=CARTESIAN_POINT('',(-14.5034,-0.9398,-1.1684));
#18322=VECTOR('',#21875,0.4191);
#18323=CARTESIAN_POINT('',(-15.5575,-0.9398,1.1684));
#18324=CARTESIAN_POINT('',(-15.5575,-0.9398,-1.1684));
#18325=CARTESIAN_POINT('',(-15.5575,-0.9398,1.1684));
#18326=VECTOR('',#21876,2.3368);
#18327=CARTESIAN_POINT('',(-16.51,-0.9398,-1.1684));
#18328=CARTESIAN_POINT('',(-15.5575,-0.9398,-1.1684));
#18329=VECTOR('',#21877,0.9525);
#18330=CARTESIAN_POINT('',(-16.51,-0.9398,-0.7112));
#18331=CARTESIAN_POINT('',(-16.51,-0.9398,-1.1684));
#18332=VECTOR('',#21878,0.4572);
#18333=CARTESIAN_POINT('',(-15.9766,-0.9398,-0.47041458310723));
#18334=AXIS2_PLACEMENT_3D('',#21879,#21880,#21881);
#18335=CARTESIAN_POINT('',(-15.9766,-0.9398,1.1684));
#18336=CARTESIAN_POINT('',(-15.9766,-0.9398,-0.47041458310723));
#18337=VECTOR('',#21882,1.63881458310723);
#18338=CARTESIAN_POINT('',(-15.5575,-0.9398,1.1684));
#18339=VECTOR('',#21883,0.4191);
#18340=CARTESIAN_POINT('',(16.1798,-0.9398,0.3302));
#18341=CARTESIAN_POINT('',(16.8402,-0.9398,0.3302));
#18342=CARTESIAN_POINT('',(16.1798,-0.9398,0.3302));
#18343=VECTOR('',#21884,0.6604);
#18344=CARTESIAN_POINT('',(16.8402,-0.9398,-0.3302));
#18345=CARTESIAN_POINT('',(16.8402,-0.9398,0.3302));
#18346=VECTOR('',#21885,0.6604);
#18347=CARTESIAN_POINT('',(16.1798,-0.9398,-0.3302));
#18348=CARTESIAN_POINT('',(16.1798,-0.9398,-0.3302));
#18349=VECTOR('',#21886,0.6604);
#18350=CARTESIAN_POINT('',(16.1798,-0.9398,0.3302));
#18351=VECTOR('',#21887,0.6604);
#18352=CARTESIAN_POINT('',(13.6398,-0.9398,0.3302));
#18353=CARTESIAN_POINT('',(14.3002,-0.9398,0.3302));
#18354=CARTESIAN_POINT('',(13.6398,-0.9398,0.3302));
#18355=VECTOR('',#21888,0.6604);
#18356=CARTESIAN_POINT('',(14.3002,-0.9398,-0.3302));
#18357=CARTESIAN_POINT('',(14.3002,-0.9398,0.3302));
#18358=VECTOR('',#21889,0.6604);
#18359=CARTESIAN_POINT('',(13.6398,-0.9398,-0.3302));
#18360=CARTESIAN_POINT('',(13.6398,-0.9398,-0.3302));
#18361=VECTOR('',#21890,0.6604);
#18362=CARTESIAN_POINT('',(13.6398,-0.9398,0.3302));
#18363=VECTOR('',#21891,0.6604);
#18364=CARTESIAN_POINT('',(11.0998,-0.9398,0.3302));
#18365=CARTESIAN_POINT('',(11.7602,-0.9398,0.3302));
#18366=CARTESIAN_POINT('',(11.0998,-0.9398,0.3302));
#18367=VECTOR('',#21892,0.6604);
#18368=CARTESIAN_POINT('',(11.7602,-0.9398,-0.3302));
#18369=CARTESIAN_POINT('',(11.7602,-0.9398,0.3302));
#18370=VECTOR('',#21893,0.6604);
#18371=CARTESIAN_POINT('',(11.0998,-0.9398,-0.3302));
#18372=CARTESIAN_POINT('',(11.0998,-0.9398,-0.3302));
#18373=VECTOR('',#21894,0.6604);
#18374=CARTESIAN_POINT('',(11.0998,-0.9398,0.3302));
#18375=VECTOR('',#21895,0.6604);
#18376=CARTESIAN_POINT('',(8.5598,-0.9398,0.3302));
#18377=CARTESIAN_POINT('',(9.2202,-0.9398,0.3302));
#18378=CARTESIAN_POINT('',(8.5598,-0.9398,0.3302));
#18379=VECTOR('',#21896,0.6604);
#18380=CARTESIAN_POINT('',(9.2202,-0.9398,-0.3302));
#18381=CARTESIAN_POINT('',(9.2202,-0.9398,0.3302));
#18382=VECTOR('',#21897,0.6604);
#18383=CARTESIAN_POINT('',(8.5598,-0.9398,-0.3302));
#18384=CARTESIAN_POINT('',(8.5598,-0.9398,-0.3302));
#18385=VECTOR('',#21898,0.6604);
#18386=CARTESIAN_POINT('',(8.5598,-0.9398,0.3302));
#18387=VECTOR('',#21899,0.6604);
#18388=CARTESIAN_POINT('',(6.0198,-0.9398,0.3302));
#18389=CARTESIAN_POINT('',(6.6802,-0.9398,0.3302));
#18390=CARTESIAN_POINT('',(6.0198,-0.9398,0.3302));
#18391=VECTOR('',#21900,0.6604);
#18392=CARTESIAN_POINT('',(6.6802,-0.9398,-0.3302));
#18393=CARTESIAN_POINT('',(6.6802,-0.9398,0.3302));
#18394=VECTOR('',#21901,0.6604);
#18395=CARTESIAN_POINT('',(6.0198,-0.9398,-0.3302));
#18396=CARTESIAN_POINT('',(6.0198,-0.9398,-0.3302));
#18397=VECTOR('',#21902,0.6604);
#18398=CARTESIAN_POINT('',(6.0198,-0.9398,0.3302));
#18399=VECTOR('',#21903,0.6604);
#18400=CARTESIAN_POINT('',(3.4798,-0.9398,0.3302));
#18401=CARTESIAN_POINT('',(4.1402,-0.9398,0.3302));
#18402=CARTESIAN_POINT('',(3.4798,-0.9398,0.3302));
#18403=VECTOR('',#21904,0.6604);
#18404=CARTESIAN_POINT('',(4.1402,-0.9398,-0.3302));
#18405=CARTESIAN_POINT('',(4.1402,-0.9398,0.3302));
#18406=VECTOR('',#21905,0.6604);
#18407=CARTESIAN_POINT('',(3.4798,-0.9398,-0.3302));
#18408=CARTESIAN_POINT('',(3.4798,-0.9398,-0.3302));
#18409=VECTOR('',#21906,0.6604);
#18410=CARTESIAN_POINT('',(3.4798,-0.9398,0.3302));
#18411=VECTOR('',#21907,0.6604);
#18412=CARTESIAN_POINT('',(0.9398,-0.9398,0.3302));
#18413=CARTESIAN_POINT('',(1.6002,-0.9398,0.3302));
#18414=CARTESIAN_POINT('',(0.9398,-0.9398,0.3302));
#18415=VECTOR('',#21908,0.6604);
#18416=CARTESIAN_POINT('',(1.6002,-0.9398,-0.3302));
#18417=CARTESIAN_POINT('',(1.6002,-0.9398,0.3302));
#18418=VECTOR('',#21909,0.6604);
#18419=CARTESIAN_POINT('',(0.9398,-0.9398,-0.3302));
#18420=CARTESIAN_POINT('',(0.9398,-0.9398,-0.3302));
#18421=VECTOR('',#21910,0.6604);
#18422=CARTESIAN_POINT('',(0.9398,-0.9398,0.3302));
#18423=VECTOR('',#21911,0.6604);
#18424=CARTESIAN_POINT('',(-1.6002,-0.9398,0.3302));
#18425=CARTESIAN_POINT('',(-0.9398,-0.9398,0.3302));
#18426=CARTESIAN_POINT('',(-1.6002,-0.9398,0.3302));
#18427=VECTOR('',#21912,0.6604);
#18428=CARTESIAN_POINT('',(-0.9398,-0.9398,-0.3302));
#18429=CARTESIAN_POINT('',(-0.9398,-0.9398,0.3302));
#18430=VECTOR('',#21913,0.6604);
#18431=CARTESIAN_POINT('',(-1.6002,-0.9398,-0.3302));
#18432=CARTESIAN_POINT('',(-1.6002,-0.9398,-0.3302));
#18433=VECTOR('',#21914,0.6604);
#18434=CARTESIAN_POINT('',(-1.6002,-0.9398,0.3302));
#18435=VECTOR('',#21915,0.6604);
#18436=CARTESIAN_POINT('',(-4.1402,-0.9398,0.3302));
#18437=CARTESIAN_POINT('',(-3.4798,-0.9398,0.3302));
#18438=CARTESIAN_POINT('',(-4.1402,-0.9398,0.3302));
#18439=VECTOR('',#21916,0.6604);
#18440=CARTESIAN_POINT('',(-3.4798,-0.9398,-0.3302));
#18441=CARTESIAN_POINT('',(-3.4798,-0.9398,0.3302));
#18442=VECTOR('',#21917,0.6604);
#18443=CARTESIAN_POINT('',(-4.1402,-0.9398,-0.3302));
#18444=CARTESIAN_POINT('',(-4.1402,-0.9398,-0.3302));
#18445=VECTOR('',#21918,0.6604);
#18446=CARTESIAN_POINT('',(-4.1402,-0.9398,0.3302));
#18447=VECTOR('',#21919,0.6604);
#18448=CARTESIAN_POINT('',(-6.6802,-0.9398,0.3302));
#18449=CARTESIAN_POINT('',(-6.0198,-0.9398,0.3302));
#18450=CARTESIAN_POINT('',(-6.6802,-0.9398,0.3302));
#18451=VECTOR('',#21920,0.6604);
#18452=CARTESIAN_POINT('',(-6.0198,-0.9398,-0.3302));
#18453=CARTESIAN_POINT('',(-6.0198,-0.9398,0.3302));
#18454=VECTOR('',#21921,0.6604);
#18455=CARTESIAN_POINT('',(-6.6802,-0.9398,-0.3302));
#18456=CARTESIAN_POINT('',(-6.6802,-0.9398,-0.3302));
#18457=VECTOR('',#21922,0.6604);
#18458=CARTESIAN_POINT('',(-6.6802,-0.9398,0.3302));
#18459=VECTOR('',#21923,0.6604);
#18460=CARTESIAN_POINT('',(-9.2202,-0.9398,0.3302));
#18461=CARTESIAN_POINT('',(-8.5598,-0.9398,0.3302));
#18462=CARTESIAN_POINT('',(-9.2202,-0.9398,0.3302));
#18463=VECTOR('',#21924,0.6604);
#18464=CARTESIAN_POINT('',(-8.5598,-0.9398,-0.3302));
#18465=CARTESIAN_POINT('',(-8.5598,-0.9398,0.3302));
#18466=VECTOR('',#21925,0.6604);
#18467=CARTESIAN_POINT('',(-9.2202,-0.9398,-0.3302));
#18468=CARTESIAN_POINT('',(-9.2202,-0.9398,-0.3302));
#18469=VECTOR('',#21926,0.6604);
#18470=CARTESIAN_POINT('',(-9.2202,-0.9398,0.3302));
#18471=VECTOR('',#21927,0.6604);
#18472=CARTESIAN_POINT('',(-11.7602,-0.9398,0.3302));
#18473=CARTESIAN_POINT('',(-11.0998,-0.9398,0.3302));
#18474=CARTESIAN_POINT('',(-11.7602,-0.9398,0.3302));
#18475=VECTOR('',#21928,0.6604);
#18476=CARTESIAN_POINT('',(-11.0998,-0.9398,-0.3302));
#18477=CARTESIAN_POINT('',(-11.0998,-0.9398,0.3302));
#18478=VECTOR('',#21929,0.6604);
#18479=CARTESIAN_POINT('',(-11.7602,-0.9398,-0.3302));
#18480=CARTESIAN_POINT('',(-11.7602,-0.9398,-0.3302));
#18481=VECTOR('',#21930,0.6604);
#18482=CARTESIAN_POINT('',(-11.7602,-0.9398,0.3302));
#18483=VECTOR('',#21931,0.6604);
#18484=CARTESIAN_POINT('',(-14.3002,-0.9398,0.3302));
#18485=CARTESIAN_POINT('',(-13.6398,-0.9398,0.3302));
#18486=CARTESIAN_POINT('',(-14.3002,-0.9398,0.3302));
#18487=VECTOR('',#21932,0.6604);
#18488=CARTESIAN_POINT('',(-13.6398,-0.9398,-0.3302));
#18489=CARTESIAN_POINT('',(-13.6398,-0.9398,0.3302));
#18490=VECTOR('',#21933,0.6604);
#18491=CARTESIAN_POINT('',(-14.3002,-0.9398,-0.3302));
#18492=CARTESIAN_POINT('',(-14.3002,-0.9398,-0.3302));
#18493=VECTOR('',#21934,0.6604);
#18494=CARTESIAN_POINT('',(-14.3002,-0.9398,0.3302));
#18495=VECTOR('',#21935,0.6604);
#18496=CARTESIAN_POINT('',(-16.8402,-0.9398,0.3302));
#18497=CARTESIAN_POINT('',(-16.1798,-0.9398,0.3302));
#18498=CARTESIAN_POINT('',(-16.8402,-0.9398,0.3302));
#18499=VECTOR('',#21936,0.6604);
#18500=CARTESIAN_POINT('',(-16.1798,-0.9398,-0.3302));
#18501=CARTESIAN_POINT('',(-16.1798,-0.9398,0.3302));
#18502=VECTOR('',#21937,0.6604);
#18503=CARTESIAN_POINT('',(-16.8402,-0.9398,-0.3302));
#18504=CARTESIAN_POINT('',(-16.8402,-0.9398,-0.3302));
#18505=VECTOR('',#21938,0.6604);
#18506=CARTESIAN_POINT('',(-16.8402,-0.9398,0.3302));
#18507=VECTOR('',#21939,0.6604);
#18508=CARTESIAN_POINT('',(17.0434,-1.143,1.1684));
#18509=CARTESIAN_POINT('',(17.0434,-1.143,1.1684));
#18510=VECTOR('',#21940,0.2032);
#18511=CARTESIAN_POINT('',(17.4625,-1.143,1.1684));
#18512=VECTOR('',#21941,0.4191);
#18513=CARTESIAN_POINT('',(15.5575,-1.143,1.1684));
#18514=CARTESIAN_POINT('',(15.5575,-1.143,1.1684));
#18515=VECTOR('',#21942,0.2032);
#18516=CARTESIAN_POINT('',(16.51,-1.143,1.1684));
#18517=CARTESIAN_POINT('',(16.51,-1.143,1.1684));
#18518=VECTOR('',#21943,0.9525);
#18519=CARTESIAN_POINT('',(16.51,-1.143,1.1684));
#18520=VECTOR('',#21944,0.2032);
#18521=CARTESIAN_POINT('',(13.0175,-1.143,1.1684));
#18522=CARTESIAN_POINT('',(13.0175,-1.143,1.1684));
#18523=VECTOR('',#21945,0.2032);
#18524=CARTESIAN_POINT('',(13.97,-1.143,1.1684));
#18525=CARTESIAN_POINT('',(13.97,-1.143,1.1684));
#18526=VECTOR('',#21946,0.9525);
#18527=CARTESIAN_POINT('',(13.97,-1.143,1.1684));
#18528=VECTOR('',#21947,0.2032);
#18529=CARTESIAN_POINT('',(14.9225,-1.143,1.1684));
#18530=CARTESIAN_POINT('',(14.5034,-1.143,1.1684));
#18531=CARTESIAN_POINT('',(14.9225,-1.143,1.1684));
#18532=VECTOR('',#21948,0.4191);
#18533=CARTESIAN_POINT('',(14.9225,-1.143,1.1684));
#18534=VECTOR('',#21949,0.2032);
#18535=CARTESIAN_POINT('',(14.5034,-1.143,1.1684));
#18536=VECTOR('',#21950,0.2032);
#18537=CARTESIAN_POINT('',(10.4775,-1.143,1.1684));
#18538=CARTESIAN_POINT('',(10.4775,-1.143,1.1684));
#18539=VECTOR('',#21951,0.2032);
#18540=CARTESIAN_POINT('',(11.43,-1.143,1.1684));
#18541=CARTESIAN_POINT('',(11.43,-1.143,1.1684));
#18542=VECTOR('',#21952,0.9525);
#18543=CARTESIAN_POINT('',(11.43,-1.143,1.1684));
#18544=VECTOR('',#21953,0.2032);
#18545=CARTESIAN_POINT('',(12.3825,-1.143,1.1684));
#18546=CARTESIAN_POINT('',(11.9634,-1.143,1.1684));
#18547=CARTESIAN_POINT('',(12.3825,-1.143,1.1684));
#18548=VECTOR('',#21954,0.4191);
#18549=CARTESIAN_POINT('',(12.3825,-1.143,1.1684));
#18550=VECTOR('',#21955,0.2032);
#18551=CARTESIAN_POINT('',(11.9634,-1.143,1.1684));
#18552=VECTOR('',#21956,0.2032);
#18553=CARTESIAN_POINT('',(7.9375,-1.143,1.1684));
#18554=CARTESIAN_POINT('',(7.9375,-1.143,1.1684));
#18555=VECTOR('',#21957,0.2032);
#18556=CARTESIAN_POINT('',(8.89,-1.143,1.1684));
#18557=CARTESIAN_POINT('',(8.89,-1.143,1.1684));
#18558=VECTOR('',#21958,0.9525);
#18559=CARTESIAN_POINT('',(8.89,-1.143,1.1684));
#18560=VECTOR('',#21959,0.2032);
#18561=CARTESIAN_POINT('',(9.8425,-1.143,1.1684));
#18562=CARTESIAN_POINT('',(9.4234,-1.143,1.1684));
#18563=CARTESIAN_POINT('',(9.8425,-1.143,1.1684));
#18564=VECTOR('',#21960,0.4191);
#18565=CARTESIAN_POINT('',(9.8425,-1.143,1.1684));
#18566=VECTOR('',#21961,0.2032);
#18567=CARTESIAN_POINT('',(9.4234,-1.143,1.1684));
#18568=VECTOR('',#21962,0.2032);
#18569=CARTESIAN_POINT('',(5.3975,-1.143,1.1684));
#18570=CARTESIAN_POINT('',(5.3975,-1.143,1.1684));
#18571=VECTOR('',#21963,0.2032);
#18572=CARTESIAN_POINT('',(6.35,-1.143,1.1684));
#18573=CARTESIAN_POINT('',(6.35,-1.143,1.1684));
#18574=VECTOR('',#21964,0.9525);
#18575=CARTESIAN_POINT('',(6.35,-1.143,1.1684));
#18576=VECTOR('',#21965,0.2032);
#18577=CARTESIAN_POINT('',(7.3025,-1.143,1.1684));
#18578=CARTESIAN_POINT('',(6.8834,-1.143,1.1684));
#18579=CARTESIAN_POINT('',(7.3025,-1.143,1.1684));
#18580=VECTOR('',#21966,0.4191);
#18581=CARTESIAN_POINT('',(7.3025,-1.143,1.1684));
#18582=VECTOR('',#21967,0.2032);
#18583=CARTESIAN_POINT('',(6.8834,-1.143,1.1684));
#18584=VECTOR('',#21968,0.2032);
#18585=CARTESIAN_POINT('',(2.8575,-1.143,1.1684));
#18586=CARTESIAN_POINT('',(2.8575,-1.143,1.1684));
#18587=VECTOR('',#21969,0.2032);
#18588=CARTESIAN_POINT('',(3.81,-1.143,1.1684));
#18589=CARTESIAN_POINT('',(3.81,-1.143,1.1684));
#18590=VECTOR('',#21970,0.9525);
#18591=CARTESIAN_POINT('',(3.81,-1.143,1.1684));
#18592=VECTOR('',#21971,0.2032);
#18593=CARTESIAN_POINT('',(4.7625,-1.143,1.1684));
#18594=CARTESIAN_POINT('',(4.3434,-1.143,1.1684));
#18595=CARTESIAN_POINT('',(4.7625,-1.143,1.1684));
#18596=VECTOR('',#21972,0.4191);
#18597=CARTESIAN_POINT('',(4.7625,-1.143,1.1684));
#18598=VECTOR('',#21973,0.2032);
#18599=CARTESIAN_POINT('',(4.3434,-1.143,1.1684));
#18600=VECTOR('',#21974,0.2032);
#18601=CARTESIAN_POINT('',(0.3175,-1.143,1.1684));
#18602=CARTESIAN_POINT('',(0.3175,-1.143,1.1684));
#18603=VECTOR('',#21975,0.2032);
#18604=CARTESIAN_POINT('',(1.27,-1.143,1.1684));
#18605=CARTESIAN_POINT('',(1.27,-1.143,1.1684));
#18606=VECTOR('',#21976,0.9525);
#18607=CARTESIAN_POINT('',(1.27,-1.143,1.1684));
#18608=VECTOR('',#21977,0.2032);
#18609=CARTESIAN_POINT('',(2.2225,-1.143,1.1684));
#18610=CARTESIAN_POINT('',(1.8034,-1.143,1.1684));
#18611=CARTESIAN_POINT('',(2.2225,-1.143,1.1684));
#18612=VECTOR('',#21978,0.4191);
#18613=CARTESIAN_POINT('',(2.2225,-1.143,1.1684));
#18614=VECTOR('',#21979,0.2032);
#18615=CARTESIAN_POINT('',(1.8034,-1.143,1.1684));
#18616=VECTOR('',#21980,0.2032);
#18617=CARTESIAN_POINT('',(-2.2225,-1.143,1.1684));
#18618=CARTESIAN_POINT('',(-2.2225,-1.143,1.1684));
#18619=VECTOR('',#21981,0.2032);
#18620=CARTESIAN_POINT('',(-1.27,-1.143,1.1684));
#18621=CARTESIAN_POINT('',(-1.27,-1.143,1.1684));
#18622=VECTOR('',#21982,0.9525);
#18623=CARTESIAN_POINT('',(-1.27,-1.143,1.1684));
#18624=VECTOR('',#21983,0.2032);
#18625=CARTESIAN_POINT('',(-0.3175,-1.143,1.1684));
#18626=CARTESIAN_POINT('',(-0.7366,-1.143,1.1684));
#18627=CARTESIAN_POINT('',(-0.3175,-1.143,1.1684));
#18628=VECTOR('',#21984,0.4191);
#18629=CARTESIAN_POINT('',(-0.3175,-1.143,1.1684));
#18630=VECTOR('',#21985,0.2032);
#18631=CARTESIAN_POINT('',(-0.7366,-1.143,1.1684));
#18632=VECTOR('',#21986,0.2032);
#18633=CARTESIAN_POINT('',(-4.7625,-1.143,1.1684));
#18634=CARTESIAN_POINT('',(-4.7625,-1.143,1.1684));
#18635=VECTOR('',#21987,0.2032);
#18636=CARTESIAN_POINT('',(-3.81,-1.143,1.1684));
#18637=CARTESIAN_POINT('',(-3.81,-1.143,1.1684));
#18638=VECTOR('',#21988,0.9525);
#18639=CARTESIAN_POINT('',(-3.81,-1.143,1.1684));
#18640=VECTOR('',#21989,0.2032);
#18641=CARTESIAN_POINT('',(-2.8575,-1.143,1.1684));
#18642=CARTESIAN_POINT('',(-3.2766,-1.143,1.1684));
#18643=CARTESIAN_POINT('',(-2.8575,-1.143,1.1684));
#18644=VECTOR('',#21990,0.4191);
#18645=CARTESIAN_POINT('',(-2.8575,-1.143,1.1684));
#18646=VECTOR('',#21991,0.2032);
#18647=CARTESIAN_POINT('',(-3.2766,-1.143,1.1684));
#18648=VECTOR('',#21992,0.2032);
#18649=CARTESIAN_POINT('',(-7.3025,-1.143,1.1684));
#18650=CARTESIAN_POINT('',(-7.3025,-1.143,1.1684));
#18651=VECTOR('',#21993,0.2032);
#18652=CARTESIAN_POINT('',(-6.35,-1.143,1.1684));
#18653=CARTESIAN_POINT('',(-6.35,-1.143,1.1684));
#18654=VECTOR('',#21994,0.9525);
#18655=CARTESIAN_POINT('',(-6.35,-1.143,1.1684));
#18656=VECTOR('',#21995,0.2032);
#18657=CARTESIAN_POINT('',(-5.3975,-1.143,1.1684));
#18658=CARTESIAN_POINT('',(-5.8166,-1.143,1.1684));
#18659=CARTESIAN_POINT('',(-5.3975,-1.143,1.1684));
#18660=VECTOR('',#21996,0.4191);
#18661=CARTESIAN_POINT('',(-5.3975,-1.143,1.1684));
#18662=VECTOR('',#21997,0.2032);
#18663=CARTESIAN_POINT('',(-5.8166,-1.143,1.1684));
#18664=VECTOR('',#21998,0.2032);
#18665=CARTESIAN_POINT('',(-9.8425,-1.143,1.1684));
#18666=CARTESIAN_POINT('',(-9.8425,-1.143,1.1684));
#18667=VECTOR('',#21999,0.2032);
#18668=CARTESIAN_POINT('',(-8.89,-1.143,1.1684));
#18669=CARTESIAN_POINT('',(-8.89,-1.143,1.1684));
#18670=VECTOR('',#22000,0.9525);
#18671=CARTESIAN_POINT('',(-8.89,-1.143,1.1684));
#18672=VECTOR('',#22001,0.2032);
#18673=CARTESIAN_POINT('',(-7.9375,-1.143,1.1684));
#18674=CARTESIAN_POINT('',(-8.3566,-1.143,1.1684));
#18675=CARTESIAN_POINT('',(-7.9375,-1.143,1.1684));
#18676=VECTOR('',#22002,0.4191);
#18677=CARTESIAN_POINT('',(-7.9375,-1.143,1.1684));
#18678=VECTOR('',#22003,0.2032);
#18679=CARTESIAN_POINT('',(-8.3566,-1.143,1.1684));
#18680=VECTOR('',#22004,0.2032);
#18681=CARTESIAN_POINT('',(-12.3825,-1.143,1.1684));
#18682=CARTESIAN_POINT('',(-12.3825,-1.143,1.1684));
#18683=VECTOR('',#22005,0.2032);
#18684=CARTESIAN_POINT('',(-11.43,-1.143,1.1684));
#18685=CARTESIAN_POINT('',(-11.43,-1.143,1.1684));
#18686=VECTOR('',#22006,0.9525);
#18687=CARTESIAN_POINT('',(-11.43,-1.143,1.1684));
#18688=VECTOR('',#22007,0.2032);
#18689=CARTESIAN_POINT('',(-10.4775,-1.143,1.1684));
#18690=CARTESIAN_POINT('',(-10.8966,-1.143,1.1684));
#18691=CARTESIAN_POINT('',(-10.4775,-1.143,1.1684));
#18692=VECTOR('',#22008,0.4191);
#18693=CARTESIAN_POINT('',(-10.4775,-1.143,1.1684));
#18694=VECTOR('',#22009,0.2032);
#18695=CARTESIAN_POINT('',(-10.8966,-1.143,1.1684));
#18696=VECTOR('',#22010,0.2032);
#18697=CARTESIAN_POINT('',(-14.9225,-1.143,1.1684));
#18698=CARTESIAN_POINT('',(-14.9225,-1.143,1.1684));
#18699=VECTOR('',#22011,0.2032);
#18700=CARTESIAN_POINT('',(-13.97,-1.143,1.1684));
#18701=CARTESIAN_POINT('',(-13.97,-1.143,1.1684));
#18702=VECTOR('',#22012,0.9525);
#18703=CARTESIAN_POINT('',(-13.97,-1.143,1.1684));
#18704=VECTOR('',#22013,0.2032);
#18705=CARTESIAN_POINT('',(-13.0175,-1.143,1.1684));
#18706=CARTESIAN_POINT('',(-13.4366,-1.143,1.1684));
#18707=CARTESIAN_POINT('',(-13.0175,-1.143,1.1684));
#18708=VECTOR('',#22014,0.4191);
#18709=CARTESIAN_POINT('',(-13.0175,-1.143,1.1684));
#18710=VECTOR('',#22015,0.2032);
#18711=CARTESIAN_POINT('',(-13.4366,-1.143,1.1684));
#18712=VECTOR('',#22016,0.2032);
#18713=CARTESIAN_POINT('',(-16.51,-1.143,1.1684));
#18714=CARTESIAN_POINT('',(-16.51,-1.143,1.1684));
#18715=VECTOR('',#22017,0.9525);
#18716=CARTESIAN_POINT('',(-16.51,-1.143,1.1684));
#18717=VECTOR('',#22018,0.2032);
#18718=CARTESIAN_POINT('',(-15.5575,-1.143,1.1684));
#18719=CARTESIAN_POINT('',(-15.9766,-1.143,1.1684));
#18720=CARTESIAN_POINT('',(-15.5575,-1.143,1.1684));
#18721=VECTOR('',#22019,0.4191);
#18722=CARTESIAN_POINT('',(-15.5575,-1.143,1.1684));
#18723=VECTOR('',#22020,0.2032);
#18724=CARTESIAN_POINT('',(-15.9766,-1.143,1.1684));
#18725=VECTOR('',#22021,0.2032);
#18726=CARTESIAN_POINT('',(17.0434,-1.143,-0.47041458310723));
#18727=CARTESIAN_POINT('',(17.0434,-1.143,1.1684));
#18728=VECTOR('',#22022,1.63881458310723);
#18729=CARTESIAN_POINT('',(16.51,-1.143,-0.7112));
#18730=AXIS2_PLACEMENT_3D('',#22023,#22024,#22025);
#18731=CARTESIAN_POINT('',(16.51,-1.143,-1.1684));
#18732=CARTESIAN_POINT('',(16.51,-1.143,-1.1684));
#18733=VECTOR('',#22026,0.4572);
#18734=CARTESIAN_POINT('',(17.4625,-1.143,-1.1684));
#18735=VECTOR('',#22027,0.9525);
#18736=CARTESIAN_POINT('',(15.9766,-1.143,-1.1684));
#18737=CARTESIAN_POINT('',(15.9766,-1.143,0.47041458310723));
#18738=CARTESIAN_POINT('',(15.9766,-1.143,-1.1684));
#18739=VECTOR('',#22028,1.63881458310723);
#18740=CARTESIAN_POINT('',(16.51,-1.143,0.7112));
#18741=AXIS2_PLACEMENT_3D('',#22029,#22030,#22031);
#18742=CARTESIAN_POINT('',(16.51,-1.143,1.1684));
#18743=VECTOR('',#22032,0.4572);
#18744=CARTESIAN_POINT('',(15.5575,-1.143,-1.1684));
#18745=CARTESIAN_POINT('',(15.5575,-1.143,-1.1684));
#18746=VECTOR('',#22033,2.3368);
#18747=CARTESIAN_POINT('',(15.9766,-1.143,-1.1684));
#18748=VECTOR('',#22034,0.4191);
#18749=CARTESIAN_POINT('',(13.0175,-1.143,-1.1684));
#18750=CARTESIAN_POINT('',(13.0175,-1.143,-1.1684));
#18751=VECTOR('',#22035,2.3368);
#18752=CARTESIAN_POINT('',(13.4366,-1.143,-1.1684));
#18753=CARTESIAN_POINT('',(13.4366,-1.143,-1.1684));
#18754=VECTOR('',#22036,0.4191);
#18755=CARTESIAN_POINT('',(13.4366,-1.143,0.47041458310723));
#18756=CARTESIAN_POINT('',(13.4366,-1.143,-1.1684));
#18757=VECTOR('',#22037,1.63881458310723);
#18758=CARTESIAN_POINT('',(13.97,-1.143,0.7112));
#18759=AXIS2_PLACEMENT_3D('',#22038,#22039,#22040);
#18760=CARTESIAN_POINT('',(13.97,-1.143,1.1684));
#18761=VECTOR('',#22041,0.4572);
#18762=CARTESIAN_POINT('',(14.9225,-1.143,-1.1684));
#18763=CARTESIAN_POINT('',(13.97,-1.143,-1.1684));
#18764=CARTESIAN_POINT('',(14.9225,-1.143,-1.1684));
#18765=VECTOR('',#22042,0.9525);
#18766=CARTESIAN_POINT('',(14.9225,-1.143,-1.1684));
#18767=VECTOR('',#22043,2.3368);
#18768=CARTESIAN_POINT('',(14.5034,-1.143,-0.47041458310723));
#18769=CARTESIAN_POINT('',(14.5034,-1.143,1.1684));
#18770=VECTOR('',#22044,1.63881458310723);
#18771=CARTESIAN_POINT('',(13.97,-1.143,-0.7112));
#18772=AXIS2_PLACEMENT_3D('',#22045,#22046,#22047);
#18773=CARTESIAN_POINT('',(13.97,-1.143,-1.1684));
#18774=VECTOR('',#22048,0.4572);
#18775=CARTESIAN_POINT('',(10.4775,-1.143,-1.1684));
#18776=CARTESIAN_POINT('',(10.4775,-1.143,-1.1684));
#18777=VECTOR('',#22049,2.3368);
#18778=CARTESIAN_POINT('',(10.8966,-1.143,-1.1684));
#18779=CARTESIAN_POINT('',(10.8966,-1.143,-1.1684));
#18780=VECTOR('',#22050,0.4191);
#18781=CARTESIAN_POINT('',(10.8966,-1.143,0.47041458310723));
#18782=CARTESIAN_POINT('',(10.8966,-1.143,-1.1684));
#18783=VECTOR('',#22051,1.63881458310723);
#18784=CARTESIAN_POINT('',(11.43,-1.143,0.7112));
#18785=AXIS2_PLACEMENT_3D('',#22052,#22053,#22054);
#18786=CARTESIAN_POINT('',(11.43,-1.143,1.1684));
#18787=VECTOR('',#22055,0.4572);
#18788=CARTESIAN_POINT('',(12.3825,-1.143,-1.1684));
#18789=CARTESIAN_POINT('',(11.43,-1.143,-1.1684));
#18790=CARTESIAN_POINT('',(12.3825,-1.143,-1.1684));
#18791=VECTOR('',#22056,0.9525);
#18792=CARTESIAN_POINT('',(12.3825,-1.143,-1.1684));
#18793=VECTOR('',#22057,2.3368);
#18794=CARTESIAN_POINT('',(11.9634,-1.143,-0.47041458310723));
#18795=CARTESIAN_POINT('',(11.9634,-1.143,1.1684));
#18796=VECTOR('',#22058,1.63881458310723);
#18797=CARTESIAN_POINT('',(11.43,-1.143,-0.7112));
#18798=AXIS2_PLACEMENT_3D('',#22059,#22060,#22061);
#18799=CARTESIAN_POINT('',(11.43,-1.143,-1.1684));
#18800=VECTOR('',#22062,0.4572);
#18801=CARTESIAN_POINT('',(7.9375,-1.143,-1.1684));
#18802=CARTESIAN_POINT('',(7.9375,-1.143,-1.1684));
#18803=VECTOR('',#22063,2.3368);
#18804=CARTESIAN_POINT('',(8.3566,-1.143,-1.1684));
#18805=CARTESIAN_POINT('',(8.3566,-1.143,-1.1684));
#18806=VECTOR('',#22064,0.4191);
#18807=CARTESIAN_POINT('',(8.3566,-1.143,0.47041458310723));
#18808=CARTESIAN_POINT('',(8.3566,-1.143,-1.1684));
#18809=VECTOR('',#22065,1.63881458310723);
#18810=CARTESIAN_POINT('',(8.89,-1.143,0.7112));
#18811=AXIS2_PLACEMENT_3D('',#22066,#22067,#22068);
#18812=CARTESIAN_POINT('',(8.89,-1.143,1.1684));
#18813=VECTOR('',#22069,0.4572);
#18814=CARTESIAN_POINT('',(9.8425,-1.143,-1.1684));
#18815=CARTESIAN_POINT('',(8.89,-1.143,-1.1684));
#18816=CARTESIAN_POINT('',(9.8425,-1.143,-1.1684));
#18817=VECTOR('',#22070,0.9525);
#18818=CARTESIAN_POINT('',(9.8425,-1.143,-1.1684));
#18819=VECTOR('',#22071,2.3368);
#18820=CARTESIAN_POINT('',(9.4234,-1.143,-0.47041458310723));
#18821=CARTESIAN_POINT('',(9.4234,-1.143,1.1684));
#18822=VECTOR('',#22072,1.63881458310723);
#18823=CARTESIAN_POINT('',(8.89,-1.143,-0.7112));
#18824=AXIS2_PLACEMENT_3D('',#22073,#22074,#22075);
#18825=CARTESIAN_POINT('',(8.89,-1.143,-1.1684));
#18826=VECTOR('',#22076,0.4572);
#18827=CARTESIAN_POINT('',(5.3975,-1.143,-1.1684));
#18828=CARTESIAN_POINT('',(5.3975,-1.143,-1.1684));
#18829=VECTOR('',#22077,2.3368);
#18830=CARTESIAN_POINT('',(5.8166,-1.143,-1.1684));
#18831=CARTESIAN_POINT('',(5.8166,-1.143,-1.1684));
#18832=VECTOR('',#22078,0.4191);
#18833=CARTESIAN_POINT('',(5.8166,-1.143,0.47041458310723));
#18834=CARTESIAN_POINT('',(5.8166,-1.143,-1.1684));
#18835=VECTOR('',#22079,1.63881458310723);
#18836=CARTESIAN_POINT('',(6.35,-1.143,0.7112));
#18837=AXIS2_PLACEMENT_3D('',#22080,#22081,#22082);
#18838=CARTESIAN_POINT('',(6.35,-1.143,1.1684));
#18839=VECTOR('',#22083,0.4572);
#18840=CARTESIAN_POINT('',(7.3025,-1.143,-1.1684));
#18841=CARTESIAN_POINT('',(6.35,-1.143,-1.1684));
#18842=CARTESIAN_POINT('',(7.3025,-1.143,-1.1684));
#18843=VECTOR('',#22084,0.9525);
#18844=CARTESIAN_POINT('',(7.3025,-1.143,-1.1684));
#18845=VECTOR('',#22085,2.3368);
#18846=CARTESIAN_POINT('',(6.8834,-1.143,-0.47041458310723));
#18847=CARTESIAN_POINT('',(6.8834,-1.143,1.1684));
#18848=VECTOR('',#22086,1.63881458310723);
#18849=CARTESIAN_POINT('',(6.35,-1.143,-0.7112));
#18850=AXIS2_PLACEMENT_3D('',#22087,#22088,#22089);
#18851=CARTESIAN_POINT('',(6.35,-1.143,-1.1684));
#18852=VECTOR('',#22090,0.4572);
#18853=CARTESIAN_POINT('',(2.8575,-1.143,-1.1684));
#18854=CARTESIAN_POINT('',(2.8575,-1.143,-1.1684));
#18855=VECTOR('',#22091,2.3368);
#18856=CARTESIAN_POINT('',(3.2766,-1.143,-1.1684));
#18857=CARTESIAN_POINT('',(3.2766,-1.143,-1.1684));
#18858=VECTOR('',#22092,0.4191);
#18859=CARTESIAN_POINT('',(3.2766,-1.143,0.47041458310723));
#18860=CARTESIAN_POINT('',(3.2766,-1.143,-1.1684));
#18861=VECTOR('',#22093,1.63881458310723);
#18862=CARTESIAN_POINT('',(3.81,-1.143,0.7112));
#18863=AXIS2_PLACEMENT_3D('',#22094,#22095,#22096);
#18864=CARTESIAN_POINT('',(3.81,-1.143,1.1684));
#18865=VECTOR('',#22097,0.4572);
#18866=CARTESIAN_POINT('',(4.7625,-1.143,-1.1684));
#18867=CARTESIAN_POINT('',(3.81,-1.143,-1.1684));
#18868=CARTESIAN_POINT('',(4.7625,-1.143,-1.1684));
#18869=VECTOR('',#22098,0.9525);
#18870=CARTESIAN_POINT('',(4.7625,-1.143,-1.1684));
#18871=VECTOR('',#22099,2.3368);
#18872=CARTESIAN_POINT('',(4.3434,-1.143,-0.47041458310723));
#18873=CARTESIAN_POINT('',(4.3434,-1.143,1.1684));
#18874=VECTOR('',#22100,1.63881458310723);
#18875=CARTESIAN_POINT('',(3.81,-1.143,-0.7112));
#18876=AXIS2_PLACEMENT_3D('',#22101,#22102,#22103);
#18877=CARTESIAN_POINT('',(3.81,-1.143,-1.1684));
#18878=VECTOR('',#22104,0.4572);
#18879=CARTESIAN_POINT('',(0.3175,-1.143,-1.1684));
#18880=CARTESIAN_POINT('',(0.3175,-1.143,-1.1684));
#18881=VECTOR('',#22105,2.3368);
#18882=CARTESIAN_POINT('',(0.7366,-1.143,-1.1684));
#18883=CARTESIAN_POINT('',(0.7366,-1.143,-1.1684));
#18884=VECTOR('',#22106,0.4191);
#18885=CARTESIAN_POINT('',(0.7366,-1.143,0.47041458310723));
#18886=CARTESIAN_POINT('',(0.7366,-1.143,-1.1684));
#18887=VECTOR('',#22107,1.63881458310723);
#18888=CARTESIAN_POINT('',(1.27,-1.143,0.7112));
#18889=AXIS2_PLACEMENT_3D('',#22108,#22109,#22110);
#18890=CARTESIAN_POINT('',(1.27,-1.143,1.1684));
#18891=VECTOR('',#22111,0.4572);
#18892=CARTESIAN_POINT('',(2.2225,-1.143,-1.1684));
#18893=CARTESIAN_POINT('',(1.27,-1.143,-1.1684));
#18894=CARTESIAN_POINT('',(2.2225,-1.143,-1.1684));
#18895=VECTOR('',#22112,0.9525);
#18896=CARTESIAN_POINT('',(2.2225,-1.143,-1.1684));
#18897=VECTOR('',#22113,2.3368);
#18898=CARTESIAN_POINT('',(1.8034,-1.143,-0.47041458310723));
#18899=CARTESIAN_POINT('',(1.8034,-1.143,1.1684));
#18900=VECTOR('',#22114,1.63881458310723);
#18901=CARTESIAN_POINT('',(1.27,-1.143,-0.7112));
#18902=AXIS2_PLACEMENT_3D('',#22115,#22116,#22117);
#18903=CARTESIAN_POINT('',(1.27,-1.143,-1.1684));
#18904=VECTOR('',#22118,0.4572);
#18905=CARTESIAN_POINT('',(-2.2225,-1.143,-1.1684));
#18906=CARTESIAN_POINT('',(-2.2225,-1.143,-1.1684));
#18907=VECTOR('',#22119,2.3368);
#18908=CARTESIAN_POINT('',(-1.8034,-1.143,-1.1684));
#18909=CARTESIAN_POINT('',(-1.8034,-1.143,-1.1684));
#18910=VECTOR('',#22120,0.4191);
#18911=CARTESIAN_POINT('',(-1.8034,-1.143,0.47041458310723));
#18912=CARTESIAN_POINT('',(-1.8034,-1.143,-1.1684));
#18913=VECTOR('',#22121,1.63881458310723);
#18914=CARTESIAN_POINT('',(-1.27,-1.143,0.7112));
#18915=AXIS2_PLACEMENT_3D('',#22122,#22123,#22124);
#18916=CARTESIAN_POINT('',(-1.27,-1.143,1.1684));
#18917=VECTOR('',#22125,0.4572);
#18918=CARTESIAN_POINT('',(-0.3175,-1.143,-1.1684));
#18919=CARTESIAN_POINT('',(-1.27,-1.143,-1.1684));
#18920=CARTESIAN_POINT('',(-0.3175,-1.143,-1.1684));
#18921=VECTOR('',#22126,0.9525);
#18922=CARTESIAN_POINT('',(-0.3175,-1.143,-1.1684));
#18923=VECTOR('',#22127,2.3368);
#18924=CARTESIAN_POINT('',(-0.7366,-1.143,-0.47041458310723));
#18925=CARTESIAN_POINT('',(-0.7366,-1.143,1.1684));
#18926=VECTOR('',#22128,1.63881458310723);
#18927=CARTESIAN_POINT('',(-1.27,-1.143,-0.7112));
#18928=AXIS2_PLACEMENT_3D('',#22129,#22130,#22131);
#18929=CARTESIAN_POINT('',(-1.27,-1.143,-1.1684));
#18930=VECTOR('',#22132,0.4572);
#18931=CARTESIAN_POINT('',(-4.7625,-1.143,-1.1684));
#18932=CARTESIAN_POINT('',(-4.7625,-1.143,-1.1684));
#18933=VECTOR('',#22133,2.3368);
#18934=CARTESIAN_POINT('',(-4.3434,-1.143,-1.1684));
#18935=CARTESIAN_POINT('',(-4.3434,-1.143,-1.1684));
#18936=VECTOR('',#22134,0.4191);
#18937=CARTESIAN_POINT('',(-4.3434,-1.143,0.47041458310723));
#18938=CARTESIAN_POINT('',(-4.3434,-1.143,-1.1684));
#18939=VECTOR('',#22135,1.63881458310723);
#18940=CARTESIAN_POINT('',(-3.81,-1.143,0.7112));
#18941=AXIS2_PLACEMENT_3D('',#22136,#22137,#22138);
#18942=CARTESIAN_POINT('',(-3.81,-1.143,1.1684));
#18943=VECTOR('',#22139,0.4572);
#18944=CARTESIAN_POINT('',(-2.8575,-1.143,-1.1684));
#18945=CARTESIAN_POINT('',(-3.81,-1.143,-1.1684));
#18946=CARTESIAN_POINT('',(-2.8575,-1.143,-1.1684));
#18947=VECTOR('',#22140,0.9525);
#18948=CARTESIAN_POINT('',(-2.8575,-1.143,-1.1684));
#18949=VECTOR('',#22141,2.3368);
#18950=CARTESIAN_POINT('',(-3.2766,-1.143,-0.47041458310723));
#18951=CARTESIAN_POINT('',(-3.2766,-1.143,1.1684));
#18952=VECTOR('',#22142,1.63881458310723);
#18953=CARTESIAN_POINT('',(-3.81,-1.143,-0.7112));
#18954=AXIS2_PLACEMENT_3D('',#22143,#22144,#22145);
#18955=CARTESIAN_POINT('',(-3.81,-1.143,-1.1684));
#18956=VECTOR('',#22146,0.4572);
#18957=CARTESIAN_POINT('',(-7.3025,-1.143,-1.1684));
#18958=CARTESIAN_POINT('',(-7.3025,-1.143,-1.1684));
#18959=VECTOR('',#22147,2.3368);
#18960=CARTESIAN_POINT('',(-6.8834,-1.143,-1.1684));
#18961=CARTESIAN_POINT('',(-6.8834,-1.143,-1.1684));
#18962=VECTOR('',#22148,0.4191);
#18963=CARTESIAN_POINT('',(-6.8834,-1.143,0.47041458310723));
#18964=CARTESIAN_POINT('',(-6.8834,-1.143,-1.1684));
#18965=VECTOR('',#22149,1.63881458310723);
#18966=CARTESIAN_POINT('',(-6.35,-1.143,0.7112));
#18967=AXIS2_PLACEMENT_3D('',#22150,#22151,#22152);
#18968=CARTESIAN_POINT('',(-6.35,-1.143,1.1684));
#18969=VECTOR('',#22153,0.4572);
#18970=CARTESIAN_POINT('',(-5.3975,-1.143,-1.1684));
#18971=CARTESIAN_POINT('',(-6.35,-1.143,-1.1684));
#18972=CARTESIAN_POINT('',(-5.3975,-1.143,-1.1684));
#18973=VECTOR('',#22154,0.9525);
#18974=CARTESIAN_POINT('',(-5.3975,-1.143,-1.1684));
#18975=VECTOR('',#22155,2.3368);
#18976=CARTESIAN_POINT('',(-5.8166,-1.143,-0.47041458310723));
#18977=CARTESIAN_POINT('',(-5.8166,-1.143,1.1684));
#18978=VECTOR('',#22156,1.63881458310723);
#18979=CARTESIAN_POINT('',(-6.35,-1.143,-0.7112));
#18980=AXIS2_PLACEMENT_3D('',#22157,#22158,#22159);
#18981=CARTESIAN_POINT('',(-6.35,-1.143,-1.1684));
#18982=VECTOR('',#22160,0.4572);
#18983=CARTESIAN_POINT('',(-9.8425,-1.143,-1.1684));
#18984=CARTESIAN_POINT('',(-9.8425,-1.143,-1.1684));
#18985=VECTOR('',#22161,2.3368);
#18986=CARTESIAN_POINT('',(-9.4234,-1.143,-1.1684));
#18987=CARTESIAN_POINT('',(-9.4234,-1.143,-1.1684));
#18988=VECTOR('',#22162,0.4191);
#18989=CARTESIAN_POINT('',(-9.4234,-1.143,0.47041458310723));
#18990=CARTESIAN_POINT('',(-9.4234,-1.143,-1.1684));
#18991=VECTOR('',#22163,1.63881458310723);
#18992=CARTESIAN_POINT('',(-8.89,-1.143,0.7112));
#18993=AXIS2_PLACEMENT_3D('',#22164,#22165,#22166);
#18994=CARTESIAN_POINT('',(-8.89,-1.143,1.1684));
#18995=VECTOR('',#22167,0.4572);
#18996=CARTESIAN_POINT('',(-7.9375,-1.143,-1.1684));
#18997=CARTESIAN_POINT('',(-8.89,-1.143,-1.1684));
#18998=CARTESIAN_POINT('',(-7.9375,-1.143,-1.1684));
#18999=VECTOR('',#22168,0.9525);
#19000=CARTESIAN_POINT('',(-7.9375,-1.143,-1.1684));
#19001=VECTOR('',#22169,2.3368);
#19002=CARTESIAN_POINT('',(-8.3566,-1.143,-0.47041458310723));
#19003=CARTESIAN_POINT('',(-8.3566,-1.143,1.1684));
#19004=VECTOR('',#22170,1.63881458310723);
#19005=CARTESIAN_POINT('',(-8.89,-1.143,-0.7112));
#19006=AXIS2_PLACEMENT_3D('',#22171,#22172,#22173);
#19007=CARTESIAN_POINT('',(-8.89,-1.143,-1.1684));
#19008=VECTOR('',#22174,0.4572);
#19009=CARTESIAN_POINT('',(-12.3825,-1.143,-1.1684));
#19010=CARTESIAN_POINT('',(-12.3825,-1.143,-1.1684));
#19011=VECTOR('',#22175,2.3368);
#19012=CARTESIAN_POINT('',(-11.9634,-1.143,-1.1684));
#19013=CARTESIAN_POINT('',(-11.9634,-1.143,-1.1684));
#19014=VECTOR('',#22176,0.4191);
#19015=CARTESIAN_POINT('',(-11.9634,-1.143,0.47041458310723));
#19016=CARTESIAN_POINT('',(-11.9634,-1.143,-1.1684));
#19017=VECTOR('',#22177,1.63881458310723);
#19018=CARTESIAN_POINT('',(-11.43,-1.143,0.7112));
#19019=AXIS2_PLACEMENT_3D('',#22178,#22179,#22180);
#19020=CARTESIAN_POINT('',(-11.43,-1.143,1.1684));
#19021=VECTOR('',#22181,0.4572);
#19022=CARTESIAN_POINT('',(-10.4775,-1.143,-1.1684));
#19023=CARTESIAN_POINT('',(-11.43,-1.143,-1.1684));
#19024=CARTESIAN_POINT('',(-10.4775,-1.143,-1.1684));
#19025=VECTOR('',#22182,0.9525);
#19026=CARTESIAN_POINT('',(-10.4775,-1.143,-1.1684));
#19027=VECTOR('',#22183,2.3368);
#19028=CARTESIAN_POINT('',(-10.8966,-1.143,-0.47041458310723));
#19029=CARTESIAN_POINT('',(-10.8966,-1.143,1.1684));
#19030=VECTOR('',#22184,1.63881458310723);
#19031=CARTESIAN_POINT('',(-11.43,-1.143,-0.7112));
#19032=AXIS2_PLACEMENT_3D('',#22185,#22186,#22187);
#19033=CARTESIAN_POINT('',(-11.43,-1.143,-1.1684));
#19034=VECTOR('',#22188,0.4572);
#19035=CARTESIAN_POINT('',(-14.9225,-1.143,-1.1684));
#19036=CARTESIAN_POINT('',(-14.9225,-1.143,-1.1684));
#19037=VECTOR('',#22189,2.3368);
#19038=CARTESIAN_POINT('',(-14.5034,-1.143,-1.1684));
#19039=CARTESIAN_POINT('',(-14.5034,-1.143,-1.1684));
#19040=VECTOR('',#22190,0.4191);
#19041=CARTESIAN_POINT('',(-14.5034,-1.143,0.47041458310723));
#19042=CARTESIAN_POINT('',(-14.5034,-1.143,-1.1684));
#19043=VECTOR('',#22191,1.63881458310723);
#19044=CARTESIAN_POINT('',(-13.97,-1.143,0.7112));
#19045=AXIS2_PLACEMENT_3D('',#22192,#22193,#22194);
#19046=CARTESIAN_POINT('',(-13.97,-1.143,1.1684));
#19047=VECTOR('',#22195,0.4572);
#19048=CARTESIAN_POINT('',(-13.0175,-1.143,-1.1684));
#19049=CARTESIAN_POINT('',(-13.97,-1.143,-1.1684));
#19050=CARTESIAN_POINT('',(-13.0175,-1.143,-1.1684));
#19051=VECTOR('',#22196,0.9525);
#19052=CARTESIAN_POINT('',(-13.0175,-1.143,-1.1684));
#19053=VECTOR('',#22197,2.3368);
#19054=CARTESIAN_POINT('',(-13.4366,-1.143,-0.47041458310723));
#19055=CARTESIAN_POINT('',(-13.4366,-1.143,1.1684));
#19056=VECTOR('',#22198,1.63881458310723);
#19057=CARTESIAN_POINT('',(-13.97,-1.143,-0.7112));
#19058=AXIS2_PLACEMENT_3D('',#22199,#22200,#22201);
#19059=CARTESIAN_POINT('',(-13.97,-1.143,-1.1684));
#19060=VECTOR('',#22202,0.4572);
#19061=CARTESIAN_POINT('',(-17.0434,-1.143,-1.1684));
#19062=CARTESIAN_POINT('',(-17.0434,-1.143,-1.1684));
#19063=VECTOR('',#22203,0.4191);
#19064=CARTESIAN_POINT('',(-17.0434,-1.143,0.47041458310723));
#19065=CARTESIAN_POINT('',(-17.0434,-1.143,-1.1684));
#19066=VECTOR('',#22204,1.63881458310723);
#19067=CARTESIAN_POINT('',(-16.51,-1.143,0.7112));
#19068=AXIS2_PLACEMENT_3D('',#22205,#22206,#22207);
#19069=CARTESIAN_POINT('',(-16.51,-1.143,1.1684));
#19070=VECTOR('',#22208,0.4572);
#19071=CARTESIAN_POINT('',(-15.5575,-1.143,-1.1684));
#19072=CARTESIAN_POINT('',(-16.51,-1.143,-1.1684));
#19073=CARTESIAN_POINT('',(-15.5575,-1.143,-1.1684));
#19074=VECTOR('',#22209,0.9525);
#19075=CARTESIAN_POINT('',(-15.5575,-1.143,-1.1684));
#19076=VECTOR('',#22210,2.3368);
#19077=CARTESIAN_POINT('',(-15.9766,-1.143,-0.47041458310723));
#19078=CARTESIAN_POINT('',(-15.9766,-1.143,1.1684));
#19079=VECTOR('',#22211,1.63881458310723);
#19080=CARTESIAN_POINT('',(-16.51,-1.143,-0.7112));
#19081=AXIS2_PLACEMENT_3D('',#22212,#22213,#22214);
#19082=CARTESIAN_POINT('',(-16.51,-1.143,-1.1684));
#19083=VECTOR('',#22215,0.4572);
#19084=CARTESIAN_POINT('',(16.51,-0.9398,-1.1684));
#19085=VECTOR('',#22216,0.2032);
#19086=CARTESIAN_POINT('',(15.9766,-0.9398,-1.1684));
#19087=VECTOR('',#22217,0.2032);
#19088=CARTESIAN_POINT('',(15.5575,-0.9398,-1.1684));
#19089=VECTOR('',#22218,0.2032);
#19090=CARTESIAN_POINT('',(13.0175,-0.9398,-1.1684));
#19091=VECTOR('',#22219,0.2032);
#19092=CARTESIAN_POINT('',(13.4366,-0.9398,-1.1684));
#19093=VECTOR('',#22220,0.2032);
#19094=CARTESIAN_POINT('',(14.9225,-0.9398,-1.1684));
#19095=VECTOR('',#22221,0.2032);
#19096=CARTESIAN_POINT('',(13.97,-0.9398,-1.1684));
#19097=VECTOR('',#22222,0.2032);
#19098=CARTESIAN_POINT('',(10.4775,-0.9398,-1.1684));
#19099=VECTOR('',#22223,0.2032);
#19100=CARTESIAN_POINT('',(10.8966,-0.9398,-1.1684));
#19101=VECTOR('',#22224,0.2032);
#19102=CARTESIAN_POINT('',(12.3825,-0.9398,-1.1684));
#19103=VECTOR('',#22225,0.2032);
#19104=CARTESIAN_POINT('',(11.43,-0.9398,-1.1684));
#19105=VECTOR('',#22226,0.2032);
#19106=CARTESIAN_POINT('',(7.9375,-0.9398,-1.1684));
#19107=VECTOR('',#22227,0.2032);
#19108=CARTESIAN_POINT('',(8.3566,-0.9398,-1.1684));
#19109=VECTOR('',#22228,0.2032);
#19110=CARTESIAN_POINT('',(9.8425,-0.9398,-1.1684));
#19111=VECTOR('',#22229,0.2032);
#19112=CARTESIAN_POINT('',(8.89,-0.9398,-1.1684));
#19113=VECTOR('',#22230,0.2032);
#19114=CARTESIAN_POINT('',(5.3975,-0.9398,-1.1684));
#19115=VECTOR('',#22231,0.2032);
#19116=CARTESIAN_POINT('',(5.8166,-0.9398,-1.1684));
#19117=VECTOR('',#22232,0.2032);
#19118=CARTESIAN_POINT('',(7.3025,-0.9398,-1.1684));
#19119=VECTOR('',#22233,0.2032);
#19120=CARTESIAN_POINT('',(6.35,-0.9398,-1.1684));
#19121=VECTOR('',#22234,0.2032);
#19122=CARTESIAN_POINT('',(2.8575,-0.9398,-1.1684));
#19123=VECTOR('',#22235,0.2032);
#19124=CARTESIAN_POINT('',(3.2766,-0.9398,-1.1684));
#19125=VECTOR('',#22236,0.2032);
#19126=CARTESIAN_POINT('',(4.7625,-0.9398,-1.1684));
#19127=VECTOR('',#22237,0.2032);
#19128=CARTESIAN_POINT('',(3.81,-0.9398,-1.1684));
#19129=VECTOR('',#22238,0.2032);
#19130=CARTESIAN_POINT('',(0.3175,-0.9398,-1.1684));
#19131=VECTOR('',#22239,0.2032);
#19132=CARTESIAN_POINT('',(0.7366,-0.9398,-1.1684));
#19133=VECTOR('',#22240,0.2032);
#19134=CARTESIAN_POINT('',(2.2225,-0.9398,-1.1684));
#19135=VECTOR('',#22241,0.2032);
#19136=CARTESIAN_POINT('',(1.27,-0.9398,-1.1684));
#19137=VECTOR('',#22242,0.2032);
#19138=CARTESIAN_POINT('',(-2.2225,-0.9398,-1.1684));
#19139=VECTOR('',#22243,0.2032);
#19140=CARTESIAN_POINT('',(-1.8034,-0.9398,-1.1684));
#19141=VECTOR('',#22244,0.2032);
#19142=CARTESIAN_POINT('',(-0.3175,-0.9398,-1.1684));
#19143=VECTOR('',#22245,0.2032);
#19144=CARTESIAN_POINT('',(-1.27,-0.9398,-1.1684));
#19145=VECTOR('',#22246,0.2032);
#19146=CARTESIAN_POINT('',(-4.7625,-0.9398,-1.1684));
#19147=VECTOR('',#22247,0.2032);
#19148=CARTESIAN_POINT('',(-4.3434,-0.9398,-1.1684));
#19149=VECTOR('',#22248,0.2032);
#19150=CARTESIAN_POINT('',(-2.8575,-0.9398,-1.1684));
#19151=VECTOR('',#22249,0.2032);
#19152=CARTESIAN_POINT('',(-3.81,-0.9398,-1.1684));
#19153=VECTOR('',#22250,0.2032);
#19154=CARTESIAN_POINT('',(-7.3025,-0.9398,-1.1684));
#19155=VECTOR('',#22251,0.2032);
#19156=CARTESIAN_POINT('',(-6.8834,-0.9398,-1.1684));
#19157=VECTOR('',#22252,0.2032);
#19158=CARTESIAN_POINT('',(-5.3975,-0.9398,-1.1684));
#19159=VECTOR('',#22253,0.2032);
#19160=CARTESIAN_POINT('',(-6.35,-0.9398,-1.1684));
#19161=VECTOR('',#22254,0.2032);
#19162=CARTESIAN_POINT('',(-9.8425,-0.9398,-1.1684));
#19163=VECTOR('',#22255,0.2032);
#19164=CARTESIAN_POINT('',(-9.4234,-0.9398,-1.1684));
#19165=VECTOR('',#22256,0.2032);
#19166=CARTESIAN_POINT('',(-7.9375,-0.9398,-1.1684));
#19167=VECTOR('',#22257,0.2032);
#19168=CARTESIAN_POINT('',(-8.89,-0.9398,-1.1684));
#19169=VECTOR('',#22258,0.2032);
#19170=CARTESIAN_POINT('',(-12.3825,-0.9398,-1.1684));
#19171=VECTOR('',#22259,0.2032);
#19172=CARTESIAN_POINT('',(-11.9634,-0.9398,-1.1684));
#19173=VECTOR('',#22260,0.2032);
#19174=CARTESIAN_POINT('',(-10.4775,-0.9398,-1.1684));
#19175=VECTOR('',#22261,0.2032);
#19176=CARTESIAN_POINT('',(-11.43,-0.9398,-1.1684));
#19177=VECTOR('',#22262,0.2032);
#19178=CARTESIAN_POINT('',(-14.9225,-0.9398,-1.1684));
#19179=VECTOR('',#22263,0.2032);
#19180=CARTESIAN_POINT('',(-14.5034,-0.9398,-1.1684));
#19181=VECTOR('',#22264,0.2032);
#19182=CARTESIAN_POINT('',(-13.0175,-0.9398,-1.1684));
#19183=VECTOR('',#22265,0.2032);
#19184=CARTESIAN_POINT('',(-13.97,-0.9398,-1.1684));
#19185=VECTOR('',#22266,0.2032);
#19186=CARTESIAN_POINT('',(-17.0434,-0.9398,-1.1684));
#19187=VECTOR('',#22267,0.2032);
#19188=CARTESIAN_POINT('',(-15.5575,-0.9398,-1.1684));
#19189=VECTOR('',#22268,0.2032);
#19190=CARTESIAN_POINT('',(-16.51,-0.9398,-1.1684));
#19191=VECTOR('',#22269,0.2032);
#19192=CARTESIAN_POINT('',(16.51,-1.143,-0.7112));
#19193=VECTOR('',#22270,0.2032);
#19194=CARTESIAN_POINT('',(17.0434,-1.143,-0.47041458310723));
#19195=VECTOR('',#22271,0.2032);
#19196=CARTESIAN_POINT('',(15.9766,-1.143,0.47041458310723));
#19197=VECTOR('',#22272,0.2032);
#19198=CARTESIAN_POINT('',(16.51,-1.143,0.7112));
#19199=VECTOR('',#22273,0.2032);
#19200=CARTESIAN_POINT('',(13.4366,-1.143,0.47041458310723));
#19201=VECTOR('',#22274,0.2032);
#19202=CARTESIAN_POINT('',(13.97,-1.143,0.7112));
#19203=VECTOR('',#22275,0.2032);
#19204=CARTESIAN_POINT('',(13.97,-1.143,-0.7112));
#19205=VECTOR('',#22276,0.2032);
#19206=CARTESIAN_POINT('',(14.5034,-1.143,-0.47041458310723));
#19207=VECTOR('',#22277,0.2032);
#19208=CARTESIAN_POINT('',(10.8966,-1.143,0.47041458310723));
#19209=VECTOR('',#22278,0.2032);
#19210=CARTESIAN_POINT('',(11.43,-1.143,0.7112));
#19211=VECTOR('',#22279,0.2032);
#19212=CARTESIAN_POINT('',(11.43,-1.143,-0.7112));
#19213=VECTOR('',#22280,0.2032);
#19214=CARTESIAN_POINT('',(11.9634,-1.143,-0.47041458310723));
#19215=VECTOR('',#22281,0.2032);
#19216=CARTESIAN_POINT('',(8.3566,-1.143,0.47041458310723));
#19217=VECTOR('',#22282,0.2032);
#19218=CARTESIAN_POINT('',(8.89,-1.143,0.7112));
#19219=VECTOR('',#22283,0.2032);
#19220=CARTESIAN_POINT('',(8.89,-1.143,-0.7112));
#19221=VECTOR('',#22284,0.2032);
#19222=CARTESIAN_POINT('',(9.4234,-1.143,-0.47041458310723));
#19223=VECTOR('',#22285,0.2032);
#19224=CARTESIAN_POINT('',(5.8166,-1.143,0.47041458310723));
#19225=VECTOR('',#22286,0.2032);
#19226=CARTESIAN_POINT('',(6.35,-1.143,0.7112));
#19227=VECTOR('',#22287,0.2032);
#19228=CARTESIAN_POINT('',(6.35,-1.143,-0.7112));
#19229=VECTOR('',#22288,0.2032);
#19230=CARTESIAN_POINT('',(6.8834,-1.143,-0.47041458310723));
#19231=VECTOR('',#22289,0.2032);
#19232=CARTESIAN_POINT('',(3.2766,-1.143,0.47041458310723));
#19233=VECTOR('',#22290,0.2032);
#19234=CARTESIAN_POINT('',(3.81,-1.143,0.7112));
#19235=VECTOR('',#22291,0.2032);
#19236=CARTESIAN_POINT('',(3.81,-1.143,-0.7112));
#19237=VECTOR('',#22292,0.2032);
#19238=CARTESIAN_POINT('',(4.3434,-1.143,-0.47041458310723));
#19239=VECTOR('',#22293,0.2032);
#19240=CARTESIAN_POINT('',(0.7366,-1.143,0.47041458310723));
#19241=VECTOR('',#22294,0.2032);
#19242=CARTESIAN_POINT('',(1.27,-1.143,0.7112));
#19243=VECTOR('',#22295,0.2032);
#19244=CARTESIAN_POINT('',(1.27,-1.143,-0.7112));
#19245=VECTOR('',#22296,0.2032);
#19246=CARTESIAN_POINT('',(1.8034,-1.143,-0.47041458310723));
#19247=VECTOR('',#22297,0.2032);
#19248=CARTESIAN_POINT('',(-1.8034,-1.143,0.47041458310723));
#19249=VECTOR('',#22298,0.2032);
#19250=CARTESIAN_POINT('',(-1.27,-1.143,0.7112));
#19251=VECTOR('',#22299,0.2032);
#19252=CARTESIAN_POINT('',(-1.27,-1.143,-0.7112));
#19253=VECTOR('',#22300,0.2032);
#19254=CARTESIAN_POINT('',(-0.7366,-1.143,-0.47041458310723));
#19255=VECTOR('',#22301,0.2032);
#19256=CARTESIAN_POINT('',(-4.3434,-1.143,0.47041458310723));
#19257=VECTOR('',#22302,0.2032);
#19258=CARTESIAN_POINT('',(-3.81,-1.143,0.7112));
#19259=VECTOR('',#22303,0.2032);
#19260=CARTESIAN_POINT('',(-3.81,-1.143,-0.7112));
#19261=VECTOR('',#22304,0.2032);
#19262=CARTESIAN_POINT('',(-3.2766,-1.143,-0.47041458310723));
#19263=VECTOR('',#22305,0.2032);
#19264=CARTESIAN_POINT('',(-6.8834,-1.143,0.47041458310723));
#19265=VECTOR('',#22306,0.2032);
#19266=CARTESIAN_POINT('',(-6.35,-1.143,0.7112));
#19267=VECTOR('',#22307,0.2032);
#19268=CARTESIAN_POINT('',(-6.35,-1.143,-0.7112));
#19269=VECTOR('',#22308,0.2032);
#19270=CARTESIAN_POINT('',(-5.8166,-1.143,-0.47041458310723));
#19271=VECTOR('',#22309,0.2032);
#19272=CARTESIAN_POINT('',(-9.4234,-1.143,0.47041458310723));
#19273=VECTOR('',#22310,0.2032);
#19274=CARTESIAN_POINT('',(-8.89,-1.143,0.7112));
#19275=VECTOR('',#22311,0.2032);
#19276=CARTESIAN_POINT('',(-8.89,-1.143,-0.7112));
#19277=VECTOR('',#22312,0.2032);
#19278=CARTESIAN_POINT('',(-8.3566,-1.143,-0.47041458310723));
#19279=VECTOR('',#22313,0.2032);
#19280=CARTESIAN_POINT('',(-11.9634,-1.143,0.47041458310723));
#19281=VECTOR('',#22314,0.2032);
#19282=CARTESIAN_POINT('',(-11.43,-1.143,0.7112));
#19283=VECTOR('',#22315,0.2032);
#19284=CARTESIAN_POINT('',(-11.43,-1.143,-0.7112));
#19285=VECTOR('',#22316,0.2032);
#19286=CARTESIAN_POINT('',(-10.8966,-1.143,-0.47041458310723));
#19287=VECTOR('',#22317,0.2032);
#19288=CARTESIAN_POINT('',(-14.5034,-1.143,0.47041458310723));
#19289=VECTOR('',#22318,0.2032);
#19290=CARTESIAN_POINT('',(-13.97,-1.143,0.7112));
#19291=VECTOR('',#22319,0.2032);
#19292=CARTESIAN_POINT('',(-13.97,-1.143,-0.7112));
#19293=VECTOR('',#22320,0.2032);
#19294=CARTESIAN_POINT('',(-13.4366,-1.143,-0.47041458310723));
#19295=VECTOR('',#22321,0.2032);
#19296=CARTESIAN_POINT('',(-17.0434,-1.143,0.47041458310723));
#19297=VECTOR('',#22322,0.2032);
#19298=CARTESIAN_POINT('',(-16.51,-1.143,0.7112));
#19299=VECTOR('',#22323,0.2032);
#19300=CARTESIAN_POINT('',(-16.51,-1.143,-0.7112));
#19301=VECTOR('',#22324,0.2032);
#19302=CARTESIAN_POINT('',(-15.9766,-1.143,-0.47041458310723));
#19303=VECTOR('',#22325,0.2032);
#19304=CARTESIAN_POINT('',(-15.24,0.9398,0.9906));
#19305=VECTOR('',#22326,1.8796);
#19306=CARTESIAN_POINT('',(-12.7,0.9398,0.9906));
#19307=VECTOR('',#22327,1.8796);
#19308=CARTESIAN_POINT('',(-10.16,0.9398,0.9906));
#19309=VECTOR('',#22328,1.8796);
#19310=CARTESIAN_POINT('',(-7.62,0.9398,0.9906));
#19311=VECTOR('',#22329,1.8796);
#19312=CARTESIAN_POINT('',(-5.08,0.9398,0.9906));
#19313=VECTOR('',#22330,1.8796);
#19314=CARTESIAN_POINT('',(-2.54,0.9398,0.9906));
#19315=VECTOR('',#22331,1.8796);
#19316=CARTESIAN_POINT('',(0.0,0.9398,0.9906));
#19317=VECTOR('',#22332,1.8796);
#19318=CARTESIAN_POINT('',(2.54,0.9398,0.9906));
#19319=VECTOR('',#22333,1.8796);
#19320=CARTESIAN_POINT('',(5.08,0.9398,0.9906));
#19321=VECTOR('',#22334,1.8796);
#19322=CARTESIAN_POINT('',(7.62,0.9398,0.9906));
#19323=VECTOR('',#22335,1.8796);
#19324=CARTESIAN_POINT('',(10.16,0.9398,0.9906));
#19325=VECTOR('',#22336,1.8796);
#19326=CARTESIAN_POINT('',(12.7,0.9398,0.9906));
#19327=VECTOR('',#22337,1.8796);
#19328=CARTESIAN_POINT('',(15.24,0.9398,0.9906));
#19329=VECTOR('',#22338,1.8796);
#19330=CARTESIAN_POINT('',(17.78,0.9398,1.0033));
#19331=VECTOR('',#22339,1.8796);
#19332=CARTESIAN_POINT('',(17.78,-0.5588,-0.9144));
#19333=CARTESIAN_POINT('',(17.78,-0.5588,-0.9144));
#19334=VECTOR('',#22340,0.381);
#19335=CARTESIAN_POINT('',(17.78,0.9398,-1.0033));
#19336=VECTOR('',#22341,1.8796);
#19337=CARTESIAN_POINT('',(17.78,0.5588,-0.9144));
#19338=CARTESIAN_POINT('',(17.78,0.9398,-0.9144));
#19339=VECTOR('',#22342,0.381);
#19340=CARTESIAN_POINT('',(17.78,0.5588,0.9144));
#19341=CARTESIAN_POINT('',(17.78,0.5588,-0.9144));
#19342=VECTOR('',#22343,1.8288);
#19343=CARTESIAN_POINT('',(17.78,0.9398,0.9144));
#19344=VECTOR('',#22344,0.381);
#19345=CARTESIAN_POINT('',(17.78,-0.5588,0.9144));
#19346=CARTESIAN_POINT('',(17.78,-0.5588,0.9144));
#19347=VECTOR('',#22345,0.381);
#19348=CARTESIAN_POINT('',(17.78,-0.5588,0.9144));
#19349=VECTOR('',#22346,1.8288);
#19350=CARTESIAN_POINT('',(17.4625,-0.9398,0.9144));
#19351=VECTOR('',#22347,0.495950854420158);
#19352=CARTESIAN_POINT('',(17.4625,-0.9398,-0.9144));
#19353=VECTOR('',#22348,0.495950854420158);
#19354=CARTESIAN_POINT('',(17.4625,0.9398,-0.9144));
#19355=VECTOR('',#22349,0.495950854420158);
#19356=CARTESIAN_POINT('',(17.4625,0.9398,0.9144));
#19357=VECTOR('',#22350,0.495950854420158);
#19358=CARTESIAN_POINT('',(17.4625,0.9398,-1.2446));
#19359=VECTOR('',#22351,1.8796);
#19360=CARTESIAN_POINT('',(15.494,0.9398,-1.2446));
#19361=VECTOR('',#22352,1.8796);
#19362=CARTESIAN_POINT('',(14.986,0.9398,-1.2446));
#19363=VECTOR('',#22353,1.8796);
#19364=CARTESIAN_POINT('',(12.954,0.9398,-1.2446));
#19365=VECTOR('',#22354,1.8796);
#19366=CARTESIAN_POINT('',(12.446,0.9398,-1.2446));
#19367=VECTOR('',#22355,1.8796);
#19368=CARTESIAN_POINT('',(10.414,0.9398,-1.2446));
#19369=VECTOR('',#22356,1.8796);
#19370=CARTESIAN_POINT('',(9.906,0.9398,-1.2446));
#19371=VECTOR('',#22357,1.8796);
#19372=CARTESIAN_POINT('',(7.874,0.9398,-1.2446));
#19373=VECTOR('',#22358,1.8796);
#19374=CARTESIAN_POINT('',(7.366,0.9398,-1.2446));
#19375=VECTOR('',#22359,1.8796);
#19376=CARTESIAN_POINT('',(5.334,0.9398,-1.2446));
#19377=VECTOR('',#22360,1.8796);
#19378=CARTESIAN_POINT('',(4.826,0.9398,-1.2446));
#19379=VECTOR('',#22361,1.8796);
#19380=CARTESIAN_POINT('',(2.794,0.9398,-1.2446));
#19381=VECTOR('',#22362,1.8796);
#19382=CARTESIAN_POINT('',(2.286,0.9398,-1.2446));
#19383=VECTOR('',#22363,1.8796);
#19384=CARTESIAN_POINT('',(0.254,0.9398,-1.2446));
#19385=VECTOR('',#22364,1.8796);
#19386=CARTESIAN_POINT('',(-0.254,0.9398,-1.2446));
#19387=VECTOR('',#22365,1.8796);
#19388=CARTESIAN_POINT('',(-2.286,0.9398,-1.2446));
#19389=VECTOR('',#22366,1.8796);
#19390=CARTESIAN_POINT('',(-2.794,0.9398,-1.2446));
#19391=VECTOR('',#22367,1.8796);
#19392=CARTESIAN_POINT('',(-4.826,0.9398,-1.2446));
#19393=VECTOR('',#22368,1.8796);
#19394=CARTESIAN_POINT('',(-5.334,0.9398,-1.2446));
#19395=VECTOR('',#22369,1.8796);
#19396=CARTESIAN_POINT('',(-7.366,0.9398,-1.2446));
#19397=VECTOR('',#22370,1.8796);
#19398=CARTESIAN_POINT('',(-7.874,0.9398,-1.2446));
#19399=VECTOR('',#22371,1.8796);
#19400=CARTESIAN_POINT('',(-9.906,0.9398,-1.2446));
#19401=VECTOR('',#22372,1.8796);
#19402=CARTESIAN_POINT('',(-10.414,0.9398,-1.2446));
#19403=VECTOR('',#22373,1.8796);
#19404=CARTESIAN_POINT('',(-12.446,0.9398,-1.2446));
#19405=VECTOR('',#22374,1.8796);
#19406=CARTESIAN_POINT('',(-17.4625,0.9398,-1.2446));
#19407=VECTOR('',#22375,1.8796);
#19408=CARTESIAN_POINT('',(-15.494,0.9398,-1.2446));
#19409=VECTOR('',#22376,1.8796);
#19410=CARTESIAN_POINT('',(-12.954,0.9398,-1.2446));
#19411=VECTOR('',#22377,1.8796);
#19412=CARTESIAN_POINT('',(-14.986,0.9398,-1.2446));
#19413=VECTOR('',#22378,1.8796);
#19414=CARTESIAN_POINT('',(15.24,0.9398,-0.9906));
#19415=VECTOR('',#22379,1.8796);
#19416=CARTESIAN_POINT('',(12.7,0.9398,-0.9906));
#19417=VECTOR('',#22380,1.8796);
#19418=CARTESIAN_POINT('',(10.16,0.9398,-0.9906));
#19419=VECTOR('',#22381,1.8796);
#19420=CARTESIAN_POINT('',(7.62,0.9398,-0.9906));
#19421=VECTOR('',#22382,1.8796);
#19422=CARTESIAN_POINT('',(5.08,0.9398,-0.9906));
#19423=VECTOR('',#22383,1.8796);
#19424=CARTESIAN_POINT('',(2.54,0.9398,-0.9906));
#19425=VECTOR('',#22384,1.8796);
#19426=CARTESIAN_POINT('',(0.0,0.9398,-0.9906));
#19427=VECTOR('',#22385,1.8796);
#19428=CARTESIAN_POINT('',(-2.54,0.9398,-0.9906));
#19429=VECTOR('',#22386,1.8796);
#19430=CARTESIAN_POINT('',(-5.08,0.9398,-0.9906));
#19431=VECTOR('',#22387,1.8796);
#19432=CARTESIAN_POINT('',(-7.62,0.9398,-0.9906));
#19433=VECTOR('',#22388,1.8796);
#19434=CARTESIAN_POINT('',(-10.16,0.9398,-0.9906));
#19435=VECTOR('',#22389,1.8796);
#19436=CARTESIAN_POINT('',(-12.7,0.9398,-0.9906));
#19437=VECTOR('',#22390,1.8796);
#19438=CARTESIAN_POINT('',(-15.24,0.9398,-0.9906));
#19439=VECTOR('',#22391,1.8796);
#19440=CARTESIAN_POINT('',(-17.78,0.9398,-1.0033));
#19441=VECTOR('',#22392,1.8796);
#19442=CARTESIAN_POINT('',(-17.78,0.9398,-0.9144));
#19443=VECTOR('',#22393,1.8796);
#19444=CARTESIAN_POINT('',(16.1798,8.255,-0.3302));
#19445=CARTESIAN_POINT('',(16.1798,0.9398,-0.3302));
#19446=VECTOR('',#22394,7.3152);
#19447=CARTESIAN_POINT('',(16.1798,8.255,0.3302));
#19448=CARTESIAN_POINT('',(16.1798,8.255,0.3302));
#19449=VECTOR('',#22395,7.3152);
#19450=CARTESIAN_POINT('',(16.1798,8.255,0.3302));
#19451=VECTOR('',#22396,0.6604);
#19452=CARTESIAN_POINT('',(16.1798,-3.175,0.3302));
#19453=CARTESIAN_POINT('',(16.1798,-0.9398,0.3302));
#19454=VECTOR('',#22397,2.2352);
#19455=CARTESIAN_POINT('',(16.1798,-3.175,-0.3302));
#19456=CARTESIAN_POINT('',(16.1798,-3.175,-0.3302));
#19457=VECTOR('',#22398,2.2352);
#19458=CARTESIAN_POINT('',(16.1798,-3.175,-0.3302));
#19459=VECTOR('',#22399,0.6604);
#19460=CARTESIAN_POINT('',(16.3703,9.271,-0.1397));
#19461=CARTESIAN_POINT('',(16.1798,8.255,-0.3302));
#19462=VECTOR('',#22400,1.05111203018525);
#19463=CARTESIAN_POINT('',(16.3703,9.271,0.1397));
#19464=CARTESIAN_POINT('',(16.3703,9.271,0.1397));
#19465=VECTOR('',#22401,1.05111203018525);
#19466=CARTESIAN_POINT('',(16.3703,9.271,0.1397));
#19467=VECTOR('',#22402,0.2794);
#19468=CARTESIAN_POINT('',(16.6497,9.271,0.1397));
#19469=CARTESIAN_POINT('',(16.6497,9.271,0.1397));
#19470=VECTOR('',#22403,0.2794);
#19471=CARTESIAN_POINT('',(16.6497,9.271,-0.1397));
#19472=CARTESIAN_POINT('',(16.6497,9.271,-0.1397));
#19473=VECTOR('',#22404,0.2794);
#19474=CARTESIAN_POINT('',(16.6497,9.271,-0.1397));
#19475=VECTOR('',#22405,0.2794);
#19476=CARTESIAN_POINT('',(16.8402,8.255,-0.3302));
#19477=CARTESIAN_POINT('',(16.6497,9.271,-0.1397));
#19478=VECTOR('',#22406,1.05111203018525);
#19479=CARTESIAN_POINT('',(16.8402,8.255,-0.3302));
#19480=VECTOR('',#22407,0.6604);
#19481=CARTESIAN_POINT('',(16.8402,0.9398,-0.3302));
#19482=VECTOR('',#22408,7.3152);
#19483=CARTESIAN_POINT('',(16.8402,-3.175,-0.3302));
#19484=CARTESIAN_POINT('',(16.8402,-3.175,-0.3302));
#19485=VECTOR('',#22409,2.2352);
#19486=CARTESIAN_POINT('',(16.8402,-3.175,-0.3302));
#19487=VECTOR('',#22410,0.6604);
#19488=CARTESIAN_POINT('',(16.8402,8.255,0.3302));
#19489=CARTESIAN_POINT('',(16.8402,8.255,0.3302));
#19490=VECTOR('',#22411,7.3152);
#19491=CARTESIAN_POINT('',(16.8402,8.255,-0.3302));
#19492=VECTOR('',#22412,0.6604);
#19493=CARTESIAN_POINT('',(16.8402,-3.175,0.3302));
#19494=CARTESIAN_POINT('',(16.8402,-0.9398,0.3302));
#19495=VECTOR('',#22413,2.2352);
#19496=CARTESIAN_POINT('',(16.8402,-3.175,0.3302));
#19497=VECTOR('',#22414,0.6604);
#19498=CARTESIAN_POINT('',(16.8402,8.255,0.3302));
#19499=VECTOR('',#22415,1.05111203018525);
#19500=CARTESIAN_POINT('',(16.8402,8.255,0.3302));
#19501=VECTOR('',#22416,0.6604);
#19502=CARTESIAN_POINT('',(16.8402,-3.175,0.3302));
#19503=VECTOR('',#22417,0.6604);
#19504=CARTESIAN_POINT('',(16.3703,-4.191,0.1397));
#19505=CARTESIAN_POINT('',(16.3703,-4.191,0.1397));
#19506=VECTOR('',#22418,1.05111203018525);
#19507=CARTESIAN_POINT('',(16.6497,-4.191,0.1397));
#19508=CARTESIAN_POINT('',(16.6497,-4.191,0.1397));
#19509=VECTOR('',#22419,0.2794);
#19510=CARTESIAN_POINT('',(16.6497,-4.191,0.1397));
#19511=VECTOR('',#22420,1.05111203018525);
#19512=CARTESIAN_POINT('',(16.6497,-4.191,-0.1397));
#19513=CARTESIAN_POINT('',(16.6497,-4.191,-0.1397));
#19514=VECTOR('',#22421,1.05111203018525);
#19515=CARTESIAN_POINT('',(16.6497,-4.191,0.1397));
#19516=VECTOR('',#22422,0.2794);
#19517=CARTESIAN_POINT('',(16.3703,-4.191,-0.1397));
#19518=CARTESIAN_POINT('',(16.3703,-4.191,-0.1397));
#19519=VECTOR('',#22423,0.2794);
#19520=CARTESIAN_POINT('',(16.6497,-4.191,-0.1397));
#19521=VECTOR('',#22424,0.2794);
#19522=CARTESIAN_POINT('',(16.3703,-4.191,-0.1397));
#19523=VECTOR('',#22425,1.05111203018525);
#19524=CARTESIAN_POINT('',(13.6398,8.255,-0.3302));
#19525=CARTESIAN_POINT('',(13.6398,0.9398,-0.3302));
#19526=VECTOR('',#22426,7.3152);
#19527=CARTESIAN_POINT('',(13.6398,8.255,0.3302));
#19528=CARTESIAN_POINT('',(13.6398,8.255,0.3302));
#19529=VECTOR('',#22427,7.3152);
#19530=CARTESIAN_POINT('',(13.6398,8.255,0.3302));
#19531=VECTOR('',#22428,0.6604);
#19532=CARTESIAN_POINT('',(13.6398,-3.175,0.3302));
#19533=CARTESIAN_POINT('',(13.6398,-0.9398,0.3302));
#19534=VECTOR('',#22429,2.2352);
#19535=CARTESIAN_POINT('',(13.6398,-3.175,-0.3302));
#19536=CARTESIAN_POINT('',(13.6398,-3.175,-0.3302));
#19537=VECTOR('',#22430,2.2352);
#19538=CARTESIAN_POINT('',(13.6398,-3.175,-0.3302));
#19539=VECTOR('',#22431,0.6604);
#19540=CARTESIAN_POINT('',(13.8303,9.271,-0.1397));
#19541=CARTESIAN_POINT('',(13.6398,8.255,-0.3302));
#19542=VECTOR('',#22432,1.05111203018525);
#19543=CARTESIAN_POINT('',(13.8303,9.271,0.1397));
#19544=CARTESIAN_POINT('',(13.8303,9.271,0.1397));
#19545=VECTOR('',#22433,1.05111203018525);
#19546=CARTESIAN_POINT('',(13.8303,9.271,0.1397));
#19547=VECTOR('',#22434,0.2794);
#19548=CARTESIAN_POINT('',(14.1097,9.271,0.1397));
#19549=CARTESIAN_POINT('',(14.1097,9.271,0.1397));
#19550=VECTOR('',#22435,0.2794);
#19551=CARTESIAN_POINT('',(14.1097,9.271,-0.1397));
#19552=CARTESIAN_POINT('',(14.1097,9.271,-0.1397));
#19553=VECTOR('',#22436,0.2794);
#19554=CARTESIAN_POINT('',(14.1097,9.271,-0.1397));
#19555=VECTOR('',#22437,0.2794);
#19556=CARTESIAN_POINT('',(14.3002,8.255,-0.3302));
#19557=CARTESIAN_POINT('',(14.1097,9.271,-0.1397));
#19558=VECTOR('',#22438,1.05111203018525);
#19559=CARTESIAN_POINT('',(14.3002,8.255,-0.3302));
#19560=VECTOR('',#22439,0.6604);
#19561=CARTESIAN_POINT('',(14.3002,0.9398,-0.3302));
#19562=VECTOR('',#22440,7.3152);
#19563=CARTESIAN_POINT('',(14.3002,-3.175,-0.3302));
#19564=CARTESIAN_POINT('',(14.3002,-3.175,-0.3302));
#19565=VECTOR('',#22441,2.2352);
#19566=CARTESIAN_POINT('',(14.3002,-3.175,-0.3302));
#19567=VECTOR('',#22442,0.6604);
#19568=CARTESIAN_POINT('',(14.3002,8.255,0.3302));
#19569=CARTESIAN_POINT('',(14.3002,8.255,0.3302));
#19570=VECTOR('',#22443,7.3152);
#19571=CARTESIAN_POINT('',(14.3002,8.255,-0.3302));
#19572=VECTOR('',#22444,0.6604);
#19573=CARTESIAN_POINT('',(14.3002,-3.175,0.3302));
#19574=CARTESIAN_POINT('',(14.3002,-0.9398,0.3302));
#19575=VECTOR('',#22445,2.2352);
#19576=CARTESIAN_POINT('',(14.3002,-3.175,0.3302));
#19577=VECTOR('',#22446,0.6604);
#19578=CARTESIAN_POINT('',(14.3002,8.255,0.3302));
#19579=VECTOR('',#22447,1.05111203018525);
#19580=CARTESIAN_POINT('',(14.3002,8.255,0.3302));
#19581=VECTOR('',#22448,0.6604);
#19582=CARTESIAN_POINT('',(14.3002,-3.175,0.3302));
#19583=VECTOR('',#22449,0.6604);
#19584=CARTESIAN_POINT('',(13.8303,-4.191,0.1397));
#19585=CARTESIAN_POINT('',(13.8303,-4.191,0.1397));
#19586=VECTOR('',#22450,1.05111203018525);
#19587=CARTESIAN_POINT('',(14.1097,-4.191,0.1397));
#19588=CARTESIAN_POINT('',(14.1097,-4.191,0.1397));
#19589=VECTOR('',#22451,0.2794);
#19590=CARTESIAN_POINT('',(14.1097,-4.191,0.1397));
#19591=VECTOR('',#22452,1.05111203018525);
#19592=CARTESIAN_POINT('',(14.1097,-4.191,-0.1397));
#19593=CARTESIAN_POINT('',(14.3002,-3.175,-0.3302));
#19594=VECTOR('',#22453,1.05111203018525);
#19595=CARTESIAN_POINT('',(14.1097,-4.191,0.1397));
#19596=VECTOR('',#22454,0.2794);
#19597=CARTESIAN_POINT('',(13.8303,-4.191,-0.1397));
#19598=CARTESIAN_POINT('',(13.8303,-4.191,-0.1397));
#19599=VECTOR('',#22455,0.2794);
#19600=CARTESIAN_POINT('',(14.1097,-4.191,-0.1397));
#19601=VECTOR('',#22456,0.2794);
#19602=CARTESIAN_POINT('',(13.8303,-4.191,-0.1397));
#19603=VECTOR('',#22457,1.05111203018525);
#19604=CARTESIAN_POINT('',(11.0998,8.255,-0.3302));
#19605=CARTESIAN_POINT('',(11.0998,0.9398,-0.3302));
#19606=VECTOR('',#22458,7.3152);
#19607=CARTESIAN_POINT('',(11.0998,8.255,0.3302));
#19608=CARTESIAN_POINT('',(11.0998,8.255,0.3302));
#19609=VECTOR('',#22459,7.3152);
#19610=CARTESIAN_POINT('',(11.0998,8.255,0.3302));
#19611=VECTOR('',#22460,0.6604);
#19612=CARTESIAN_POINT('',(11.0998,-3.175,0.3302));
#19613=CARTESIAN_POINT('',(11.0998,-0.9398,0.3302));
#19614=VECTOR('',#22461,2.2352);
#19615=CARTESIAN_POINT('',(11.0998,-3.175,-0.3302));
#19616=CARTESIAN_POINT('',(11.0998,-3.175,-0.3302));
#19617=VECTOR('',#22462,2.2352);
#19618=CARTESIAN_POINT('',(11.0998,-3.175,-0.3302));
#19619=VECTOR('',#22463,0.6604);
#19620=CARTESIAN_POINT('',(11.2903,9.271,-0.1397));
#19621=CARTESIAN_POINT('',(11.0998,8.255,-0.3302));
#19622=VECTOR('',#22464,1.05111203018525);
#19623=CARTESIAN_POINT('',(11.2903,9.271,0.1397));
#19624=CARTESIAN_POINT('',(11.2903,9.271,0.1397));
#19625=VECTOR('',#22465,1.05111203018525);
#19626=CARTESIAN_POINT('',(11.2903,9.271,0.1397));
#19627=VECTOR('',#22466,0.2794);
#19628=CARTESIAN_POINT('',(11.5697,9.271,0.1397));
#19629=CARTESIAN_POINT('',(11.5697,9.271,0.1397));
#19630=VECTOR('',#22467,0.2794);
#19631=CARTESIAN_POINT('',(11.5697,9.271,-0.1397));
#19632=CARTESIAN_POINT('',(11.5697,9.271,-0.1397));
#19633=VECTOR('',#22468,0.2794);
#19634=CARTESIAN_POINT('',(11.5697,9.271,-0.1397));
#19635=VECTOR('',#22469,0.2794);
#19636=CARTESIAN_POINT('',(11.7602,8.255,-0.3302));
#19637=CARTESIAN_POINT('',(11.5697,9.271,-0.1397));
#19638=VECTOR('',#22470,1.05111203018525);
#19639=CARTESIAN_POINT('',(11.7602,8.255,-0.3302));
#19640=VECTOR('',#22471,0.6604);
#19641=CARTESIAN_POINT('',(11.7602,0.9398,-0.3302));
#19642=VECTOR('',#22472,7.3152);
#19643=CARTESIAN_POINT('',(11.7602,-3.175,-0.3302));
#19644=CARTESIAN_POINT('',(11.7602,-3.175,-0.3302));
#19645=VECTOR('',#22473,2.2352);
#19646=CARTESIAN_POINT('',(11.7602,-3.175,-0.3302));
#19647=VECTOR('',#22474,0.6604);
#19648=CARTESIAN_POINT('',(11.7602,8.255,0.3302));
#19649=CARTESIAN_POINT('',(11.7602,8.255,0.3302));
#19650=VECTOR('',#22475,7.3152);
#19651=CARTESIAN_POINT('',(11.7602,8.255,-0.3302));
#19652=VECTOR('',#22476,0.6604);
#19653=CARTESIAN_POINT('',(11.7602,-3.175,0.3302));
#19654=CARTESIAN_POINT('',(11.7602,-0.9398,0.3302));
#19655=VECTOR('',#22477,2.2352);
#19656=CARTESIAN_POINT('',(11.7602,-3.175,0.3302));
#19657=VECTOR('',#22478,0.6604);
#19658=CARTESIAN_POINT('',(11.7602,8.255,0.3302));
#19659=VECTOR('',#22479,1.05111203018525);
#19660=CARTESIAN_POINT('',(11.7602,8.255,0.3302));
#19661=VECTOR('',#22480,0.6604);
#19662=CARTESIAN_POINT('',(11.7602,-3.175,0.3302));
#19663=VECTOR('',#22481,0.6604);
#19664=CARTESIAN_POINT('',(11.2903,-4.191,0.1397));
#19665=CARTESIAN_POINT('',(11.2903,-4.191,0.1397));
#19666=VECTOR('',#22482,1.05111203018525);
#19667=CARTESIAN_POINT('',(11.5697,-4.191,0.1397));
#19668=CARTESIAN_POINT('',(11.5697,-4.191,0.1397));
#19669=VECTOR('',#22483,0.2794);
#19670=CARTESIAN_POINT('',(11.5697,-4.191,0.1397));
#19671=VECTOR('',#22484,1.05111203018525);
#19672=CARTESIAN_POINT('',(11.5697,-4.191,-0.1397));
#19673=CARTESIAN_POINT('',(11.7602,-3.175,-0.3302));
#19674=VECTOR('',#22485,1.05111203018525);
#19675=CARTESIAN_POINT('',(11.5697,-4.191,0.1397));
#19676=VECTOR('',#22486,0.2794);
#19677=CARTESIAN_POINT('',(11.2903,-4.191,-0.1397));
#19678=CARTESIAN_POINT('',(11.2903,-4.191,-0.1397));
#19679=VECTOR('',#22487,0.2794);
#19680=CARTESIAN_POINT('',(11.5697,-4.191,-0.1397));
#19681=VECTOR('',#22488,0.2794);
#19682=CARTESIAN_POINT('',(11.2903,-4.191,-0.1397));
#19683=VECTOR('',#22489,1.05111203018525);
#19684=CARTESIAN_POINT('',(8.5598,8.255,-0.3302));
#19685=CARTESIAN_POINT('',(8.5598,0.9398,-0.3302));
#19686=VECTOR('',#22490,7.3152);
#19687=CARTESIAN_POINT('',(8.5598,8.255,0.3302));
#19688=CARTESIAN_POINT('',(8.5598,8.255,0.3302));
#19689=VECTOR('',#22491,7.3152);
#19690=CARTESIAN_POINT('',(8.5598,8.255,0.3302));
#19691=VECTOR('',#22492,0.6604);
#19692=CARTESIAN_POINT('',(8.5598,-3.175,0.3302));
#19693=CARTESIAN_POINT('',(8.5598,-0.9398,0.3302));
#19694=VECTOR('',#22493,2.2352);
#19695=CARTESIAN_POINT('',(8.5598,-3.175,-0.3302));
#19696=CARTESIAN_POINT('',(8.5598,-3.175,-0.3302));
#19697=VECTOR('',#22494,2.2352);
#19698=CARTESIAN_POINT('',(8.5598,-3.175,-0.3302));
#19699=VECTOR('',#22495,0.6604);
#19700=CARTESIAN_POINT('',(8.7503,9.271,-0.1397));
#19701=CARTESIAN_POINT('',(8.5598,8.255,-0.3302));
#19702=VECTOR('',#22496,1.05111203018525);
#19703=CARTESIAN_POINT('',(8.7503,9.271,0.1397));
#19704=CARTESIAN_POINT('',(8.7503,9.271,0.1397));
#19705=VECTOR('',#22497,1.05111203018525);
#19706=CARTESIAN_POINT('',(8.7503,9.271,0.1397));
#19707=VECTOR('',#22498,0.2794);
#19708=CARTESIAN_POINT('',(9.0297,9.271,0.1397));
#19709=CARTESIAN_POINT('',(9.0297,9.271,0.1397));
#19710=VECTOR('',#22499,0.2794);
#19711=CARTESIAN_POINT('',(9.0297,9.271,-0.1397));
#19712=CARTESIAN_POINT('',(9.0297,9.271,-0.1397));
#19713=VECTOR('',#22500,0.2794);
#19714=CARTESIAN_POINT('',(9.0297,9.271,-0.1397));
#19715=VECTOR('',#22501,0.2794);
#19716=CARTESIAN_POINT('',(9.2202,8.255,-0.3302));
#19717=CARTESIAN_POINT('',(9.0297,9.271,-0.1397));
#19718=VECTOR('',#22502,1.05111203018525);
#19719=CARTESIAN_POINT('',(9.2202,8.255,-0.3302));
#19720=VECTOR('',#22503,0.6604);
#19721=CARTESIAN_POINT('',(9.2202,0.9398,-0.3302));
#19722=VECTOR('',#22504,7.3152);
#19723=CARTESIAN_POINT('',(9.2202,-3.175,-0.3302));
#19724=CARTESIAN_POINT('',(9.2202,-3.175,-0.3302));
#19725=VECTOR('',#22505,2.2352);
#19726=CARTESIAN_POINT('',(9.2202,-3.175,-0.3302));
#19727=VECTOR('',#22506,0.6604);
#19728=CARTESIAN_POINT('',(9.2202,8.255,0.3302));
#19729=CARTESIAN_POINT('',(9.2202,8.255,0.3302));
#19730=VECTOR('',#22507,7.3152);
#19731=CARTESIAN_POINT('',(9.2202,8.255,-0.3302));
#19732=VECTOR('',#22508,0.6604);
#19733=CARTESIAN_POINT('',(9.2202,-3.175,0.3302));
#19734=CARTESIAN_POINT('',(9.2202,-0.9398,0.3302));
#19735=VECTOR('',#22509,2.2352);
#19736=CARTESIAN_POINT('',(9.2202,-3.175,0.3302));
#19737=VECTOR('',#22510,0.6604);
#19738=CARTESIAN_POINT('',(9.2202,8.255,0.3302));
#19739=VECTOR('',#22511,1.05111203018525);
#19740=CARTESIAN_POINT('',(9.2202,8.255,0.3302));
#19741=VECTOR('',#22512,0.6604);
#19742=CARTESIAN_POINT('',(9.2202,-3.175,0.3302));
#19743=VECTOR('',#22513,0.6604);
#19744=CARTESIAN_POINT('',(8.7503,-4.191,0.1397));
#19745=CARTESIAN_POINT('',(8.7503,-4.191,0.1397));
#19746=VECTOR('',#22514,1.05111203018525);
#19747=CARTESIAN_POINT('',(9.0297,-4.191,0.1397));
#19748=CARTESIAN_POINT('',(9.0297,-4.191,0.1397));
#19749=VECTOR('',#22515,0.2794);
#19750=CARTESIAN_POINT('',(9.0297,-4.191,0.1397));
#19751=VECTOR('',#22516,1.05111203018525);
#19752=CARTESIAN_POINT('',(9.0297,-4.191,-0.1397));
#19753=CARTESIAN_POINT('',(9.2202,-3.175,-0.3302));
#19754=VECTOR('',#22517,1.05111203018525);
#19755=CARTESIAN_POINT('',(9.0297,-4.191,0.1397));
#19756=VECTOR('',#22518,0.2794);
#19757=CARTESIAN_POINT('',(8.7503,-4.191,-0.1397));
#19758=CARTESIAN_POINT('',(8.7503,-4.191,-0.1397));
#19759=VECTOR('',#22519,0.2794);
#19760=CARTESIAN_POINT('',(9.0297,-4.191,-0.1397));
#19761=VECTOR('',#22520,0.2794);
#19762=CARTESIAN_POINT('',(8.7503,-4.191,-0.1397));
#19763=VECTOR('',#22521,1.05111203018525);
#19764=CARTESIAN_POINT('',(6.0198,8.255,-0.3302));
#19765=CARTESIAN_POINT('',(6.0198,0.9398,-0.3302));
#19766=VECTOR('',#22522,7.3152);
#19767=CARTESIAN_POINT('',(6.0198,8.255,0.3302));
#19768=CARTESIAN_POINT('',(6.0198,8.255,0.3302));
#19769=VECTOR('',#22523,7.3152);
#19770=CARTESIAN_POINT('',(6.0198,8.255,0.3302));
#19771=VECTOR('',#22524,0.6604);
#19772=CARTESIAN_POINT('',(6.0198,-3.175,0.3302));
#19773=CARTESIAN_POINT('',(6.0198,-0.9398,0.3302));
#19774=VECTOR('',#22525,2.2352);
#19775=CARTESIAN_POINT('',(6.0198,-3.175,-0.3302));
#19776=CARTESIAN_POINT('',(6.0198,-3.175,-0.3302));
#19777=VECTOR('',#22526,2.2352);
#19778=CARTESIAN_POINT('',(6.0198,-3.175,-0.3302));
#19779=VECTOR('',#22527,0.6604);
#19780=CARTESIAN_POINT('',(6.2103,9.271,-0.1397));
#19781=CARTESIAN_POINT('',(6.0198,8.255,-0.3302));
#19782=VECTOR('',#22528,1.05111203018525);
#19783=CARTESIAN_POINT('',(6.2103,9.271,0.1397));
#19784=CARTESIAN_POINT('',(6.2103,9.271,0.1397));
#19785=VECTOR('',#22529,1.05111203018525);
#19786=CARTESIAN_POINT('',(6.2103,9.271,0.1397));
#19787=VECTOR('',#22530,0.2794);
#19788=CARTESIAN_POINT('',(6.4897,9.271,0.1397));
#19789=CARTESIAN_POINT('',(6.4897,9.271,0.1397));
#19790=VECTOR('',#22531,0.2794);
#19791=CARTESIAN_POINT('',(6.4897,9.271,-0.1397));
#19792=CARTESIAN_POINT('',(6.4897,9.271,-0.1397));
#19793=VECTOR('',#22532,0.2794);
#19794=CARTESIAN_POINT('',(6.4897,9.271,-0.1397));
#19795=VECTOR('',#22533,0.2794);
#19796=CARTESIAN_POINT('',(6.6802,8.255,-0.3302));
#19797=CARTESIAN_POINT('',(6.4897,9.271,-0.1397));
#19798=VECTOR('',#22534,1.05111203018525);
#19799=CARTESIAN_POINT('',(6.6802,8.255,-0.3302));
#19800=VECTOR('',#22535,0.6604);
#19801=CARTESIAN_POINT('',(6.6802,0.9398,-0.3302));
#19802=VECTOR('',#22536,7.3152);
#19803=CARTESIAN_POINT('',(6.6802,-3.175,-0.3302));
#19804=CARTESIAN_POINT('',(6.6802,-3.175,-0.3302));
#19805=VECTOR('',#22537,2.2352);
#19806=CARTESIAN_POINT('',(6.6802,-3.175,-0.3302));
#19807=VECTOR('',#22538,0.6604);
#19808=CARTESIAN_POINT('',(6.6802,8.255,0.3302));
#19809=CARTESIAN_POINT('',(6.6802,8.255,0.3302));
#19810=VECTOR('',#22539,7.3152);
#19811=CARTESIAN_POINT('',(6.6802,8.255,-0.3302));
#19812=VECTOR('',#22540,0.6604);
#19813=CARTESIAN_POINT('',(6.6802,-3.175,0.3302));
#19814=CARTESIAN_POINT('',(6.6802,-0.9398,0.3302));
#19815=VECTOR('',#22541,2.2352);
#19816=CARTESIAN_POINT('',(6.6802,-3.175,0.3302));
#19817=VECTOR('',#22542,0.6604);
#19818=CARTESIAN_POINT('',(6.6802,8.255,0.3302));
#19819=VECTOR('',#22543,1.05111203018525);
#19820=CARTESIAN_POINT('',(6.6802,8.255,0.3302));
#19821=VECTOR('',#22544,0.6604);
#19822=CARTESIAN_POINT('',(6.6802,-3.175,0.3302));
#19823=VECTOR('',#22545,0.6604);
#19824=CARTESIAN_POINT('',(6.2103,-4.191,0.1397));
#19825=CARTESIAN_POINT('',(6.2103,-4.191,0.1397));
#19826=VECTOR('',#22546,1.05111203018525);
#19827=CARTESIAN_POINT('',(6.4897,-4.191,0.1397));
#19828=CARTESIAN_POINT('',(6.4897,-4.191,0.1397));
#19829=VECTOR('',#22547,0.2794);
#19830=CARTESIAN_POINT('',(6.4897,-4.191,0.1397));
#19831=VECTOR('',#22548,1.05111203018525);
#19832=CARTESIAN_POINT('',(6.4897,-4.191,-0.1397));
#19833=CARTESIAN_POINT('',(6.6802,-3.175,-0.3302));
#19834=VECTOR('',#22549,1.05111203018525);
#19835=CARTESIAN_POINT('',(6.4897,-4.191,0.1397));
#19836=VECTOR('',#22550,0.2794);
#19837=CARTESIAN_POINT('',(6.2103,-4.191,-0.1397));
#19838=CARTESIAN_POINT('',(6.2103,-4.191,-0.1397));
#19839=VECTOR('',#22551,0.2794);
#19840=CARTESIAN_POINT('',(6.4897,-4.191,-0.1397));
#19841=VECTOR('',#22552,0.2794);
#19842=CARTESIAN_POINT('',(6.2103,-4.191,-0.1397));
#19843=VECTOR('',#22553,1.05111203018525);
#19844=CARTESIAN_POINT('',(3.4798,8.255,-0.3302));
#19845=CARTESIAN_POINT('',(3.4798,0.9398,-0.3302));
#19846=VECTOR('',#22554,7.3152);
#19847=CARTESIAN_POINT('',(3.4798,8.255,0.3302));
#19848=CARTESIAN_POINT('',(3.4798,8.255,0.3302));
#19849=VECTOR('',#22555,7.3152);
#19850=CARTESIAN_POINT('',(3.4798,8.255,0.3302));
#19851=VECTOR('',#22556,0.6604);
#19852=CARTESIAN_POINT('',(3.4798,-3.175,0.3302));
#19853=CARTESIAN_POINT('',(3.4798,-0.9398,0.3302));
#19854=VECTOR('',#22557,2.2352);
#19855=CARTESIAN_POINT('',(3.4798,-3.175,-0.3302));
#19856=CARTESIAN_POINT('',(3.4798,-3.175,-0.3302));
#19857=VECTOR('',#22558,2.2352);
#19858=CARTESIAN_POINT('',(3.4798,-3.175,-0.3302));
#19859=VECTOR('',#22559,0.6604);
#19860=CARTESIAN_POINT('',(3.6703,9.271,-0.1397));
#19861=CARTESIAN_POINT('',(3.4798,8.255,-0.3302));
#19862=VECTOR('',#22560,1.05111203018525);
#19863=CARTESIAN_POINT('',(3.6703,9.271,0.1397));
#19864=CARTESIAN_POINT('',(3.6703,9.271,0.1397));
#19865=VECTOR('',#22561,1.05111203018525);
#19866=CARTESIAN_POINT('',(3.6703,9.271,0.1397));
#19867=VECTOR('',#22562,0.2794);
#19868=CARTESIAN_POINT('',(3.9497,9.271,0.1397));
#19869=CARTESIAN_POINT('',(3.9497,9.271,0.1397));
#19870=VECTOR('',#22563,0.2794);
#19871=CARTESIAN_POINT('',(3.9497,9.271,-0.1397));
#19872=CARTESIAN_POINT('',(3.9497,9.271,-0.1397));
#19873=VECTOR('',#22564,0.2794);
#19874=CARTESIAN_POINT('',(3.9497,9.271,-0.1397));
#19875=VECTOR('',#22565,0.2794);
#19876=CARTESIAN_POINT('',(4.1402,8.255,-0.3302));
#19877=CARTESIAN_POINT('',(3.9497,9.271,-0.1397));
#19878=VECTOR('',#22566,1.05111203018525);
#19879=CARTESIAN_POINT('',(4.1402,8.255,-0.3302));
#19880=VECTOR('',#22567,0.6604);
#19881=CARTESIAN_POINT('',(4.1402,0.9398,-0.3302));
#19882=VECTOR('',#22568,7.3152);
#19883=CARTESIAN_POINT('',(4.1402,-3.175,-0.3302));
#19884=CARTESIAN_POINT('',(4.1402,-3.175,-0.3302));
#19885=VECTOR('',#22569,2.2352);
#19886=CARTESIAN_POINT('',(4.1402,-3.175,-0.3302));
#19887=VECTOR('',#22570,0.6604);
#19888=CARTESIAN_POINT('',(4.1402,8.255,0.3302));
#19889=CARTESIAN_POINT('',(4.1402,8.255,0.3302));
#19890=VECTOR('',#22571,7.3152);
#19891=CARTESIAN_POINT('',(4.1402,8.255,-0.3302));
#19892=VECTOR('',#22572,0.6604);
#19893=CARTESIAN_POINT('',(4.1402,-3.175,0.3302));
#19894=CARTESIAN_POINT('',(4.1402,-0.9398,0.3302));
#19895=VECTOR('',#22573,2.2352);
#19896=CARTESIAN_POINT('',(4.1402,-3.175,0.3302));
#19897=VECTOR('',#22574,0.6604);
#19898=CARTESIAN_POINT('',(4.1402,8.255,0.3302));
#19899=VECTOR('',#22575,1.05111203018525);
#19900=CARTESIAN_POINT('',(4.1402,8.255,0.3302));
#19901=VECTOR('',#22576,0.6604);
#19902=CARTESIAN_POINT('',(4.1402,-3.175,0.3302));
#19903=VECTOR('',#22577,0.6604);
#19904=CARTESIAN_POINT('',(3.6703,-4.191,0.1397));
#19905=CARTESIAN_POINT('',(3.6703,-4.191,0.1397));
#19906=VECTOR('',#22578,1.05111203018525);
#19907=CARTESIAN_POINT('',(3.9497,-4.191,0.1397));
#19908=CARTESIAN_POINT('',(3.9497,-4.191,0.1397));
#19909=VECTOR('',#22579,0.2794);
#19910=CARTESIAN_POINT('',(3.9497,-4.191,0.1397));
#19911=VECTOR('',#22580,1.05111203018525);
#19912=CARTESIAN_POINT('',(3.9497,-4.191,-0.1397));
#19913=CARTESIAN_POINT('',(4.1402,-3.175,-0.3302));
#19914=VECTOR('',#22581,1.05111203018525);
#19915=CARTESIAN_POINT('',(3.9497,-4.191,0.1397));
#19916=VECTOR('',#22582,0.2794);
#19917=CARTESIAN_POINT('',(3.6703,-4.191,-0.1397));
#19918=CARTESIAN_POINT('',(3.6703,-4.191,-0.1397));
#19919=VECTOR('',#22583,0.2794);
#19920=CARTESIAN_POINT('',(3.9497,-4.191,-0.1397));
#19921=VECTOR('',#22584,0.2794);
#19922=CARTESIAN_POINT('',(3.6703,-4.191,-0.1397));
#19923=VECTOR('',#22585,1.05111203018525);
#19924=CARTESIAN_POINT('',(0.9398,8.255,-0.3302));
#19925=CARTESIAN_POINT('',(0.9398,0.9398,-0.3302));
#19926=VECTOR('',#22586,7.3152);
#19927=CARTESIAN_POINT('',(0.9398,8.255,0.3302));
#19928=CARTESIAN_POINT('',(0.9398,8.255,0.3302));
#19929=VECTOR('',#22587,7.3152);
#19930=CARTESIAN_POINT('',(0.9398,8.255,0.3302));
#19931=VECTOR('',#22588,0.6604);
#19932=CARTESIAN_POINT('',(0.9398,-3.175,0.3302));
#19933=CARTESIAN_POINT('',(0.9398,-0.9398,0.3302));
#19934=VECTOR('',#22589,2.2352);
#19935=CARTESIAN_POINT('',(0.9398,-3.175,-0.3302));
#19936=CARTESIAN_POINT('',(0.9398,-3.175,-0.3302));
#19937=VECTOR('',#22590,2.2352);
#19938=CARTESIAN_POINT('',(0.9398,-3.175,-0.3302));
#19939=VECTOR('',#22591,0.6604);
#19940=CARTESIAN_POINT('',(1.1303,9.271,-0.1397));
#19941=CARTESIAN_POINT('',(0.9398,8.255,-0.3302));
#19942=VECTOR('',#22592,1.05111203018525);
#19943=CARTESIAN_POINT('',(1.1303,9.271,0.1397));
#19944=CARTESIAN_POINT('',(1.1303,9.271,0.1397));
#19945=VECTOR('',#22593,1.05111203018525);
#19946=CARTESIAN_POINT('',(1.1303,9.271,0.1397));
#19947=VECTOR('',#22594,0.2794);
#19948=CARTESIAN_POINT('',(1.4097,9.271,0.1397));
#19949=CARTESIAN_POINT('',(1.4097,9.271,0.1397));
#19950=VECTOR('',#22595,0.2794);
#19951=CARTESIAN_POINT('',(1.4097,9.271,-0.1397));
#19952=CARTESIAN_POINT('',(1.4097,9.271,-0.1397));
#19953=VECTOR('',#22596,0.2794);
#19954=CARTESIAN_POINT('',(1.4097,9.271,-0.1397));
#19955=VECTOR('',#22597,0.2794);
#19956=CARTESIAN_POINT('',(1.6002,8.255,-0.3302));
#19957=CARTESIAN_POINT('',(1.4097,9.271,-0.1397));
#19958=VECTOR('',#22598,1.05111203018525);
#19959=CARTESIAN_POINT('',(1.6002,8.255,-0.3302));
#19960=VECTOR('',#22599,0.6604);
#19961=CARTESIAN_POINT('',(1.6002,0.9398,-0.3302));
#19962=VECTOR('',#22600,7.3152);
#19963=CARTESIAN_POINT('',(1.6002,-3.175,-0.3302));
#19964=CARTESIAN_POINT('',(1.6002,-3.175,-0.3302));
#19965=VECTOR('',#22601,2.2352);
#19966=CARTESIAN_POINT('',(1.6002,-3.175,-0.3302));
#19967=VECTOR('',#22602,0.6604);
#19968=CARTESIAN_POINT('',(1.6002,8.255,0.3302));
#19969=CARTESIAN_POINT('',(1.6002,8.255,0.3302));
#19970=VECTOR('',#22603,7.3152);
#19971=CARTESIAN_POINT('',(1.6002,8.255,-0.3302));
#19972=VECTOR('',#22604,0.6604);
#19973=CARTESIAN_POINT('',(1.6002,-3.175,0.3302));
#19974=CARTESIAN_POINT('',(1.6002,-0.9398,0.3302));
#19975=VECTOR('',#22605,2.2352);
#19976=CARTESIAN_POINT('',(1.6002,-3.175,0.3302));
#19977=VECTOR('',#22606,0.6604);
#19978=CARTESIAN_POINT('',(1.6002,8.255,0.3302));
#19979=VECTOR('',#22607,1.05111203018525);
#19980=CARTESIAN_POINT('',(1.6002,8.255,0.3302));
#19981=VECTOR('',#22608,0.6604);
#19982=CARTESIAN_POINT('',(1.6002,-3.175,0.3302));
#19983=VECTOR('',#22609,0.6604);
#19984=CARTESIAN_POINT('',(1.1303,-4.191,0.1397));
#19985=CARTESIAN_POINT('',(1.1303,-4.191,0.1397));
#19986=VECTOR('',#22610,1.05111203018525);
#19987=CARTESIAN_POINT('',(1.4097,-4.191,0.1397));
#19988=CARTESIAN_POINT('',(1.4097,-4.191,0.1397));
#19989=VECTOR('',#22611,0.2794);
#19990=CARTESIAN_POINT('',(1.4097,-4.191,0.1397));
#19991=VECTOR('',#22612,1.05111203018525);
#19992=CARTESIAN_POINT('',(1.4097,-4.191,-0.1397));
#19993=CARTESIAN_POINT('',(1.6002,-3.175,-0.3302));
#19994=VECTOR('',#22613,1.05111203018525);
#19995=CARTESIAN_POINT('',(1.4097,-4.191,0.1397));
#19996=VECTOR('',#22614,0.2794);
#19997=CARTESIAN_POINT('',(1.1303,-4.191,-0.1397));
#19998=CARTESIAN_POINT('',(1.1303,-4.191,-0.1397));
#19999=VECTOR('',#22615,0.2794);
#20000=CARTESIAN_POINT('',(1.4097,-4.191,-0.1397));
#20001=VECTOR('',#22616,0.2794);
#20002=CARTESIAN_POINT('',(1.1303,-4.191,-0.1397));
#20003=VECTOR('',#22617,1.05111203018525);
#20004=CARTESIAN_POINT('',(-1.6002,8.255,-0.3302));
#20005=CARTESIAN_POINT('',(-1.6002,0.9398,-0.3302));
#20006=VECTOR('',#22618,7.3152);
#20007=CARTESIAN_POINT('',(-1.6002,8.255,0.3302));
#20008=CARTESIAN_POINT('',(-1.6002,8.255,0.3302));
#20009=VECTOR('',#22619,7.3152);
#20010=CARTESIAN_POINT('',(-1.6002,8.255,0.3302));
#20011=VECTOR('',#22620,0.6604);
#20012=CARTESIAN_POINT('',(-1.6002,-3.175,0.3302));
#20013=CARTESIAN_POINT('',(-1.6002,-0.9398,0.3302));
#20014=VECTOR('',#22621,2.2352);
#20015=CARTESIAN_POINT('',(-1.6002,-3.175,-0.3302));
#20016=CARTESIAN_POINT('',(-1.6002,-3.175,-0.3302));
#20017=VECTOR('',#22622,2.2352);
#20018=CARTESIAN_POINT('',(-1.6002,-3.175,-0.3302));
#20019=VECTOR('',#22623,0.6604);
#20020=CARTESIAN_POINT('',(-1.4097,9.271,-0.1397));
#20021=CARTESIAN_POINT('',(-1.6002,8.255,-0.3302));
#20022=VECTOR('',#22624,1.05111203018525);
#20023=CARTESIAN_POINT('',(-1.4097,9.271,0.1397));
#20024=CARTESIAN_POINT('',(-1.4097,9.271,0.1397));
#20025=VECTOR('',#22625,1.05111203018525);
#20026=CARTESIAN_POINT('',(-1.4097,9.271,0.1397));
#20027=VECTOR('',#22626,0.2794);
#20028=CARTESIAN_POINT('',(-1.1303,9.271,0.1397));
#20029=CARTESIAN_POINT('',(-1.1303,9.271,0.1397));
#20030=VECTOR('',#22627,0.2794);
#20031=CARTESIAN_POINT('',(-1.1303,9.271,-0.1397));
#20032=CARTESIAN_POINT('',(-1.1303,9.271,-0.1397));
#20033=VECTOR('',#22628,0.2794);
#20034=CARTESIAN_POINT('',(-1.1303,9.271,-0.1397));
#20035=VECTOR('',#22629,0.2794);
#20036=CARTESIAN_POINT('',(-0.9398,8.255,-0.3302));
#20037=CARTESIAN_POINT('',(-1.1303,9.271,-0.1397));
#20038=VECTOR('',#22630,1.05111203018525);
#20039=CARTESIAN_POINT('',(-0.9398,8.255,-0.3302));
#20040=VECTOR('',#22631,0.6604);
#20041=CARTESIAN_POINT('',(-0.9398,0.9398,-0.3302));
#20042=VECTOR('',#22632,7.3152);
#20043=CARTESIAN_POINT('',(-0.9398,-3.175,-0.3302));
#20044=CARTESIAN_POINT('',(-0.9398,-3.175,-0.3302));
#20045=VECTOR('',#22633,2.2352);
#20046=CARTESIAN_POINT('',(-0.9398,-3.175,-0.3302));
#20047=VECTOR('',#22634,0.6604);
#20048=CARTESIAN_POINT('',(-0.9398,8.255,0.3302));
#20049=CARTESIAN_POINT('',(-0.9398,8.255,0.3302));
#20050=VECTOR('',#22635,7.3152);
#20051=CARTESIAN_POINT('',(-0.9398,8.255,-0.3302));
#20052=VECTOR('',#22636,0.6604);
#20053=CARTESIAN_POINT('',(-0.9398,-3.175,0.3302));
#20054=CARTESIAN_POINT('',(-0.9398,-0.9398,0.3302));
#20055=VECTOR('',#22637,2.2352);
#20056=CARTESIAN_POINT('',(-0.9398,-3.175,0.3302));
#20057=VECTOR('',#22638,0.6604);
#20058=CARTESIAN_POINT('',(-0.9398,8.255,0.3302));
#20059=VECTOR('',#22639,1.05111203018525);
#20060=CARTESIAN_POINT('',(-0.9398,8.255,0.3302));
#20061=VECTOR('',#22640,0.6604);
#20062=CARTESIAN_POINT('',(-0.9398,-3.175,0.3302));
#20063=VECTOR('',#22641,0.6604);
#20064=CARTESIAN_POINT('',(-1.4097,-4.191,0.1397));
#20065=CARTESIAN_POINT('',(-1.4097,-4.191,0.1397));
#20066=VECTOR('',#22642,1.05111203018525);
#20067=CARTESIAN_POINT('',(-1.1303,-4.191,0.1397));
#20068=CARTESIAN_POINT('',(-1.1303,-4.191,0.1397));
#20069=VECTOR('',#22643,0.2794);
#20070=CARTESIAN_POINT('',(-1.1303,-4.191,0.1397));
#20071=VECTOR('',#22644,1.05111203018525);
#20072=CARTESIAN_POINT('',(-1.1303,-4.191,-0.1397));
#20073=CARTESIAN_POINT('',(-0.9398,-3.175,-0.3302));
#20074=VECTOR('',#22645,1.05111203018525);
#20075=CARTESIAN_POINT('',(-1.1303,-4.191,0.1397));
#20076=VECTOR('',#22646,0.2794);
#20077=CARTESIAN_POINT('',(-1.4097,-4.191,-0.1397));
#20078=CARTESIAN_POINT('',(-1.4097,-4.191,-0.1397));
#20079=VECTOR('',#22647,0.2794);
#20080=CARTESIAN_POINT('',(-1.1303,-4.191,-0.1397));
#20081=VECTOR('',#22648,0.2794);
#20082=CARTESIAN_POINT('',(-1.4097,-4.191,-0.1397));
#20083=VECTOR('',#22649,1.05111203018525);
#20084=CARTESIAN_POINT('',(-4.1402,8.255,-0.3302));
#20085=CARTESIAN_POINT('',(-4.1402,0.9398,-0.3302));
#20086=VECTOR('',#22650,7.3152);
#20087=CARTESIAN_POINT('',(-4.1402,8.255,0.3302));
#20088=CARTESIAN_POINT('',(-4.1402,8.255,0.3302));
#20089=VECTOR('',#22651,7.3152);
#20090=CARTESIAN_POINT('',(-4.1402,8.255,0.3302));
#20091=VECTOR('',#22652,0.6604);
#20092=CARTESIAN_POINT('',(-4.1402,-3.175,0.3302));
#20093=CARTESIAN_POINT('',(-4.1402,-0.9398,0.3302));
#20094=VECTOR('',#22653,2.2352);
#20095=CARTESIAN_POINT('',(-4.1402,-3.175,-0.3302));
#20096=CARTESIAN_POINT('',(-4.1402,-3.175,-0.3302));
#20097=VECTOR('',#22654,2.2352);
#20098=CARTESIAN_POINT('',(-4.1402,-3.175,-0.3302));
#20099=VECTOR('',#22655,0.6604);
#20100=CARTESIAN_POINT('',(-3.9497,9.271,-0.1397));
#20101=CARTESIAN_POINT('',(-4.1402,8.255,-0.3302));
#20102=VECTOR('',#22656,1.05111203018525);
#20103=CARTESIAN_POINT('',(-3.9497,9.271,0.1397));
#20104=CARTESIAN_POINT('',(-3.9497,9.271,0.1397));
#20105=VECTOR('',#22657,1.05111203018525);
#20106=CARTESIAN_POINT('',(-3.9497,9.271,0.1397));
#20107=VECTOR('',#22658,0.2794);
#20108=CARTESIAN_POINT('',(-3.6703,9.271,0.1397));
#20109=CARTESIAN_POINT('',(-3.6703,9.271,0.1397));
#20110=VECTOR('',#22659,0.2794);
#20111=CARTESIAN_POINT('',(-3.6703,9.271,-0.1397));
#20112=CARTESIAN_POINT('',(-3.6703,9.271,-0.1397));
#20113=VECTOR('',#22660,0.2794);
#20114=CARTESIAN_POINT('',(-3.6703,9.271,-0.1397));
#20115=VECTOR('',#22661,0.2794);
#20116=CARTESIAN_POINT('',(-3.4798,8.255,-0.3302));
#20117=CARTESIAN_POINT('',(-3.6703,9.271,-0.1397));
#20118=VECTOR('',#22662,1.05111203018525);
#20119=CARTESIAN_POINT('',(-3.4798,8.255,-0.3302));
#20120=VECTOR('',#22663,0.6604);
#20121=CARTESIAN_POINT('',(-3.4798,0.9398,-0.3302));
#20122=VECTOR('',#22664,7.3152);
#20123=CARTESIAN_POINT('',(-3.4798,-3.175,-0.3302));
#20124=CARTESIAN_POINT('',(-3.4798,-3.175,-0.3302));
#20125=VECTOR('',#22665,2.2352);
#20126=CARTESIAN_POINT('',(-3.4798,-3.175,-0.3302));
#20127=VECTOR('',#22666,0.6604);
#20128=CARTESIAN_POINT('',(-3.4798,8.255,0.3302));
#20129=CARTESIAN_POINT('',(-3.4798,8.255,0.3302));
#20130=VECTOR('',#22667,7.3152);
#20131=CARTESIAN_POINT('',(-3.4798,8.255,-0.3302));
#20132=VECTOR('',#22668,0.6604);
#20133=CARTESIAN_POINT('',(-3.4798,-3.175,0.3302));
#20134=CARTESIAN_POINT('',(-3.4798,-0.9398,0.3302));
#20135=VECTOR('',#22669,2.2352);
#20136=CARTESIAN_POINT('',(-3.4798,-3.175,0.3302));
#20137=VECTOR('',#22670,0.6604);
#20138=CARTESIAN_POINT('',(-3.4798,8.255,0.3302));
#20139=VECTOR('',#22671,1.05111203018525);
#20140=CARTESIAN_POINT('',(-3.4798,8.255,0.3302));
#20141=VECTOR('',#22672,0.6604);
#20142=CARTESIAN_POINT('',(-3.4798,-3.175,0.3302));
#20143=VECTOR('',#22673,0.6604);
#20144=CARTESIAN_POINT('',(-3.9497,-4.191,0.1397));
#20145=CARTESIAN_POINT('',(-3.9497,-4.191,0.1397));
#20146=VECTOR('',#22674,1.05111203018525);
#20147=CARTESIAN_POINT('',(-3.6703,-4.191,0.1397));
#20148=CARTESIAN_POINT('',(-3.6703,-4.191,0.1397));
#20149=VECTOR('',#22675,0.2794);
#20150=CARTESIAN_POINT('',(-3.6703,-4.191,0.1397));
#20151=VECTOR('',#22676,1.05111203018525);
#20152=CARTESIAN_POINT('',(-3.6703,-4.191,-0.1397));
#20153=CARTESIAN_POINT('',(-3.4798,-3.175,-0.3302));
#20154=VECTOR('',#22677,1.05111203018525);
#20155=CARTESIAN_POINT('',(-3.6703,-4.191,0.1397));
#20156=VECTOR('',#22678,0.2794);
#20157=CARTESIAN_POINT('',(-3.9497,-4.191,-0.1397));
#20158=CARTESIAN_POINT('',(-3.9497,-4.191,-0.1397));
#20159=VECTOR('',#22679,0.2794);
#20160=CARTESIAN_POINT('',(-3.6703,-4.191,-0.1397));
#20161=VECTOR('',#22680,0.2794);
#20162=CARTESIAN_POINT('',(-3.9497,-4.191,-0.1397));
#20163=VECTOR('',#22681,1.05111203018525);
#20164=CARTESIAN_POINT('',(-6.6802,8.255,-0.3302));
#20165=CARTESIAN_POINT('',(-6.6802,0.9398,-0.3302));
#20166=VECTOR('',#22682,7.3152);
#20167=CARTESIAN_POINT('',(-6.6802,8.255,0.3302));
#20168=CARTESIAN_POINT('',(-6.6802,8.255,0.3302));
#20169=VECTOR('',#22683,7.3152);
#20170=CARTESIAN_POINT('',(-6.6802,8.255,0.3302));
#20171=VECTOR('',#22684,0.6604);
#20172=CARTESIAN_POINT('',(-6.6802,-3.175,0.3302));
#20173=CARTESIAN_POINT('',(-6.6802,-0.9398,0.3302));
#20174=VECTOR('',#22685,2.2352);
#20175=CARTESIAN_POINT('',(-6.6802,-3.175,-0.3302));
#20176=CARTESIAN_POINT('',(-6.6802,-3.175,-0.3302));
#20177=VECTOR('',#22686,2.2352);
#20178=CARTESIAN_POINT('',(-6.6802,-3.175,-0.3302));
#20179=VECTOR('',#22687,0.6604);
#20180=CARTESIAN_POINT('',(-6.4897,9.271,-0.1397));
#20181=CARTESIAN_POINT('',(-6.6802,8.255,-0.3302));
#20182=VECTOR('',#22688,1.05111203018525);
#20183=CARTESIAN_POINT('',(-6.4897,9.271,0.1397));
#20184=CARTESIAN_POINT('',(-6.4897,9.271,0.1397));
#20185=VECTOR('',#22689,1.05111203018525);
#20186=CARTESIAN_POINT('',(-6.4897,9.271,0.1397));
#20187=VECTOR('',#22690,0.2794);
#20188=CARTESIAN_POINT('',(-6.2103,9.271,0.1397));
#20189=CARTESIAN_POINT('',(-6.2103,9.271,0.1397));
#20190=VECTOR('',#22691,0.2794);
#20191=CARTESIAN_POINT('',(-6.2103,9.271,-0.1397));
#20192=CARTESIAN_POINT('',(-6.2103,9.271,-0.1397));
#20193=VECTOR('',#22692,0.2794);
#20194=CARTESIAN_POINT('',(-6.2103,9.271,-0.1397));
#20195=VECTOR('',#22693,0.2794);
#20196=CARTESIAN_POINT('',(-6.0198,8.255,-0.3302));
#20197=CARTESIAN_POINT('',(-6.2103,9.271,-0.1397));
#20198=VECTOR('',#22694,1.05111203018525);
#20199=CARTESIAN_POINT('',(-6.0198,8.255,-0.3302));
#20200=VECTOR('',#22695,0.6604);
#20201=CARTESIAN_POINT('',(-6.0198,0.9398,-0.3302));
#20202=VECTOR('',#22696,7.3152);
#20203=CARTESIAN_POINT('',(-6.0198,-3.175,-0.3302));
#20204=CARTESIAN_POINT('',(-6.0198,-3.175,-0.3302));
#20205=VECTOR('',#22697,2.2352);
#20206=CARTESIAN_POINT('',(-6.0198,-3.175,-0.3302));
#20207=VECTOR('',#22698,0.6604);
#20208=CARTESIAN_POINT('',(-6.0198,8.255,0.3302));
#20209=CARTESIAN_POINT('',(-6.0198,8.255,0.3302));
#20210=VECTOR('',#22699,7.3152);
#20211=CARTESIAN_POINT('',(-6.0198,8.255,-0.3302));
#20212=VECTOR('',#22700,0.6604);
#20213=CARTESIAN_POINT('',(-6.0198,-3.175,0.3302));
#20214=CARTESIAN_POINT('',(-6.0198,-0.9398,0.3302));
#20215=VECTOR('',#22701,2.2352);
#20216=CARTESIAN_POINT('',(-6.0198,-3.175,0.3302));
#20217=VECTOR('',#22702,0.6604);
#20218=CARTESIAN_POINT('',(-6.0198,8.255,0.3302));
#20219=VECTOR('',#22703,1.05111203018525);
#20220=CARTESIAN_POINT('',(-6.0198,8.255,0.3302));
#20221=VECTOR('',#22704,0.6604);
#20222=CARTESIAN_POINT('',(-6.0198,-3.175,0.3302));
#20223=VECTOR('',#22705,0.6604);
#20224=CARTESIAN_POINT('',(-6.4897,-4.191,0.1397));
#20225=CARTESIAN_POINT('',(-6.4897,-4.191,0.1397));
#20226=VECTOR('',#22706,1.05111203018525);
#20227=CARTESIAN_POINT('',(-6.2103,-4.191,0.1397));
#20228=CARTESIAN_POINT('',(-6.2103,-4.191,0.1397));
#20229=VECTOR('',#22707,0.2794);
#20230=CARTESIAN_POINT('',(-6.2103,-4.191,0.1397));
#20231=VECTOR('',#22708,1.05111203018525);
#20232=CARTESIAN_POINT('',(-6.2103,-4.191,-0.1397));
#20233=CARTESIAN_POINT('',(-6.0198,-3.175,-0.3302));
#20234=VECTOR('',#22709,1.05111203018525);
#20235=CARTESIAN_POINT('',(-6.2103,-4.191,0.1397));
#20236=VECTOR('',#22710,0.2794);
#20237=CARTESIAN_POINT('',(-6.4897,-4.191,-0.1397));
#20238=CARTESIAN_POINT('',(-6.4897,-4.191,-0.1397));
#20239=VECTOR('',#22711,0.2794);
#20240=CARTESIAN_POINT('',(-6.2103,-4.191,-0.1397));
#20241=VECTOR('',#22712,0.2794);
#20242=CARTESIAN_POINT('',(-6.4897,-4.191,-0.1397));
#20243=VECTOR('',#22713,1.05111203018525);
#20244=CARTESIAN_POINT('',(-9.2202,8.255,-0.3302));
#20245=CARTESIAN_POINT('',(-9.2202,0.9398,-0.3302));
#20246=VECTOR('',#22714,7.3152);
#20247=CARTESIAN_POINT('',(-9.2202,8.255,0.3302));
#20248=CARTESIAN_POINT('',(-9.2202,8.255,0.3302));
#20249=VECTOR('',#22715,7.3152);
#20250=CARTESIAN_POINT('',(-9.2202,8.255,0.3302));
#20251=VECTOR('',#22716,0.6604);
#20252=CARTESIAN_POINT('',(-9.2202,-3.175,0.3302));
#20253=CARTESIAN_POINT('',(-9.2202,-0.9398,0.3302));
#20254=VECTOR('',#22717,2.2352);
#20255=CARTESIAN_POINT('',(-9.2202,-3.175,-0.3302));
#20256=CARTESIAN_POINT('',(-9.2202,-3.175,-0.3302));
#20257=VECTOR('',#22718,2.2352);
#20258=CARTESIAN_POINT('',(-9.2202,-3.175,-0.3302));
#20259=VECTOR('',#22719,0.6604);
#20260=CARTESIAN_POINT('',(-9.0297,9.271,-0.1397));
#20261=CARTESIAN_POINT('',(-9.2202,8.255,-0.3302));
#20262=VECTOR('',#22720,1.05111203018525);
#20263=CARTESIAN_POINT('',(-9.0297,9.271,0.1397));
#20264=CARTESIAN_POINT('',(-9.0297,9.271,0.1397));
#20265=VECTOR('',#22721,1.05111203018525);
#20266=CARTESIAN_POINT('',(-9.0297,9.271,0.1397));
#20267=VECTOR('',#22722,0.2794);
#20268=CARTESIAN_POINT('',(-8.7503,9.271,0.1397));
#20269=CARTESIAN_POINT('',(-8.7503,9.271,0.1397));
#20270=VECTOR('',#22723,0.2794);
#20271=CARTESIAN_POINT('',(-8.7503,9.271,-0.1397));
#20272=CARTESIAN_POINT('',(-8.7503,9.271,-0.1397));
#20273=VECTOR('',#22724,0.2794);
#20274=CARTESIAN_POINT('',(-8.7503,9.271,-0.1397));
#20275=VECTOR('',#22725,0.2794);
#20276=CARTESIAN_POINT('',(-8.5598,8.255,-0.3302));
#20277=CARTESIAN_POINT('',(-8.7503,9.271,-0.1397));
#20278=VECTOR('',#22726,1.05111203018525);
#20279=CARTESIAN_POINT('',(-8.5598,8.255,-0.3302));
#20280=VECTOR('',#22727,0.6604);
#20281=CARTESIAN_POINT('',(-8.5598,0.9398,-0.3302));
#20282=VECTOR('',#22728,7.3152);
#20283=CARTESIAN_POINT('',(-8.5598,-3.175,-0.3302));
#20284=CARTESIAN_POINT('',(-8.5598,-3.175,-0.3302));
#20285=VECTOR('',#22729,2.2352);
#20286=CARTESIAN_POINT('',(-8.5598,-3.175,-0.3302));
#20287=VECTOR('',#22730,0.6604);
#20288=CARTESIAN_POINT('',(-8.5598,8.255,0.3302));
#20289=CARTESIAN_POINT('',(-8.5598,8.255,0.3302));
#20290=VECTOR('',#22731,7.3152);
#20291=CARTESIAN_POINT('',(-8.5598,8.255,-0.3302));
#20292=VECTOR('',#22732,0.6604);
#20293=CARTESIAN_POINT('',(-8.5598,-3.175,0.3302));
#20294=CARTESIAN_POINT('',(-8.5598,-0.9398,0.3302));
#20295=VECTOR('',#22733,2.2352);
#20296=CARTESIAN_POINT('',(-8.5598,-3.175,0.3302));
#20297=VECTOR('',#22734,0.6604);
#20298=CARTESIAN_POINT('',(-8.5598,8.255,0.3302));
#20299=VECTOR('',#22735,1.05111203018525);
#20300=CARTESIAN_POINT('',(-8.5598,8.255,0.3302));
#20301=VECTOR('',#22736,0.6604);
#20302=CARTESIAN_POINT('',(-8.5598,-3.175,0.3302));
#20303=VECTOR('',#22737,0.6604);
#20304=CARTESIAN_POINT('',(-9.0297,-4.191,0.1397));
#20305=CARTESIAN_POINT('',(-9.0297,-4.191,0.1397));
#20306=VECTOR('',#22738,1.05111203018525);
#20307=CARTESIAN_POINT('',(-8.7503,-4.191,0.1397));
#20308=CARTESIAN_POINT('',(-8.7503,-4.191,0.1397));
#20309=VECTOR('',#22739,0.2794);
#20310=CARTESIAN_POINT('',(-8.7503,-4.191,0.1397));
#20311=VECTOR('',#22740,1.05111203018525);
#20312=CARTESIAN_POINT('',(-8.7503,-4.191,-0.1397));
#20313=CARTESIAN_POINT('',(-8.5598,-3.175,-0.3302));
#20314=VECTOR('',#22741,1.05111203018525);
#20315=CARTESIAN_POINT('',(-8.7503,-4.191,0.1397));
#20316=VECTOR('',#22742,0.2794);
#20317=CARTESIAN_POINT('',(-9.0297,-4.191,-0.1397));
#20318=CARTESIAN_POINT('',(-9.0297,-4.191,-0.1397));
#20319=VECTOR('',#22743,0.2794);
#20320=CARTESIAN_POINT('',(-8.7503,-4.191,-0.1397));
#20321=VECTOR('',#22744,0.2794);
#20322=CARTESIAN_POINT('',(-9.0297,-4.191,-0.1397));
#20323=VECTOR('',#22745,1.05111203018525);
#20324=CARTESIAN_POINT('',(-11.7602,8.255,-0.3302));
#20325=CARTESIAN_POINT('',(-11.7602,0.9398,-0.3302));
#20326=VECTOR('',#22746,7.3152);
#20327=CARTESIAN_POINT('',(-11.7602,8.255,0.3302));
#20328=CARTESIAN_POINT('',(-11.7602,8.255,0.3302));
#20329=VECTOR('',#22747,7.3152);
#20330=CARTESIAN_POINT('',(-11.7602,8.255,0.3302));
#20331=VECTOR('',#22748,0.6604);
#20332=CARTESIAN_POINT('',(-11.7602,-3.175,0.3302));
#20333=CARTESIAN_POINT('',(-11.7602,-0.9398,0.3302));
#20334=VECTOR('',#22749,2.2352);
#20335=CARTESIAN_POINT('',(-11.7602,-3.175,-0.3302));
#20336=CARTESIAN_POINT('',(-11.7602,-3.175,-0.3302));
#20337=VECTOR('',#22750,2.2352);
#20338=CARTESIAN_POINT('',(-11.7602,-3.175,-0.3302));
#20339=VECTOR('',#22751,0.6604);
#20340=CARTESIAN_POINT('',(-11.5697,9.271,-0.1397));
#20341=CARTESIAN_POINT('',(-11.7602,8.255,-0.3302));
#20342=VECTOR('',#22752,1.05111203018525);
#20343=CARTESIAN_POINT('',(-11.5697,9.271,0.1397));
#20344=CARTESIAN_POINT('',(-11.5697,9.271,0.1397));
#20345=VECTOR('',#22753,1.05111203018525);
#20346=CARTESIAN_POINT('',(-11.5697,9.271,0.1397));
#20347=VECTOR('',#22754,0.2794);
#20348=CARTESIAN_POINT('',(-11.2903,9.271,0.1397));
#20349=CARTESIAN_POINT('',(-11.2903,9.271,0.1397));
#20350=VECTOR('',#22755,0.2794);
#20351=CARTESIAN_POINT('',(-11.2903,9.271,-0.1397));
#20352=CARTESIAN_POINT('',(-11.2903,9.271,-0.1397));
#20353=VECTOR('',#22756,0.2794);
#20354=CARTESIAN_POINT('',(-11.2903,9.271,-0.1397));
#20355=VECTOR('',#22757,0.2794);
#20356=CARTESIAN_POINT('',(-11.0998,8.255,-0.3302));
#20357=CARTESIAN_POINT('',(-11.2903,9.271,-0.1397));
#20358=VECTOR('',#22758,1.05111203018525);
#20359=CARTESIAN_POINT('',(-11.0998,8.255,-0.3302));
#20360=VECTOR('',#22759,0.6604);
#20361=CARTESIAN_POINT('',(-11.0998,0.9398,-0.3302));
#20362=VECTOR('',#22760,7.3152);
#20363=CARTESIAN_POINT('',(-11.0998,-3.175,-0.3302));
#20364=CARTESIAN_POINT('',(-11.0998,-3.175,-0.3302));
#20365=VECTOR('',#22761,2.2352);
#20366=CARTESIAN_POINT('',(-11.0998,-3.175,-0.3302));
#20367=VECTOR('',#22762,0.6604);
#20368=CARTESIAN_POINT('',(-11.0998,8.255,0.3302));
#20369=CARTESIAN_POINT('',(-11.0998,8.255,0.3302));
#20370=VECTOR('',#22763,7.3152);
#20371=CARTESIAN_POINT('',(-11.0998,8.255,-0.3302));
#20372=VECTOR('',#22764,0.6604);
#20373=CARTESIAN_POINT('',(-11.0998,-3.175,0.3302));
#20374=CARTESIAN_POINT('',(-11.0998,-0.9398,0.3302));
#20375=VECTOR('',#22765,2.2352);
#20376=CARTESIAN_POINT('',(-11.0998,-3.175,0.3302));
#20377=VECTOR('',#22766,0.6604);
#20378=CARTESIAN_POINT('',(-11.0998,8.255,0.3302));
#20379=VECTOR('',#22767,1.05111203018525);
#20380=CARTESIAN_POINT('',(-11.0998,8.255,0.3302));
#20381=VECTOR('',#22768,0.6604);
#20382=CARTESIAN_POINT('',(-11.0998,-3.175,0.3302));
#20383=VECTOR('',#22769,0.6604);
#20384=CARTESIAN_POINT('',(-11.5697,-4.191,0.1397));
#20385=CARTESIAN_POINT('',(-11.5697,-4.191,0.1397));
#20386=VECTOR('',#22770,1.05111203018525);
#20387=CARTESIAN_POINT('',(-11.2903,-4.191,0.1397));
#20388=CARTESIAN_POINT('',(-11.2903,-4.191,0.1397));
#20389=VECTOR('',#22771,0.2794);
#20390=CARTESIAN_POINT('',(-11.2903,-4.191,0.1397));
#20391=VECTOR('',#22772,1.05111203018525);
#20392=CARTESIAN_POINT('',(-11.2903,-4.191,-0.1397));
#20393=CARTESIAN_POINT('',(-11.0998,-3.175,-0.3302));
#20394=VECTOR('',#22773,1.05111203018525);
#20395=CARTESIAN_POINT('',(-11.2903,-4.191,0.1397));
#20396=VECTOR('',#22774,0.2794);
#20397=CARTESIAN_POINT('',(-11.5697,-4.191,-0.1397));
#20398=CARTESIAN_POINT('',(-11.5697,-4.191,-0.1397));
#20399=VECTOR('',#22775,0.2794);
#20400=CARTESIAN_POINT('',(-11.2903,-4.191,-0.1397));
#20401=VECTOR('',#22776,0.2794);
#20402=CARTESIAN_POINT('',(-11.5697,-4.191,-0.1397));
#20403=VECTOR('',#22777,1.05111203018525);
#20404=CARTESIAN_POINT('',(-14.3002,8.255,-0.3302));
#20405=CARTESIAN_POINT('',(-14.3002,0.9398,-0.3302));
#20406=VECTOR('',#22778,7.3152);
#20407=CARTESIAN_POINT('',(-14.3002,8.255,0.3302));
#20408=CARTESIAN_POINT('',(-14.3002,8.255,0.3302));
#20409=VECTOR('',#22779,7.3152);
#20410=CARTESIAN_POINT('',(-14.3002,8.255,0.3302));
#20411=VECTOR('',#22780,0.6604);
#20412=CARTESIAN_POINT('',(-14.3002,-3.175,0.3302));
#20413=CARTESIAN_POINT('',(-14.3002,-0.9398,0.3302));
#20414=VECTOR('',#22781,2.2352);
#20415=CARTESIAN_POINT('',(-14.3002,-3.175,-0.3302));
#20416=CARTESIAN_POINT('',(-14.3002,-3.175,-0.3302));
#20417=VECTOR('',#22782,2.2352);
#20418=CARTESIAN_POINT('',(-14.3002,-3.175,-0.3302));
#20419=VECTOR('',#22783,0.6604);
#20420=CARTESIAN_POINT('',(-14.1097,9.271,-0.1397));
#20421=CARTESIAN_POINT('',(-14.3002,8.255,-0.3302));
#20422=VECTOR('',#22784,1.05111203018525);
#20423=CARTESIAN_POINT('',(-14.1097,9.271,0.1397));
#20424=CARTESIAN_POINT('',(-14.1097,9.271,0.1397));
#20425=VECTOR('',#22785,1.05111203018525);
#20426=CARTESIAN_POINT('',(-14.1097,9.271,0.1397));
#20427=VECTOR('',#22786,0.2794);
#20428=CARTESIAN_POINT('',(-13.8303,9.271,0.1397));
#20429=CARTESIAN_POINT('',(-13.8303,9.271,0.1397));
#20430=VECTOR('',#22787,0.2794);
#20431=CARTESIAN_POINT('',(-13.8303,9.271,-0.1397));
#20432=CARTESIAN_POINT('',(-13.8303,9.271,-0.1397));
#20433=VECTOR('',#22788,0.2794);
#20434=CARTESIAN_POINT('',(-13.8303,9.271,-0.1397));
#20435=VECTOR('',#22789,0.2794);
#20436=CARTESIAN_POINT('',(-13.6398,8.255,-0.3302));
#20437=CARTESIAN_POINT('',(-13.8303,9.271,-0.1397));
#20438=VECTOR('',#22790,1.05111203018525);
#20439=CARTESIAN_POINT('',(-13.6398,8.255,-0.3302));
#20440=VECTOR('',#22791,0.6604);
#20441=CARTESIAN_POINT('',(-13.6398,0.9398,-0.3302));
#20442=VECTOR('',#22792,7.3152);
#20443=CARTESIAN_POINT('',(-13.6398,-3.175,-0.3302));
#20444=CARTESIAN_POINT('',(-13.6398,-3.175,-0.3302));
#20445=VECTOR('',#22793,2.2352);
#20446=CARTESIAN_POINT('',(-13.6398,-3.175,-0.3302));
#20447=VECTOR('',#22794,0.6604);
#20448=CARTESIAN_POINT('',(-13.6398,8.255,0.3302));
#20449=CARTESIAN_POINT('',(-13.6398,8.255,0.3302));
#20450=VECTOR('',#22795,7.3152);
#20451=CARTESIAN_POINT('',(-13.6398,8.255,-0.3302));
#20452=VECTOR('',#22796,0.6604);
#20453=CARTESIAN_POINT('',(-13.6398,-3.175,0.3302));
#20454=CARTESIAN_POINT('',(-13.6398,-0.9398,0.3302));
#20455=VECTOR('',#22797,2.2352);
#20456=CARTESIAN_POINT('',(-13.6398,-3.175,0.3302));
#20457=VECTOR('',#22798,0.6604);
#20458=CARTESIAN_POINT('',(-13.6398,8.255,0.3302));
#20459=VECTOR('',#22799,1.05111203018525);
#20460=CARTESIAN_POINT('',(-13.6398,8.255,0.3302));
#20461=VECTOR('',#22800,0.6604);
#20462=CARTESIAN_POINT('',(-13.6398,-3.175,0.3302));
#20463=VECTOR('',#22801,0.6604);
#20464=CARTESIAN_POINT('',(-14.1097,-4.191,0.1397));
#20465=CARTESIAN_POINT('',(-14.1097,-4.191,0.1397));
#20466=VECTOR('',#22802,1.05111203018525);
#20467=CARTESIAN_POINT('',(-13.8303,-4.191,0.1397));
#20468=CARTESIAN_POINT('',(-13.8303,-4.191,0.1397));
#20469=VECTOR('',#22803,0.2794);
#20470=CARTESIAN_POINT('',(-13.8303,-4.191,0.1397));
#20471=VECTOR('',#22804,1.05111203018525);
#20472=CARTESIAN_POINT('',(-13.8303,-4.191,-0.1397));
#20473=CARTESIAN_POINT('',(-13.6398,-3.175,-0.3302));
#20474=VECTOR('',#22805,1.05111203018525);
#20475=CARTESIAN_POINT('',(-13.8303,-4.191,0.1397));
#20476=VECTOR('',#22806,0.2794);
#20477=CARTESIAN_POINT('',(-14.1097,-4.191,-0.1397));
#20478=CARTESIAN_POINT('',(-14.1097,-4.191,-0.1397));
#20479=VECTOR('',#22807,0.2794);
#20480=CARTESIAN_POINT('',(-13.8303,-4.191,-0.1397));
#20481=VECTOR('',#22808,0.2794);
#20482=CARTESIAN_POINT('',(-14.1097,-4.191,-0.1397));
#20483=VECTOR('',#22809,1.05111203018525);
#20484=CARTESIAN_POINT('',(-16.8402,8.255,-0.3302));
#20485=CARTESIAN_POINT('',(-16.8402,0.9398,-0.3302));
#20486=VECTOR('',#22810,7.3152);
#20487=CARTESIAN_POINT('',(-16.8402,8.255,0.3302));
#20488=CARTESIAN_POINT('',(-16.8402,8.255,0.3302));
#20489=VECTOR('',#22811,7.3152);
#20490=CARTESIAN_POINT('',(-16.8402,8.255,0.3302));
#20491=VECTOR('',#22812,0.6604);
#20492=CARTESIAN_POINT('',(-16.8402,-3.175,0.3302));
#20493=CARTESIAN_POINT('',(-16.8402,-0.9398,0.3302));
#20494=VECTOR('',#22813,2.2352);
#20495=CARTESIAN_POINT('',(-16.8402,-3.175,-0.3302));
#20496=CARTESIAN_POINT('',(-16.8402,-3.175,-0.3302));
#20497=VECTOR('',#22814,2.2352);
#20498=CARTESIAN_POINT('',(-16.8402,-3.175,-0.3302));
#20499=VECTOR('',#22815,0.6604);
#20500=CARTESIAN_POINT('',(-16.6497,9.271,-0.1397));
#20501=CARTESIAN_POINT('',(-16.8402,8.255,-0.3302));
#20502=VECTOR('',#22816,1.05111203018525);
#20503=CARTESIAN_POINT('',(-16.6497,9.271,0.1397));
#20504=CARTESIAN_POINT('',(-16.6497,9.271,0.1397));
#20505=VECTOR('',#22817,1.05111203018525);
#20506=CARTESIAN_POINT('',(-16.6497,9.271,0.1397));
#20507=VECTOR('',#22818,0.2794);
#20508=CARTESIAN_POINT('',(-16.3703,9.271,0.1397));
#20509=CARTESIAN_POINT('',(-16.3703,9.271,0.1397));
#20510=VECTOR('',#22819,0.2794);
#20511=CARTESIAN_POINT('',(-16.3703,9.271,-0.1397));
#20512=CARTESIAN_POINT('',(-16.3703,9.271,-0.1397));
#20513=VECTOR('',#22820,0.2794);
#20514=CARTESIAN_POINT('',(-16.3703,9.271,-0.1397));
#20515=VECTOR('',#22821,0.2794);
#20516=CARTESIAN_POINT('',(-16.1798,8.255,-0.3302));
#20517=CARTESIAN_POINT('',(-16.3703,9.271,-0.1397));
#20518=VECTOR('',#22822,1.05111203018525);
#20519=CARTESIAN_POINT('',(-16.1798,8.255,-0.3302));
#20520=VECTOR('',#22823,0.6604);
#20521=CARTESIAN_POINT('',(-16.1798,0.9398,-0.3302));
#20522=VECTOR('',#22824,7.3152);
#20523=CARTESIAN_POINT('',(-16.1798,-3.175,-0.3302));
#20524=CARTESIAN_POINT('',(-16.1798,-3.175,-0.3302));
#20525=VECTOR('',#22825,2.2352);
#20526=CARTESIAN_POINT('',(-16.1798,-3.175,-0.3302));
#20527=VECTOR('',#22826,0.6604);
#20528=CARTESIAN_POINT('',(-16.1798,8.255,0.3302));
#20529=CARTESIAN_POINT('',(-16.1798,8.255,0.3302));
#20530=VECTOR('',#22827,7.3152);
#20531=CARTESIAN_POINT('',(-16.1798,8.255,-0.3302));
#20532=VECTOR('',#22828,0.6604);
#20533=CARTESIAN_POINT('',(-16.1798,-3.175,0.3302));
#20534=CARTESIAN_POINT('',(-16.1798,-0.9398,0.3302));
#20535=VECTOR('',#22829,2.2352);
#20536=CARTESIAN_POINT('',(-16.1798,-3.175,0.3302));
#20537=VECTOR('',#22830,0.6604);
#20538=CARTESIAN_POINT('',(-16.1798,8.255,0.3302));
#20539=VECTOR('',#22831,1.05111203018525);
#20540=CARTESIAN_POINT('',(-16.1798,8.255,0.3302));
#20541=VECTOR('',#22832,0.6604);
#20542=CARTESIAN_POINT('',(-16.1798,-3.175,0.3302));
#20543=VECTOR('',#22833,0.6604);
#20544=CARTESIAN_POINT('',(-16.6497,-4.191,0.1397));
#20545=CARTESIAN_POINT('',(-16.6497,-4.191,0.1397));
#20546=VECTOR('',#22834,1.05111203018525);
#20547=CARTESIAN_POINT('',(-16.3703,-4.191,0.1397));
#20548=CARTESIAN_POINT('',(-16.3703,-4.191,0.1397));
#20549=VECTOR('',#22835,0.2794);
#20550=CARTESIAN_POINT('',(-16.3703,-4.191,0.1397));
#20551=VECTOR('',#22836,1.05111203018525);
#20552=CARTESIAN_POINT('',(-16.3703,-4.191,-0.1397));
#20553=CARTESIAN_POINT('',(-16.1798,-3.175,-0.3302));
#20554=VECTOR('',#22837,1.05111203018525);
#20555=CARTESIAN_POINT('',(-16.3703,-4.191,0.1397));
#20556=VECTOR('',#22838,0.2794);
#20557=CARTESIAN_POINT('',(-16.6497,-4.191,-0.1397));
#20558=CARTESIAN_POINT('',(-16.6497,-4.191,-0.1397));
#20559=VECTOR('',#22839,0.2794);
#20560=CARTESIAN_POINT('',(-16.3703,-4.191,-0.1397));
#20561=VECTOR('',#22840,0.2794);
#20562=CARTESIAN_POINT('',(-16.6497,-4.191,-0.1397));
#20563=VECTOR('',#22841,1.05111203018525);
#20564=DIRECTION('',(-0.0,1.0,0.0));
#20565=CARTESIAN_POINT('',(-16.51,0.9398,0.0));
#20566=DIRECTION('',(0.0,1.0,0.0));
#20567=DIRECTION('',(0.0,0.0,-1.0));
#20568=DIRECTION('',(0.0,-1.0,0.0));
#20569=CARTESIAN_POINT('',(-16.51,1.143,0.0));
#20570=DIRECTION('',(0.0,1.0,0.0));
#20571=DIRECTION('',(0.0,0.0,-1.0));
#20572=DIRECTION('',(-0.0,-1.0,0.0));
#20573=CARTESIAN_POINT('',(-16.51,1.143,0.0));
#20574=DIRECTION('',(0.0,1.0,0.0));
#20575=DIRECTION('',(0.0,0.0,1.0));
#20576=DIRECTION('',(0.0,-1.0,0.0));
#20577=CARTESIAN_POINT('',(-16.51,0.9398,0.0));
#20578=DIRECTION('',(0.0,1.0,0.0));
#20579=DIRECTION('',(0.0,0.0,1.0));
#20580=DIRECTION('',(-0.0,1.0,0.0));
#20581=CARTESIAN_POINT('',(-13.97,0.9398,0.0));
#20582=DIRECTION('',(0.0,1.0,0.0));
#20583=DIRECTION('',(0.0,0.0,-1.0));
#20584=DIRECTION('',(0.0,-1.0,0.0));
#20585=CARTESIAN_POINT('',(-13.97,1.143,0.0));
#20586=DIRECTION('',(0.0,1.0,0.0));
#20587=DIRECTION('',(0.0,0.0,-1.0));
#20588=DIRECTION('',(-0.0,-1.0,0.0));
#20589=CARTESIAN_POINT('',(-13.97,1.143,0.0));
#20590=DIRECTION('',(0.0,1.0,0.0));
#20591=DIRECTION('',(0.0,0.0,1.0));
#20592=DIRECTION('',(0.0,-1.0,0.0));
#20593=CARTESIAN_POINT('',(-13.97,0.9398,0.0));
#20594=DIRECTION('',(0.0,1.0,0.0));
#20595=DIRECTION('',(0.0,0.0,1.0));
#20596=DIRECTION('',(-0.0,1.0,0.0));
#20597=CARTESIAN_POINT('',(-11.43,0.9398,0.0));
#20598=DIRECTION('',(0.0,1.0,0.0));
#20599=DIRECTION('',(0.0,0.0,-1.0));
#20600=DIRECTION('',(0.0,-1.0,0.0));
#20601=CARTESIAN_POINT('',(-11.43,1.143,0.0));
#20602=DIRECTION('',(0.0,1.0,0.0));
#20603=DIRECTION('',(0.0,0.0,-1.0));
#20604=DIRECTION('',(-0.0,-1.0,0.0));
#20605=CARTESIAN_POINT('',(-11.43,1.143,0.0));
#20606=DIRECTION('',(0.0,1.0,0.0));
#20607=DIRECTION('',(0.0,0.0,1.0));
#20608=DIRECTION('',(0.0,-1.0,0.0));
#20609=CARTESIAN_POINT('',(-11.43,0.9398,0.0));
#20610=DIRECTION('',(0.0,1.0,0.0));
#20611=DIRECTION('',(0.0,0.0,1.0));
#20612=DIRECTION('',(-0.0,1.0,0.0));
#20613=CARTESIAN_POINT('',(-8.89,0.9398,0.0));
#20614=DIRECTION('',(0.0,1.0,0.0));
#20615=DIRECTION('',(0.0,0.0,-1.0));
#20616=DIRECTION('',(0.0,-1.0,0.0));
#20617=CARTESIAN_POINT('',(-8.89,1.143,0.0));
#20618=DIRECTION('',(0.0,1.0,0.0));
#20619=DIRECTION('',(0.0,0.0,-1.0));
#20620=DIRECTION('',(-0.0,-1.0,0.0));
#20621=CARTESIAN_POINT('',(-8.89,1.143,0.0));
#20622=DIRECTION('',(0.0,1.0,0.0));
#20623=DIRECTION('',(0.0,0.0,1.0));
#20624=DIRECTION('',(0.0,-1.0,0.0));
#20625=CARTESIAN_POINT('',(-8.89,0.9398,0.0));
#20626=DIRECTION('',(0.0,1.0,0.0));
#20627=DIRECTION('',(0.0,0.0,1.0));
#20628=DIRECTION('',(-0.0,1.0,0.0));
#20629=CARTESIAN_POINT('',(-6.35,0.9398,0.0));
#20630=DIRECTION('',(0.0,1.0,0.0));
#20631=DIRECTION('',(0.0,0.0,-1.0));
#20632=DIRECTION('',(0.0,-1.0,0.0));
#20633=CARTESIAN_POINT('',(-6.35,1.143,0.0));
#20634=DIRECTION('',(0.0,1.0,0.0));
#20635=DIRECTION('',(0.0,0.0,-1.0));
#20636=DIRECTION('',(-0.0,-1.0,0.0));
#20637=CARTESIAN_POINT('',(-6.35,1.143,0.0));
#20638=DIRECTION('',(0.0,1.0,0.0));
#20639=DIRECTION('',(0.0,0.0,1.0));
#20640=DIRECTION('',(0.0,-1.0,0.0));
#20641=CARTESIAN_POINT('',(-6.35,0.9398,0.0));
#20642=DIRECTION('',(0.0,1.0,0.0));
#20643=DIRECTION('',(0.0,0.0,1.0));
#20644=DIRECTION('',(-0.0,1.0,0.0));
#20645=CARTESIAN_POINT('',(-3.81,0.9398,0.0));
#20646=DIRECTION('',(0.0,1.0,0.0));
#20647=DIRECTION('',(0.0,0.0,-1.0));
#20648=DIRECTION('',(0.0,-1.0,0.0));
#20649=CARTESIAN_POINT('',(-3.81,1.143,0.0));
#20650=DIRECTION('',(0.0,1.0,0.0));
#20651=DIRECTION('',(0.0,0.0,-1.0));
#20652=DIRECTION('',(-0.0,-1.0,0.0));
#20653=CARTESIAN_POINT('',(-3.81,1.143,0.0));
#20654=DIRECTION('',(0.0,1.0,0.0));
#20655=DIRECTION('',(0.0,0.0,1.0));
#20656=DIRECTION('',(0.0,-1.0,0.0));
#20657=CARTESIAN_POINT('',(-3.81,0.9398,0.0));
#20658=DIRECTION('',(0.0,1.0,0.0));
#20659=DIRECTION('',(0.0,0.0,1.0));
#20660=DIRECTION('',(-0.0,1.0,0.0));
#20661=CARTESIAN_POINT('',(-1.27,0.9398,0.0));
#20662=DIRECTION('',(0.0,1.0,0.0));
#20663=DIRECTION('',(0.0,0.0,-1.0));
#20664=DIRECTION('',(0.0,-1.0,0.0));
#20665=CARTESIAN_POINT('',(-1.27,1.143,0.0));
#20666=DIRECTION('',(0.0,1.0,0.0));
#20667=DIRECTION('',(0.0,0.0,-1.0));
#20668=DIRECTION('',(-0.0,-1.0,0.0));
#20669=CARTESIAN_POINT('',(-1.27,1.143,0.0));
#20670=DIRECTION('',(0.0,1.0,0.0));
#20671=DIRECTION('',(0.0,0.0,1.0));
#20672=DIRECTION('',(0.0,-1.0,0.0));
#20673=CARTESIAN_POINT('',(-1.27,0.9398,0.0));
#20674=DIRECTION('',(0.0,1.0,0.0));
#20675=DIRECTION('',(0.0,0.0,1.0));
#20676=DIRECTION('',(-0.0,1.0,0.0));
#20677=CARTESIAN_POINT('',(1.27,0.9398,0.0));
#20678=DIRECTION('',(0.0,1.0,0.0));
#20679=DIRECTION('',(0.0,0.0,-1.0));
#20680=DIRECTION('',(0.0,-1.0,0.0));
#20681=CARTESIAN_POINT('',(1.27,1.143,0.0));
#20682=DIRECTION('',(0.0,1.0,0.0));
#20683=DIRECTION('',(0.0,0.0,-1.0));
#20684=DIRECTION('',(-0.0,-1.0,0.0));
#20685=CARTESIAN_POINT('',(1.27,1.143,0.0));
#20686=DIRECTION('',(0.0,1.0,0.0));
#20687=DIRECTION('',(0.0,0.0,1.0));
#20688=DIRECTION('',(0.0,-1.0,0.0));
#20689=CARTESIAN_POINT('',(1.27,0.9398,0.0));
#20690=DIRECTION('',(0.0,1.0,0.0));
#20691=DIRECTION('',(0.0,0.0,1.0));
#20692=DIRECTION('',(-0.0,1.0,0.0));
#20693=CARTESIAN_POINT('',(3.81,0.9398,0.0));
#20694=DIRECTION('',(0.0,1.0,0.0));
#20695=DIRECTION('',(0.0,0.0,-1.0));
#20696=DIRECTION('',(0.0,-1.0,0.0));
#20697=CARTESIAN_POINT('',(3.81,1.143,0.0));
#20698=DIRECTION('',(0.0,1.0,0.0));
#20699=DIRECTION('',(0.0,0.0,-1.0));
#20700=DIRECTION('',(-0.0,-1.0,0.0));
#20701=CARTESIAN_POINT('',(3.81,1.143,0.0));
#20702=DIRECTION('',(0.0,1.0,0.0));
#20703=DIRECTION('',(0.0,0.0,1.0));
#20704=DIRECTION('',(0.0,-1.0,0.0));
#20705=CARTESIAN_POINT('',(3.81,0.9398,0.0));
#20706=DIRECTION('',(0.0,1.0,0.0));
#20707=DIRECTION('',(0.0,0.0,1.0));
#20708=DIRECTION('',(-0.0,1.0,0.0));
#20709=CARTESIAN_POINT('',(6.35,0.9398,0.0));
#20710=DIRECTION('',(0.0,1.0,0.0));
#20711=DIRECTION('',(0.0,0.0,-1.0));
#20712=DIRECTION('',(0.0,-1.0,0.0));
#20713=CARTESIAN_POINT('',(6.35,1.143,0.0));
#20714=DIRECTION('',(0.0,1.0,0.0));
#20715=DIRECTION('',(0.0,0.0,-1.0));
#20716=DIRECTION('',(-0.0,-1.0,0.0));
#20717=CARTESIAN_POINT('',(6.35,1.143,0.0));
#20718=DIRECTION('',(0.0,1.0,0.0));
#20719=DIRECTION('',(0.0,0.0,1.0));
#20720=DIRECTION('',(0.0,-1.0,0.0));
#20721=CARTESIAN_POINT('',(6.35,0.9398,0.0));
#20722=DIRECTION('',(0.0,1.0,0.0));
#20723=DIRECTION('',(0.0,0.0,1.0));
#20724=DIRECTION('',(-0.0,1.0,0.0));
#20725=CARTESIAN_POINT('',(8.89,0.9398,0.0));
#20726=DIRECTION('',(0.0,1.0,0.0));
#20727=DIRECTION('',(0.0,0.0,-1.0));
#20728=DIRECTION('',(0.0,-1.0,0.0));
#20729=CARTESIAN_POINT('',(8.89,1.143,0.0));
#20730=DIRECTION('',(0.0,1.0,0.0));
#20731=DIRECTION('',(0.0,0.0,-1.0));
#20732=DIRECTION('',(-0.0,-1.0,0.0));
#20733=CARTESIAN_POINT('',(8.89,1.143,0.0));
#20734=DIRECTION('',(0.0,1.0,0.0));
#20735=DIRECTION('',(0.0,0.0,1.0));
#20736=DIRECTION('',(0.0,-1.0,0.0));
#20737=CARTESIAN_POINT('',(8.89,0.9398,0.0));
#20738=DIRECTION('',(0.0,1.0,0.0));
#20739=DIRECTION('',(0.0,0.0,1.0));
#20740=DIRECTION('',(-0.0,1.0,0.0));
#20741=CARTESIAN_POINT('',(11.43,0.9398,0.0));
#20742=DIRECTION('',(0.0,1.0,0.0));
#20743=DIRECTION('',(0.0,0.0,-1.0));
#20744=DIRECTION('',(0.0,-1.0,0.0));
#20745=CARTESIAN_POINT('',(11.43,1.143,0.0));
#20746=DIRECTION('',(0.0,1.0,0.0));
#20747=DIRECTION('',(0.0,0.0,-1.0));
#20748=DIRECTION('',(-0.0,-1.0,0.0));
#20749=CARTESIAN_POINT('',(11.43,1.143,0.0));
#20750=DIRECTION('',(0.0,1.0,0.0));
#20751=DIRECTION('',(0.0,0.0,1.0));
#20752=DIRECTION('',(0.0,-1.0,0.0));
#20753=CARTESIAN_POINT('',(11.43,0.9398,0.0));
#20754=DIRECTION('',(0.0,1.0,0.0));
#20755=DIRECTION('',(0.0,0.0,1.0));
#20756=DIRECTION('',(-0.0,1.0,0.0));
#20757=CARTESIAN_POINT('',(13.97,0.9398,0.0));
#20758=DIRECTION('',(0.0,1.0,0.0));
#20759=DIRECTION('',(0.0,0.0,-1.0));
#20760=DIRECTION('',(0.0,-1.0,0.0));
#20761=CARTESIAN_POINT('',(13.97,1.143,0.0));
#20762=DIRECTION('',(0.0,1.0,0.0));
#20763=DIRECTION('',(0.0,0.0,-1.0));
#20764=DIRECTION('',(-0.0,-1.0,0.0));
#20765=CARTESIAN_POINT('',(13.97,1.143,0.0));
#20766=DIRECTION('',(0.0,1.0,0.0));
#20767=DIRECTION('',(0.0,0.0,1.0));
#20768=DIRECTION('',(0.0,-1.0,0.0));
#20769=CARTESIAN_POINT('',(13.97,0.9398,0.0));
#20770=DIRECTION('',(0.0,1.0,0.0));
#20771=DIRECTION('',(0.0,0.0,1.0));
#20772=DIRECTION('',(-0.0,1.0,0.0));
#20773=CARTESIAN_POINT('',(16.51,0.9398,0.0));
#20774=DIRECTION('',(0.0,1.0,0.0));
#20775=DIRECTION('',(0.0,0.0,-1.0));
#20776=DIRECTION('',(0.0,-1.0,0.0));
#20777=CARTESIAN_POINT('',(16.51,1.143,0.0));
#20778=DIRECTION('',(0.0,1.0,0.0));
#20779=DIRECTION('',(0.0,0.0,-1.0));
#20780=DIRECTION('',(-0.0,-1.0,0.0));
#20781=CARTESIAN_POINT('',(16.51,1.143,0.0));
#20782=DIRECTION('',(0.0,1.0,0.0));
#20783=DIRECTION('',(0.0,0.0,1.0));
#20784=DIRECTION('',(0.0,-1.0,0.0));
#20785=CARTESIAN_POINT('',(16.51,0.9398,0.0));
#20786=DIRECTION('',(0.0,1.0,0.0));
#20787=DIRECTION('',(0.0,0.0,1.0));
#20788=DIRECTION('',(0.0,-1.0,0.0));
#20789=DIRECTION('',(0.0,0.0,-1.0));
#20790=DIRECTION('',(0.0,1.0,0.0));
#20791=DIRECTION('',(0.0,0.0,1.0));
#20792=DIRECTION('',(0.0,0.0,1.0));
#20793=DIRECTION('',(0.0,0.0,1.0));
#20794=DIRECTION('',(0.0,0.0,-1.0));
#20795=DIRECTION('',(0.0,0.0,1.0));
#20796=DIRECTION('',(0.0,1.0,0.0));
#20797=DIRECTION('',(0.0,0.0,1.0));
#20798=DIRECTION('',(0.0,-1.0,0.0));
#20799=DIRECTION('',(0.0,0.0,1.0));
#20800=DIRECTION('',(0.0,0.0,1.0));
#20801=DIRECTION('',(1.0,0.0,0.0));
#20802=DIRECTION('',(0.0,0.0,-1.0));
#20803=DIRECTION('',(-0.796162194123081,0.0,-0.605083267533586));
#20804=DIRECTION('',(-1.0,0.0,0.0));
#20805=DIRECTION('',(-0.707106781186547,0.0,0.707106781186547));
#20806=DIRECTION('',(-0.707106781186598,0.0,-0.707106781186498));
#20807=DIRECTION('',(-1.0,0.0,0.0));
#20808=DIRECTION('',(-0.707106781186598,0.0,0.707106781186498));
#20809=DIRECTION('',(-0.707106781186498,0.0,-0.707106781186598));
#20810=DIRECTION('',(-1.0,0.0,0.0));
#20811=DIRECTION('',(-0.707106781186547,0.0,0.707106781186547));
#20812=DIRECTION('',(-0.707106781186598,0.0,-0.707106781186498));
#20813=DIRECTION('',(-1.0,0.0,0.0));
#20814=DIRECTION('',(-0.707106781186498,0.0,0.707106781186598));
#20815=DIRECTION('',(-0.707106781186547,0.0,-0.707106781186547));
#20816=DIRECTION('',(-1.0,0.0,0.0));
#20817=DIRECTION('',(-0.707106781186547,0.0,0.707106781186547));
#20818=DIRECTION('',(-0.707106781186547,0.0,-0.707106781186547));
#20819=DIRECTION('',(-1.0,0.0,0.0));
#20820=DIRECTION('',(-0.707106781186547,0.0,0.707106781186547));
#20821=DIRECTION('',(-0.707106781186598,0.0,-0.707106781186498));
#20822=DIRECTION('',(-1.0,0.0,0.0));
#20823=DIRECTION('',(-0.707106781186547,0.0,0.707106781186547));
#20824=DIRECTION('',(-0.707106781186598,0.0,-0.707106781186498));
#20825=DIRECTION('',(-1.0,0.0,0.0));
#20826=DIRECTION('',(-0.707106781186547,0.0,0.707106781186547));
#20827=DIRECTION('',(-0.707106781186547,0.0,-0.707106781186547));
#20828=DIRECTION('',(-1.0,0.0,0.0));
#20829=DIRECTION('',(-0.707106781186547,0.0,0.707106781186547));
#20830=DIRECTION('',(-0.707106781186547,0.0,-0.707106781186547));
#20831=DIRECTION('',(-1.0,0.0,0.0));
#20832=DIRECTION('',(-0.707106781186547,0.0,0.707106781186547));
#20833=DIRECTION('',(-0.707106781186547,0.0,-0.707106781186547));
#20834=DIRECTION('',(-1.0,0.0,0.0));
#20835=DIRECTION('',(-0.707106781186547,0.0,0.707106781186547));
#20836=DIRECTION('',(-0.707106781186547,0.0,-0.707106781186547));
#20837=DIRECTION('',(-1.0,0.0,0.0));
#20838=DIRECTION('',(-0.707106781186547,0.0,0.707106781186547));
#20839=DIRECTION('',(-0.707106781186498,0.0,-0.707106781186598));
#20840=DIRECTION('',(-1.0,0.0,0.0));
#20841=DIRECTION('',(-0.707106781186498,0.0,0.707106781186598));
#20842=DIRECTION('',(-0.707106781186598,0.0,-0.707106781186498));
#20843=DIRECTION('',(-1.0,0.0,0.0));
#20844=DIRECTION('',(-0.796162194123081,0.0,0.605083267533586));
#20845=DIRECTION('',(0.0,0.0,1.0));
#20846=DIRECTION('',(1.0,0.0,0.0));
#20847=DIRECTION('',(-1.0,0.0,0.0));
#20848=DIRECTION('',(0.0,0.0,-1.0));
#20849=CARTESIAN_POINT('',(16.51,0.9398,0.0));
#20850=DIRECTION('',(0.0,1.0,0.0));
#20851=DIRECTION('',(0.0,0.0,1.0));
#20852=DIRECTION('',(0.0,0.0,-1.0));
#20853=DIRECTION('',(-1.0,0.0,0.0));
#20854=DIRECTION('',(-1.0,0.0,0.0));
#20855=DIRECTION('',(0.0,0.0,1.0));
#20856=DIRECTION('',(0.796162194123081,0.0,0.605083267533586));
#20857=DIRECTION('',(-1.0,0.0,0.0));
#20858=DIRECTION('',(0.707106781186598,0.0,-0.707106781186498));
#20859=DIRECTION('',(0.707106781186547,0.0,0.707106781186547));
#20860=DIRECTION('',(-1.0,0.0,0.0));
#20861=DIRECTION('',(0.707106781186498,0.0,-0.707106781186598));
#20862=DIRECTION('',(0.707106781186598,0.0,0.707106781186498));
#20863=DIRECTION('',(-1.0,0.0,0.0));
#20864=DIRECTION('',(0.707106781186598,0.0,-0.707106781186498));
#20865=DIRECTION('',(0.707106781186547,0.0,0.707106781186547));
#20866=DIRECTION('',(-1.0,0.0,0.0));
#20867=DIRECTION('',(0.707106781186547,0.0,-0.707106781186547));
#20868=DIRECTION('',(0.707106781186547,0.0,0.707106781186547));
#20869=DIRECTION('',(-1.0,0.0,0.0));
#20870=DIRECTION('',(0.707106781186547,0.0,-0.707106781186547));
#20871=DIRECTION('',(0.707106781186547,0.0,0.707106781186547));
#20872=DIRECTION('',(-1.0,0.0,0.0));
#20873=DIRECTION('',(0.707106781186547,0.0,-0.707106781186547));
#20874=DIRECTION('',(0.707106781186547,0.0,0.707106781186547));
#20875=DIRECTION('',(-1.0,0.0,0.0));
#20876=DIRECTION('',(0.707106781186547,0.0,-0.707106781186547));
#20877=DIRECTION('',(0.707106781186547,0.0,0.707106781186547));
#20878=DIRECTION('',(-1.0,0.0,0.0));
#20879=DIRECTION('',(0.707106781186547,0.0,-0.707106781186547));
#20880=DIRECTION('',(0.707106781186547,0.0,0.707106781186547));
#20881=DIRECTION('',(-1.0,0.0,0.0));
#20882=DIRECTION('',(0.707106781186547,0.0,-0.707106781186547));
#20883=DIRECTION('',(0.707106781186547,0.0,0.707106781186547));
#20884=DIRECTION('',(-1.0,0.0,0.0));
#20885=DIRECTION('',(0.707106781186498,0.0,-0.707106781186598));
#20886=DIRECTION('',(0.707106781186547,0.0,0.707106781186547));
#20887=DIRECTION('',(-1.0,0.0,0.0));
#20888=DIRECTION('',(0.707106781186598,0.0,-0.707106781186498));
#20889=DIRECTION('',(0.707106781186547,0.0,0.707106781186547));
#20890=DIRECTION('',(-1.0,0.0,0.0));
#20891=DIRECTION('',(0.707106781186498,0.0,-0.707106781186598));
#20892=DIRECTION('',(0.707106781186598,0.0,0.707106781186498));
#20893=DIRECTION('',(-1.0,0.0,0.0));
#20894=DIRECTION('',(0.707106781186547,0.0,-0.707106781186547));
#20895=DIRECTION('',(0.707106781186547,0.0,0.707106781186547));
#20896=DIRECTION('',(-1.0,0.0,0.0));
#20897=DIRECTION('',(0.796162194123081,0.0,-0.605083267533586));
#20898=DIRECTION('',(0.0,0.0,-1.0));
#20899=DIRECTION('',(-1.0,0.0,0.0));
#20900=DIRECTION('',(0.0,0.0,1.0));
#20901=DIRECTION('',(-1.0,0.0,0.0));
#20902=DIRECTION('',(0.0,0.0,1.0));
#20903=CARTESIAN_POINT('',(-16.51,0.9398,0.0));
#20904=DIRECTION('',(0.0,1.0,0.0));
#20905=DIRECTION('',(0.0,0.0,-1.0));
#20906=DIRECTION('',(0.0,0.0,1.0));
#20907=DIRECTION('',(-1.0,0.0,0.0));
#20908=DIRECTION('',(0.0,0.0,-1.0));
#20909=DIRECTION('',(-1.0,0.0,0.0));
#20910=DIRECTION('',(0.0,0.0,1.0));
#20911=CARTESIAN_POINT('',(-13.97,0.9398,0.0));
#20912=DIRECTION('',(0.0,1.0,0.0));
#20913=DIRECTION('',(0.0,0.0,-1.0));
#20914=DIRECTION('',(0.0,0.0,1.0));
#20915=DIRECTION('',(-1.0,0.0,0.0));
#20916=DIRECTION('',(0.0,0.0,-1.0));
#20917=DIRECTION('',(-1.0,0.0,0.0));
#20918=DIRECTION('',(0.0,0.0,1.0));
#20919=CARTESIAN_POINT('',(-11.43,0.9398,0.0));
#20920=DIRECTION('',(0.0,1.0,0.0));
#20921=DIRECTION('',(0.0,0.0,-1.0));
#20922=DIRECTION('',(0.0,0.0,1.0));
#20923=DIRECTION('',(-1.0,0.0,0.0));
#20924=DIRECTION('',(0.0,0.0,-1.0));
#20925=DIRECTION('',(-1.0,0.0,0.0));
#20926=DIRECTION('',(0.0,0.0,1.0));
#20927=CARTESIAN_POINT('',(-8.89,0.9398,0.0));
#20928=DIRECTION('',(0.0,1.0,0.0));
#20929=DIRECTION('',(0.0,0.0,-1.0));
#20930=DIRECTION('',(0.0,0.0,1.0));
#20931=DIRECTION('',(-1.0,0.0,0.0));
#20932=DIRECTION('',(0.0,0.0,-1.0));
#20933=DIRECTION('',(-1.0,0.0,0.0));
#20934=DIRECTION('',(0.0,0.0,1.0));
#20935=CARTESIAN_POINT('',(-6.35,0.9398,0.0));
#20936=DIRECTION('',(0.0,1.0,0.0));
#20937=DIRECTION('',(0.0,0.0,-1.0));
#20938=DIRECTION('',(0.0,0.0,1.0));
#20939=DIRECTION('',(-1.0,0.0,0.0));
#20940=DIRECTION('',(0.0,0.0,-1.0));
#20941=DIRECTION('',(-1.0,0.0,0.0));
#20942=DIRECTION('',(0.0,0.0,1.0));
#20943=CARTESIAN_POINT('',(-3.81,0.9398,0.0));
#20944=DIRECTION('',(0.0,1.0,0.0));
#20945=DIRECTION('',(0.0,0.0,-1.0));
#20946=DIRECTION('',(0.0,0.0,1.0));
#20947=DIRECTION('',(-1.0,0.0,0.0));
#20948=DIRECTION('',(0.0,0.0,-1.0));
#20949=DIRECTION('',(-1.0,0.0,0.0));
#20950=DIRECTION('',(0.0,0.0,1.0));
#20951=CARTESIAN_POINT('',(-1.27,0.9398,0.0));
#20952=DIRECTION('',(0.0,1.0,0.0));
#20953=DIRECTION('',(0.0,0.0,-1.0));
#20954=DIRECTION('',(0.0,0.0,1.0));
#20955=DIRECTION('',(-1.0,0.0,0.0));
#20956=DIRECTION('',(0.0,0.0,-1.0));
#20957=DIRECTION('',(-1.0,0.0,0.0));
#20958=DIRECTION('',(0.0,0.0,1.0));
#20959=CARTESIAN_POINT('',(1.27,0.9398,0.0));
#20960=DIRECTION('',(0.0,1.0,0.0));
#20961=DIRECTION('',(0.0,0.0,-1.0));
#20962=DIRECTION('',(0.0,0.0,1.0));
#20963=DIRECTION('',(-1.0,0.0,0.0));
#20964=DIRECTION('',(0.0,0.0,-1.0));
#20965=DIRECTION('',(-1.0,0.0,0.0));
#20966=DIRECTION('',(0.0,0.0,1.0));
#20967=CARTESIAN_POINT('',(3.81,0.9398,0.0));
#20968=DIRECTION('',(0.0,1.0,0.0));
#20969=DIRECTION('',(0.0,0.0,-1.0));
#20970=DIRECTION('',(0.0,0.0,1.0));
#20971=DIRECTION('',(-1.0,0.0,0.0));
#20972=DIRECTION('',(0.0,0.0,-1.0));
#20973=DIRECTION('',(-1.0,0.0,0.0));
#20974=DIRECTION('',(0.0,0.0,1.0));
#20975=CARTESIAN_POINT('',(6.35,0.9398,0.0));
#20976=DIRECTION('',(0.0,1.0,0.0));
#20977=DIRECTION('',(0.0,0.0,-1.0));
#20978=DIRECTION('',(0.0,0.0,1.0));
#20979=DIRECTION('',(-1.0,0.0,0.0));
#20980=DIRECTION('',(0.0,0.0,-1.0));
#20981=DIRECTION('',(-1.0,0.0,0.0));
#20982=DIRECTION('',(0.0,0.0,1.0));
#20983=CARTESIAN_POINT('',(8.89,0.9398,0.0));
#20984=DIRECTION('',(0.0,1.0,0.0));
#20985=DIRECTION('',(0.0,0.0,-1.0));
#20986=DIRECTION('',(0.0,0.0,1.0));
#20987=DIRECTION('',(-1.0,0.0,0.0));
#20988=DIRECTION('',(0.0,0.0,-1.0));
#20989=DIRECTION('',(-1.0,0.0,0.0));
#20990=DIRECTION('',(0.0,0.0,1.0));
#20991=CARTESIAN_POINT('',(11.43,0.9398,0.0));
#20992=DIRECTION('',(0.0,1.0,0.0));
#20993=DIRECTION('',(0.0,0.0,-1.0));
#20994=DIRECTION('',(0.0,0.0,1.0));
#20995=DIRECTION('',(-1.0,0.0,0.0));
#20996=DIRECTION('',(0.0,0.0,-1.0));
#20997=DIRECTION('',(-1.0,0.0,0.0));
#20998=DIRECTION('',(0.0,0.0,1.0));
#20999=CARTESIAN_POINT('',(13.97,0.9398,0.0));
#21000=DIRECTION('',(0.0,1.0,0.0));
#21001=DIRECTION('',(0.0,0.0,-1.0));
#21002=DIRECTION('',(0.0,0.0,1.0));
#21003=DIRECTION('',(-1.0,0.0,0.0));
#21004=DIRECTION('',(0.0,0.0,-1.0));
#21005=DIRECTION('',(-1.0,0.0,0.0));
#21006=DIRECTION('',(0.0,0.0,1.0));
#21007=CARTESIAN_POINT('',(16.51,0.9398,0.0));
#21008=DIRECTION('',(0.0,1.0,0.0));
#21009=DIRECTION('',(0.0,0.0,-1.0));
#21010=DIRECTION('',(0.0,0.0,1.0));
#21011=DIRECTION('',(-1.0,0.0,0.0));
#21012=DIRECTION('',(0.0,0.0,-1.0));
#21013=DIRECTION('',(-1.0,0.0,0.0));
#21014=DIRECTION('',(0.0,0.0,-1.0));
#21015=CARTESIAN_POINT('',(13.97,0.9398,0.0));
#21016=DIRECTION('',(0.0,1.0,0.0));
#21017=DIRECTION('',(0.0,0.0,1.0));
#21018=DIRECTION('',(0.0,0.0,-1.0));
#21019=DIRECTION('',(-1.0,0.0,0.0));
#21020=DIRECTION('',(0.0,0.0,-1.0));
#21021=DIRECTION('',(-1.0,0.0,0.0));
#21022=DIRECTION('',(0.0,0.0,-1.0));
#21023=CARTESIAN_POINT('',(11.43,0.9398,0.0));
#21024=DIRECTION('',(0.0,1.0,0.0));
#21025=DIRECTION('',(0.0,0.0,1.0));
#21026=DIRECTION('',(0.0,0.0,-1.0));
#21027=DIRECTION('',(-1.0,0.0,0.0));
#21028=DIRECTION('',(0.0,0.0,-1.0));
#21029=DIRECTION('',(-1.0,0.0,0.0));
#21030=DIRECTION('',(0.0,0.0,-1.0));
#21031=CARTESIAN_POINT('',(8.89,0.9398,0.0));
#21032=DIRECTION('',(0.0,1.0,0.0));
#21033=DIRECTION('',(0.0,0.0,1.0));
#21034=DIRECTION('',(0.0,0.0,-1.0));
#21035=DIRECTION('',(-1.0,0.0,0.0));
#21036=DIRECTION('',(0.0,0.0,-1.0));
#21037=DIRECTION('',(-1.0,0.0,0.0));
#21038=DIRECTION('',(0.0,0.0,-1.0));
#21039=CARTESIAN_POINT('',(6.35,0.9398,0.0));
#21040=DIRECTION('',(0.0,1.0,0.0));
#21041=DIRECTION('',(0.0,0.0,1.0));
#21042=DIRECTION('',(0.0,0.0,-1.0));
#21043=DIRECTION('',(-1.0,0.0,0.0));
#21044=DIRECTION('',(0.0,0.0,-1.0));
#21045=DIRECTION('',(-1.0,0.0,0.0));
#21046=DIRECTION('',(0.0,0.0,-1.0));
#21047=CARTESIAN_POINT('',(3.81,0.9398,0.0));
#21048=DIRECTION('',(0.0,1.0,0.0));
#21049=DIRECTION('',(0.0,0.0,1.0));
#21050=DIRECTION('',(0.0,0.0,-1.0));
#21051=DIRECTION('',(-1.0,0.0,0.0));
#21052=DIRECTION('',(0.0,0.0,-1.0));
#21053=DIRECTION('',(-1.0,0.0,0.0));
#21054=DIRECTION('',(0.0,0.0,-1.0));
#21055=CARTESIAN_POINT('',(1.27,0.9398,0.0));
#21056=DIRECTION('',(0.0,1.0,0.0));
#21057=DIRECTION('',(0.0,0.0,1.0));
#21058=DIRECTION('',(0.0,0.0,-1.0));
#21059=DIRECTION('',(-1.0,0.0,0.0));
#21060=DIRECTION('',(0.0,0.0,-1.0));
#21061=DIRECTION('',(-1.0,0.0,0.0));
#21062=DIRECTION('',(0.0,0.0,-1.0));
#21063=CARTESIAN_POINT('',(-1.27,0.9398,0.0));
#21064=DIRECTION('',(0.0,1.0,0.0));
#21065=DIRECTION('',(0.0,0.0,1.0));
#21066=DIRECTION('',(0.0,0.0,-1.0));
#21067=DIRECTION('',(-1.0,0.0,0.0));
#21068=DIRECTION('',(0.0,0.0,-1.0));
#21069=DIRECTION('',(-1.0,0.0,0.0));
#21070=DIRECTION('',(0.0,0.0,-1.0));
#21071=CARTESIAN_POINT('',(-3.81,0.9398,0.0));
#21072=DIRECTION('',(0.0,1.0,0.0));
#21073=DIRECTION('',(0.0,0.0,1.0));
#21074=DIRECTION('',(0.0,0.0,-1.0));
#21075=DIRECTION('',(-1.0,0.0,0.0));
#21076=DIRECTION('',(0.0,0.0,-1.0));
#21077=DIRECTION('',(-1.0,0.0,0.0));
#21078=DIRECTION('',(0.0,0.0,-1.0));
#21079=CARTESIAN_POINT('',(-6.35,0.9398,0.0));
#21080=DIRECTION('',(0.0,1.0,0.0));
#21081=DIRECTION('',(0.0,0.0,1.0));
#21082=DIRECTION('',(0.0,0.0,-1.0));
#21083=DIRECTION('',(-1.0,0.0,0.0));
#21084=DIRECTION('',(0.0,0.0,-1.0));
#21085=DIRECTION('',(-1.0,0.0,0.0));
#21086=DIRECTION('',(0.0,0.0,-1.0));
#21087=CARTESIAN_POINT('',(-8.89,0.9398,0.0));
#21088=DIRECTION('',(0.0,1.0,0.0));
#21089=DIRECTION('',(0.0,0.0,1.0));
#21090=DIRECTION('',(0.0,0.0,-1.0));
#21091=DIRECTION('',(-1.0,0.0,0.0));
#21092=DIRECTION('',(0.0,0.0,-1.0));
#21093=DIRECTION('',(-1.0,0.0,0.0));
#21094=DIRECTION('',(0.0,0.0,-1.0));
#21095=CARTESIAN_POINT('',(-11.43,0.9398,0.0));
#21096=DIRECTION('',(0.0,1.0,0.0));
#21097=DIRECTION('',(0.0,0.0,1.0));
#21098=DIRECTION('',(0.0,0.0,-1.0));
#21099=DIRECTION('',(-1.0,0.0,0.0));
#21100=DIRECTION('',(0.0,0.0,-1.0));
#21101=DIRECTION('',(-1.0,0.0,0.0));
#21102=DIRECTION('',(0.0,0.0,-1.0));
#21103=CARTESIAN_POINT('',(-13.97,0.9398,0.0));
#21104=DIRECTION('',(0.0,1.0,0.0));
#21105=DIRECTION('',(0.0,0.0,1.0));
#21106=DIRECTION('',(0.0,0.0,-1.0));
#21107=DIRECTION('',(-1.0,0.0,0.0));
#21108=DIRECTION('',(0.0,0.0,-1.0));
#21109=DIRECTION('',(-1.0,0.0,0.0));
#21110=DIRECTION('',(0.0,0.0,-1.0));
#21111=CARTESIAN_POINT('',(-16.51,0.9398,0.0));
#21112=DIRECTION('',(0.0,1.0,0.0));
#21113=DIRECTION('',(0.0,0.0,1.0));
#21114=DIRECTION('',(0.0,0.0,-1.0));
#21115=DIRECTION('',(-1.0,0.0,0.0));
#21116=DIRECTION('',(1.0,0.0,0.0));
#21117=DIRECTION('',(0.0,0.0,-1.0));
#21118=DIRECTION('',(1.0,0.0,0.0));
#21119=DIRECTION('',(0.0,0.0,-1.0));
#21120=DIRECTION('',(1.0,0.0,0.0));
#21121=DIRECTION('',(0.0,0.0,-1.0));
#21122=DIRECTION('',(1.0,0.0,0.0));
#21123=DIRECTION('',(0.0,0.0,-1.0));
#21124=DIRECTION('',(1.0,0.0,0.0));
#21125=DIRECTION('',(0.0,0.0,-1.0));
#21126=DIRECTION('',(1.0,0.0,0.0));
#21127=DIRECTION('',(0.0,0.0,-1.0));
#21128=DIRECTION('',(1.0,0.0,0.0));
#21129=DIRECTION('',(0.0,0.0,-1.0));
#21130=DIRECTION('',(1.0,0.0,0.0));
#21131=DIRECTION('',(0.0,0.0,-1.0));
#21132=DIRECTION('',(1.0,0.0,0.0));
#21133=DIRECTION('',(0.0,0.0,-1.0));
#21134=DIRECTION('',(1.0,0.0,0.0));
#21135=DIRECTION('',(0.0,0.0,-1.0));
#21136=DIRECTION('',(1.0,0.0,0.0));
#21137=DIRECTION('',(0.0,0.0,-1.0));
#21138=DIRECTION('',(1.0,0.0,0.0));
#21139=DIRECTION('',(0.0,0.0,-1.0));
#21140=DIRECTION('',(1.0,0.0,0.0));
#21141=DIRECTION('',(0.0,0.0,-1.0));
#21142=DIRECTION('',(1.0,0.0,0.0));
#21143=DIRECTION('',(0.0,0.0,-1.0));
#21144=DIRECTION('',(1.0,0.0,0.0));
#21145=DIRECTION('',(0.0,0.0,-1.0));
#21146=DIRECTION('',(1.0,0.0,0.0));
#21147=DIRECTION('',(0.0,0.0,-1.0));
#21148=DIRECTION('',(1.0,0.0,0.0));
#21149=DIRECTION('',(0.0,0.0,-1.0));
#21150=DIRECTION('',(1.0,0.0,0.0));
#21151=DIRECTION('',(0.0,0.0,-1.0));
#21152=DIRECTION('',(1.0,0.0,0.0));
#21153=DIRECTION('',(0.0,0.0,-1.0));
#21154=DIRECTION('',(1.0,0.0,0.0));
#21155=DIRECTION('',(0.0,0.0,-1.0));
#21156=DIRECTION('',(1.0,0.0,0.0));
#21157=DIRECTION('',(0.0,0.0,-1.0));
#21158=DIRECTION('',(1.0,0.0,0.0));
#21159=DIRECTION('',(0.0,0.0,-1.0));
#21160=DIRECTION('',(1.0,0.0,0.0));
#21161=DIRECTION('',(0.0,0.0,-1.0));
#21162=DIRECTION('',(1.0,0.0,0.0));
#21163=DIRECTION('',(0.0,0.0,-1.0));
#21164=DIRECTION('',(1.0,0.0,0.0));
#21165=DIRECTION('',(0.0,0.0,-1.0));
#21166=DIRECTION('',(1.0,0.0,0.0));
#21167=DIRECTION('',(0.0,0.0,-1.0));
#21168=DIRECTION('',(1.0,0.0,0.0));
#21169=DIRECTION('',(0.0,0.0,-1.0));
#21170=DIRECTION('',(1.0,0.0,0.0));
#21171=DIRECTION('',(0.0,0.0,-1.0));
#21172=DIRECTION('',(-1.0,0.0,0.0));
#21173=DIRECTION('',(0.0,1.0,0.0));
#21174=DIRECTION('',(0.0,1.0,0.0));
#21175=DIRECTION('',(-1.0,0.0,0.0));
#21176=DIRECTION('',(0.0,1.0,0.0));
#21177=DIRECTION('',(-1.0,0.0,0.0));
#21178=DIRECTION('',(0.0,1.0,0.0));
#21179=DIRECTION('',(0.0,1.0,0.0));
#21180=DIRECTION('',(0.0,1.0,0.0));
#21181=DIRECTION('',(-1.0,0.0,0.0));
#21182=DIRECTION('',(0.0,1.0,0.0));
#21183=DIRECTION('',(-1.0,0.0,0.0));
#21184=DIRECTION('',(0.0,1.0,0.0));
#21185=DIRECTION('',(0.0,1.0,0.0));
#21186=DIRECTION('',(0.0,1.0,0.0));
#21187=DIRECTION('',(-1.0,0.0,0.0));
#21188=DIRECTION('',(0.0,1.0,0.0));
#21189=DIRECTION('',(-1.0,0.0,0.0));
#21190=DIRECTION('',(0.0,1.0,0.0));
#21191=DIRECTION('',(0.0,1.0,0.0));
#21192=DIRECTION('',(0.0,1.0,0.0));
#21193=DIRECTION('',(-1.0,0.0,0.0));
#21194=DIRECTION('',(0.0,1.0,0.0));
#21195=DIRECTION('',(-1.0,0.0,0.0));
#21196=DIRECTION('',(0.0,1.0,0.0));
#21197=DIRECTION('',(0.0,1.0,0.0));
#21198=DIRECTION('',(0.0,1.0,0.0));
#21199=DIRECTION('',(-1.0,0.0,0.0));
#21200=DIRECTION('',(0.0,1.0,0.0));
#21201=DIRECTION('',(-1.0,0.0,0.0));
#21202=DIRECTION('',(0.0,1.0,0.0));
#21203=DIRECTION('',(0.0,1.0,0.0));
#21204=DIRECTION('',(0.0,1.0,0.0));
#21205=DIRECTION('',(-1.0,0.0,0.0));
#21206=DIRECTION('',(0.0,1.0,0.0));
#21207=DIRECTION('',(-1.0,0.0,0.0));
#21208=DIRECTION('',(0.0,1.0,0.0));
#21209=DIRECTION('',(0.0,1.0,0.0));
#21210=DIRECTION('',(0.0,1.0,0.0));
#21211=DIRECTION('',(-1.0,0.0,0.0));
#21212=DIRECTION('',(0.0,1.0,0.0));
#21213=DIRECTION('',(-1.0,0.0,0.0));
#21214=DIRECTION('',(0.0,1.0,0.0));
#21215=DIRECTION('',(0.0,1.0,0.0));
#21216=DIRECTION('',(0.0,1.0,0.0));
#21217=DIRECTION('',(-1.0,0.0,0.0));
#21218=DIRECTION('',(0.0,1.0,0.0));
#21219=DIRECTION('',(-1.0,0.0,0.0));
#21220=DIRECTION('',(0.0,1.0,0.0));
#21221=DIRECTION('',(0.0,1.0,0.0));
#21222=DIRECTION('',(0.0,1.0,0.0));
#21223=DIRECTION('',(-1.0,0.0,0.0));
#21224=DIRECTION('',(0.0,1.0,0.0));
#21225=DIRECTION('',(-1.0,0.0,0.0));
#21226=DIRECTION('',(0.0,1.0,0.0));
#21227=DIRECTION('',(0.0,1.0,0.0));
#21228=DIRECTION('',(0.0,1.0,0.0));
#21229=DIRECTION('',(-1.0,0.0,0.0));
#21230=DIRECTION('',(0.0,1.0,0.0));
#21231=DIRECTION('',(-1.0,0.0,0.0));
#21232=DIRECTION('',(0.0,1.0,0.0));
#21233=DIRECTION('',(0.0,1.0,0.0));
#21234=DIRECTION('',(0.0,1.0,0.0));
#21235=DIRECTION('',(-1.0,0.0,0.0));
#21236=DIRECTION('',(0.0,1.0,0.0));
#21237=DIRECTION('',(-1.0,0.0,0.0));
#21238=DIRECTION('',(0.0,1.0,0.0));
#21239=DIRECTION('',(0.0,1.0,0.0));
#21240=DIRECTION('',(0.0,1.0,0.0));
#21241=DIRECTION('',(-1.0,0.0,0.0));
#21242=DIRECTION('',(0.0,1.0,0.0));
#21243=DIRECTION('',(-1.0,0.0,0.0));
#21244=DIRECTION('',(0.0,1.0,0.0));
#21245=DIRECTION('',(0.0,1.0,0.0));
#21246=DIRECTION('',(0.0,1.0,0.0));
#21247=DIRECTION('',(-1.0,0.0,0.0));
#21248=DIRECTION('',(0.0,1.0,0.0));
#21249=DIRECTION('',(-1.0,0.0,0.0));
#21250=DIRECTION('',(0.0,1.0,0.0));
#21251=DIRECTION('',(0.0,1.0,0.0));
#21252=DIRECTION('',(0.0,1.0,0.0));
#21253=DIRECTION('',(-1.0,0.0,0.0));
#21254=DIRECTION('',(0.0,1.0,0.0));
#21255=DIRECTION('',(0.0,-1.0,0.0));
#21256=DIRECTION('',(0.0,0.0,-1.0));
#21257=DIRECTION('',(0.0,0.0,-1.0));
#21258=DIRECTION('',(-1.0,0.0,0.0));
#21259=DIRECTION('',(0.0,0.0,1.0));
#21260=CARTESIAN_POINT('',(16.51,1.143,0.0));
#21261=DIRECTION('',(0.0,1.0,0.0));
#21262=DIRECTION('',(0.0,0.0,1.0));
#21263=DIRECTION('',(-1.0,0.0,0.0));
#21264=DIRECTION('',(0.0,0.0,-1.0));
#21265=CARTESIAN_POINT('',(16.51,1.143,0.0));
#21266=DIRECTION('',(0.0,1.0,0.0));
#21267=DIRECTION('',(0.0,0.0,-1.0));
#21268=DIRECTION('',(0.0,0.0,1.0));
#21269=DIRECTION('',(0.0,0.0,-1.0));
#21270=DIRECTION('',(0.0,0.0,-1.0));
#21271=DIRECTION('',(-1.0,0.0,0.0));
#21272=DIRECTION('',(0.0,0.0,1.0));
#21273=CARTESIAN_POINT('',(13.97,1.143,0.0));
#21274=DIRECTION('',(0.0,1.0,0.0));
#21275=DIRECTION('',(0.0,0.0,1.0));
#21276=DIRECTION('',(-1.0,0.0,0.0));
#21277=DIRECTION('',(0.0,0.0,-1.0));
#21278=DIRECTION('',(0.0,0.0,-1.0));
#21279=CARTESIAN_POINT('',(13.97,1.143,0.0));
#21280=DIRECTION('',(0.0,1.0,0.0));
#21281=DIRECTION('',(0.0,0.0,-1.0));
#21282=DIRECTION('',(0.0,0.0,1.0));
#21283=DIRECTION('',(0.0,0.0,-1.0));
#21284=DIRECTION('',(0.0,0.0,-1.0));
#21285=DIRECTION('',(-1.0,0.0,0.0));
#21286=DIRECTION('',(0.0,0.0,1.0));
#21287=CARTESIAN_POINT('',(11.43,1.143,0.0));
#21288=DIRECTION('',(0.0,1.0,0.0));
#21289=DIRECTION('',(0.0,0.0,1.0));
#21290=DIRECTION('',(-1.0,0.0,0.0));
#21291=DIRECTION('',(0.0,0.0,-1.0));
#21292=DIRECTION('',(0.0,0.0,-1.0));
#21293=CARTESIAN_POINT('',(11.43,1.143,0.0));
#21294=DIRECTION('',(0.0,1.0,0.0));
#21295=DIRECTION('',(0.0,0.0,-1.0));
#21296=DIRECTION('',(0.0,0.0,1.0));
#21297=DIRECTION('',(0.0,0.0,-1.0));
#21298=DIRECTION('',(0.0,0.0,-1.0));
#21299=DIRECTION('',(-1.0,0.0,0.0));
#21300=DIRECTION('',(0.0,0.0,1.0));
#21301=CARTESIAN_POINT('',(8.89,1.143,0.0));
#21302=DIRECTION('',(0.0,1.0,0.0));
#21303=DIRECTION('',(0.0,0.0,1.0));
#21304=DIRECTION('',(-1.0,0.0,0.0));
#21305=DIRECTION('',(0.0,0.0,-1.0));
#21306=DIRECTION('',(0.0,0.0,-1.0));
#21307=CARTESIAN_POINT('',(8.89,1.143,0.0));
#21308=DIRECTION('',(0.0,1.0,0.0));
#21309=DIRECTION('',(0.0,0.0,-1.0));
#21310=DIRECTION('',(0.0,0.0,1.0));
#21311=DIRECTION('',(0.0,0.0,-1.0));
#21312=DIRECTION('',(0.0,0.0,-1.0));
#21313=DIRECTION('',(-1.0,0.0,0.0));
#21314=DIRECTION('',(0.0,0.0,1.0));
#21315=CARTESIAN_POINT('',(6.35,1.143,0.0));
#21316=DIRECTION('',(0.0,1.0,0.0));
#21317=DIRECTION('',(0.0,0.0,1.0));
#21318=DIRECTION('',(-1.0,0.0,0.0));
#21319=DIRECTION('',(0.0,0.0,-1.0));
#21320=DIRECTION('',(0.0,0.0,-1.0));
#21321=CARTESIAN_POINT('',(6.35,1.143,0.0));
#21322=DIRECTION('',(0.0,1.0,0.0));
#21323=DIRECTION('',(0.0,0.0,-1.0));
#21324=DIRECTION('',(0.0,0.0,1.0));
#21325=DIRECTION('',(0.0,0.0,-1.0));
#21326=DIRECTION('',(0.0,0.0,-1.0));
#21327=DIRECTION('',(-1.0,0.0,0.0));
#21328=DIRECTION('',(0.0,0.0,1.0));
#21329=CARTESIAN_POINT('',(3.81,1.143,0.0));
#21330=DIRECTION('',(0.0,1.0,0.0));
#21331=DIRECTION('',(0.0,0.0,1.0));
#21332=DIRECTION('',(-1.0,0.0,0.0));
#21333=DIRECTION('',(0.0,0.0,-1.0));
#21334=DIRECTION('',(0.0,0.0,-1.0));
#21335=CARTESIAN_POINT('',(3.81,1.143,0.0));
#21336=DIRECTION('',(0.0,1.0,0.0));
#21337=DIRECTION('',(0.0,0.0,-1.0));
#21338=DIRECTION('',(0.0,0.0,1.0));
#21339=DIRECTION('',(0.0,0.0,-1.0));
#21340=DIRECTION('',(0.0,0.0,-1.0));
#21341=DIRECTION('',(-1.0,0.0,0.0));
#21342=DIRECTION('',(0.0,0.0,1.0));
#21343=CARTESIAN_POINT('',(1.27,1.143,0.0));
#21344=DIRECTION('',(0.0,1.0,0.0));
#21345=DIRECTION('',(0.0,0.0,1.0));
#21346=DIRECTION('',(-1.0,0.0,0.0));
#21347=DIRECTION('',(0.0,0.0,-1.0));
#21348=DIRECTION('',(0.0,0.0,-1.0));
#21349=CARTESIAN_POINT('',(1.27,1.143,0.0));
#21350=DIRECTION('',(0.0,1.0,0.0));
#21351=DIRECTION('',(0.0,0.0,-1.0));
#21352=DIRECTION('',(0.0,0.0,1.0));
#21353=DIRECTION('',(0.0,0.0,-1.0));
#21354=DIRECTION('',(0.0,0.0,-1.0));
#21355=DIRECTION('',(-1.0,0.0,0.0));
#21356=DIRECTION('',(0.0,0.0,1.0));
#21357=CARTESIAN_POINT('',(-1.27,1.143,0.0));
#21358=DIRECTION('',(0.0,1.0,0.0));
#21359=DIRECTION('',(0.0,0.0,1.0));
#21360=DIRECTION('',(-1.0,0.0,0.0));
#21361=DIRECTION('',(0.0,0.0,-1.0));
#21362=DIRECTION('',(0.0,0.0,-1.0));
#21363=CARTESIAN_POINT('',(-1.27,1.143,0.0));
#21364=DIRECTION('',(0.0,1.0,0.0));
#21365=DIRECTION('',(0.0,0.0,-1.0));
#21366=DIRECTION('',(0.0,0.0,1.0));
#21367=DIRECTION('',(0.0,0.0,-1.0));
#21368=DIRECTION('',(0.0,0.0,-1.0));
#21369=DIRECTION('',(-1.0,0.0,0.0));
#21370=DIRECTION('',(0.0,0.0,1.0));
#21371=CARTESIAN_POINT('',(-3.81,1.143,0.0));
#21372=DIRECTION('',(0.0,1.0,0.0));
#21373=DIRECTION('',(0.0,0.0,1.0));
#21374=DIRECTION('',(-1.0,0.0,0.0));
#21375=DIRECTION('',(0.0,0.0,-1.0));
#21376=DIRECTION('',(0.0,0.0,-1.0));
#21377=CARTESIAN_POINT('',(-3.81,1.143,0.0));
#21378=DIRECTION('',(0.0,1.0,0.0));
#21379=DIRECTION('',(0.0,0.0,-1.0));
#21380=DIRECTION('',(0.0,0.0,1.0));
#21381=DIRECTION('',(0.0,0.0,-1.0));
#21382=DIRECTION('',(0.0,0.0,-1.0));
#21383=DIRECTION('',(-1.0,0.0,0.0));
#21384=DIRECTION('',(0.0,0.0,1.0));
#21385=CARTESIAN_POINT('',(-6.35,1.143,0.0));
#21386=DIRECTION('',(0.0,1.0,0.0));
#21387=DIRECTION('',(0.0,0.0,1.0));
#21388=DIRECTION('',(-1.0,0.0,0.0));
#21389=DIRECTION('',(0.0,0.0,-1.0));
#21390=DIRECTION('',(0.0,0.0,-1.0));
#21391=CARTESIAN_POINT('',(-6.35,1.143,0.0));
#21392=DIRECTION('',(0.0,1.0,0.0));
#21393=DIRECTION('',(0.0,0.0,-1.0));
#21394=DIRECTION('',(0.0,0.0,1.0));
#21395=DIRECTION('',(0.0,0.0,-1.0));
#21396=DIRECTION('',(0.0,0.0,-1.0));
#21397=DIRECTION('',(-1.0,0.0,0.0));
#21398=DIRECTION('',(0.0,0.0,1.0));
#21399=CARTESIAN_POINT('',(-8.89,1.143,0.0));
#21400=DIRECTION('',(0.0,1.0,0.0));
#21401=DIRECTION('',(0.0,0.0,1.0));
#21402=DIRECTION('',(-1.0,0.0,0.0));
#21403=DIRECTION('',(0.0,0.0,-1.0));
#21404=DIRECTION('',(0.0,0.0,-1.0));
#21405=CARTESIAN_POINT('',(-8.89,1.143,0.0));
#21406=DIRECTION('',(0.0,1.0,0.0));
#21407=DIRECTION('',(0.0,0.0,-1.0));
#21408=DIRECTION('',(0.0,0.0,1.0));
#21409=DIRECTION('',(0.0,0.0,-1.0));
#21410=DIRECTION('',(0.0,0.0,-1.0));
#21411=DIRECTION('',(-1.0,0.0,0.0));
#21412=DIRECTION('',(0.0,0.0,1.0));
#21413=CARTESIAN_POINT('',(-11.43,1.143,0.0));
#21414=DIRECTION('',(0.0,1.0,0.0));
#21415=DIRECTION('',(0.0,0.0,1.0));
#21416=DIRECTION('',(-1.0,0.0,0.0));
#21417=DIRECTION('',(0.0,0.0,-1.0));
#21418=DIRECTION('',(0.0,0.0,-1.0));
#21419=CARTESIAN_POINT('',(-11.43,1.143,0.0));
#21420=DIRECTION('',(0.0,1.0,0.0));
#21421=DIRECTION('',(0.0,0.0,-1.0));
#21422=DIRECTION('',(0.0,0.0,1.0));
#21423=DIRECTION('',(0.0,0.0,-1.0));
#21424=DIRECTION('',(0.0,0.0,-1.0));
#21425=DIRECTION('',(-1.0,0.0,0.0));
#21426=DIRECTION('',(0.0,0.0,1.0));
#21427=CARTESIAN_POINT('',(-13.97,1.143,0.0));
#21428=DIRECTION('',(0.0,1.0,0.0));
#21429=DIRECTION('',(0.0,0.0,1.0));
#21430=DIRECTION('',(-1.0,0.0,0.0));
#21431=DIRECTION('',(0.0,0.0,-1.0));
#21432=DIRECTION('',(0.0,0.0,-1.0));
#21433=CARTESIAN_POINT('',(-13.97,1.143,0.0));
#21434=DIRECTION('',(0.0,1.0,0.0));
#21435=DIRECTION('',(0.0,0.0,-1.0));
#21436=DIRECTION('',(0.0,0.0,1.0));
#21437=DIRECTION('',(0.0,0.0,-1.0));
#21438=DIRECTION('',(0.0,0.0,-1.0));
#21439=DIRECTION('',(-1.0,0.0,0.0));
#21440=DIRECTION('',(0.0,0.0,1.0));
#21441=CARTESIAN_POINT('',(-16.51,1.143,0.0));
#21442=DIRECTION('',(0.0,1.0,0.0));
#21443=DIRECTION('',(0.0,0.0,1.0));
#21444=DIRECTION('',(-1.0,0.0,0.0));
#21445=DIRECTION('',(0.0,0.0,-1.0));
#21446=DIRECTION('',(0.0,0.0,-1.0));
#21447=CARTESIAN_POINT('',(-16.51,1.143,0.0));
#21448=DIRECTION('',(0.0,1.0,0.0));
#21449=DIRECTION('',(0.0,0.0,-1.0));
#21450=DIRECTION('',(0.0,0.0,1.0));
#21451=DIRECTION('',(0.0,-1.0,0.0));
#21452=DIRECTION('',(0.0,-1.0,0.0));
#21453=DIRECTION('',(0.0,-1.0,0.0));
#21454=DIRECTION('',(0.0,-1.0,0.0));
#21455=DIRECTION('',(0.0,-1.0,0.0));
#21456=DIRECTION('',(0.0,-1.0,0.0));
#21457=DIRECTION('',(0.0,-1.0,0.0));
#21458=DIRECTION('',(0.0,-1.0,0.0));
#21459=DIRECTION('',(0.0,-1.0,0.0));
#21460=DIRECTION('',(0.0,-1.0,0.0));
#21461=DIRECTION('',(0.0,-1.0,0.0));
#21462=DIRECTION('',(0.0,-1.0,0.0));
#21463=DIRECTION('',(0.0,-1.0,0.0));
#21464=DIRECTION('',(0.0,-1.0,0.0));
#21465=DIRECTION('',(0.0,-1.0,0.0));
#21466=DIRECTION('',(0.0,-1.0,0.0));
#21467=DIRECTION('',(0.0,-1.0,0.0));
#21468=DIRECTION('',(0.0,-1.0,0.0));
#21469=DIRECTION('',(0.0,-1.0,0.0));
#21470=DIRECTION('',(0.0,-1.0,0.0));
#21471=DIRECTION('',(0.0,-1.0,0.0));
#21472=DIRECTION('',(0.0,-1.0,0.0));
#21473=DIRECTION('',(0.0,-1.0,0.0));
#21474=DIRECTION('',(0.0,-1.0,0.0));
#21475=DIRECTION('',(0.0,-1.0,0.0));
#21476=DIRECTION('',(0.0,-1.0,0.0));
#21477=DIRECTION('',(0.0,-1.0,0.0));
#21478=DIRECTION('',(0.0,-1.0,0.0));
#21479=DIRECTION('',(0.0,-1.0,0.0));
#21480=DIRECTION('',(0.0,-1.0,0.0));
#21481=DIRECTION('',(0.0,-1.0,0.0));
#21482=DIRECTION('',(0.0,-1.0,0.0));
#21483=DIRECTION('',(0.0,-1.0,0.0));
#21484=DIRECTION('',(0.0,-1.0,0.0));
#21485=DIRECTION('',(0.0,-1.0,0.0));
#21486=DIRECTION('',(0.0,-1.0,0.0));
#21487=DIRECTION('',(0.0,-1.0,0.0));
#21488=DIRECTION('',(0.0,-1.0,0.0));
#21489=DIRECTION('',(0.0,-1.0,0.0));
#21490=DIRECTION('',(0.0,-1.0,0.0));
#21491=DIRECTION('',(0.0,-1.0,0.0));
#21492=DIRECTION('',(0.0,-1.0,0.0));
#21493=DIRECTION('',(0.0,-1.0,0.0));
#21494=DIRECTION('',(0.0,-1.0,0.0));
#21495=DIRECTION('',(0.0,-1.0,0.0));
#21496=DIRECTION('',(0.0,-1.0,0.0));
#21497=DIRECTION('',(0.0,-1.0,0.0));
#21498=DIRECTION('',(0.0,-1.0,0.0));
#21499=DIRECTION('',(0.0,-1.0,0.0));
#21500=DIRECTION('',(0.0,-1.0,0.0));
#21501=DIRECTION('',(0.0,-1.0,0.0));
#21502=DIRECTION('',(0.0,-1.0,0.0));
#21503=DIRECTION('',(0.0,-1.0,0.0));
#21504=DIRECTION('',(0.0,-1.0,0.0));
#21505=DIRECTION('',(0.0,-1.0,0.0));
#21506=DIRECTION('',(0.0,-1.0,0.0));
#21507=DIRECTION('',(0.0,-1.0,0.0));
#21508=DIRECTION('',(0.0,-1.0,0.0));
#21509=DIRECTION('',(0.0,-1.0,0.0));
#21510=DIRECTION('',(0.0,-1.0,0.0));
#21511=DIRECTION('',(0.0,-1.0,0.0));
#21512=DIRECTION('',(0.0,-1.0,0.0));
#21513=DIRECTION('',(0.0,-1.0,0.0));
#21514=DIRECTION('',(0.0,-1.0,0.0));
#21515=DIRECTION('',(0.0,-1.0,0.0));
#21516=DIRECTION('',(0.0,-1.0,0.0));
#21517=DIRECTION('',(0.0,-1.0,0.0));
#21518=DIRECTION('',(0.0,-1.0,0.0));
#21519=DIRECTION('',(0.0,-1.0,0.0));
#21520=DIRECTION('',(0.0,-1.0,0.0));
#21521=DIRECTION('',(0.0,-1.0,0.0));
#21522=DIRECTION('',(0.0,-1.0,0.0));
#21523=DIRECTION('',(0.0,-1.0,0.0));
#21524=DIRECTION('',(0.0,-1.0,0.0));
#21525=DIRECTION('',(0.0,-1.0,0.0));
#21526=DIRECTION('',(0.0,-1.0,0.0));
#21527=DIRECTION('',(0.0,-1.0,0.0));
#21528=DIRECTION('',(0.0,-1.0,0.0));
#21529=DIRECTION('',(0.0,-1.0,0.0));
#21530=DIRECTION('',(0.0,-1.0,0.0));
#21531=DIRECTION('',(0.0,-1.0,0.0));
#21532=DIRECTION('',(0.0,-1.0,0.0));
#21533=DIRECTION('',(0.0,-1.0,0.0));
#21534=DIRECTION('',(0.0,0.0,1.0));
#21535=DIRECTION('',(0.0,-1.0,0.0));
#21536=DIRECTION('',(0.0,0.0,1.0));
#21537=DIRECTION('',(0.0,1.0,0.0));
#21538=DIRECTION('',(0.0,0.0,1.0));
#21539=DIRECTION('',(0.0,-1.0,0.0));
#21540=DIRECTION('',(1.0,0.0,0.0));
#21541=DIRECTION('',(0.0,-1.0,0.0));
#21542=DIRECTION('',(0.0,0.0,-1.0));
#21543=DIRECTION('',(0.0,-1.0,0.0));
#21544=DIRECTION('',(-0.796162194123081,0.0,-0.605083267533586));
#21545=DIRECTION('',(0.0,-1.0,0.0));
#21546=DIRECTION('',(0.0,-1.0,0.0));
#21547=DIRECTION('',(0.0,1.0,0.0));
#21548=DIRECTION('',(-1.0,0.0,0.0));
#21549=DIRECTION('',(-1.0,0.0,0.0));
#21550=DIRECTION('',(0.0,1.0,0.0));
#21551=DIRECTION('',(0.0,1.0,0.0));
#21552=DIRECTION('',(-1.0,0.0,0.0));
#21553=DIRECTION('',(0.0,1.0,0.0));
#21554=DIRECTION('',(0.0,1.0,0.0));
#21555=DIRECTION('',(-1.0,0.0,0.0));
#21556=DIRECTION('',(0.0,1.0,0.0));
#21557=DIRECTION('',(0.0,1.0,0.0));
#21558=DIRECTION('',(-1.0,0.0,0.0));
#21559=DIRECTION('',(0.0,1.0,0.0));
#21560=DIRECTION('',(0.0,1.0,0.0));
#21561=DIRECTION('',(-1.0,0.0,0.0));
#21562=DIRECTION('',(0.0,1.0,0.0));
#21563=DIRECTION('',(0.0,1.0,0.0));
#21564=DIRECTION('',(-1.0,0.0,0.0));
#21565=DIRECTION('',(0.0,1.0,0.0));
#21566=DIRECTION('',(0.0,1.0,0.0));
#21567=DIRECTION('',(-1.0,0.0,0.0));
#21568=DIRECTION('',(0.0,1.0,0.0));
#21569=DIRECTION('',(0.0,1.0,0.0));
#21570=DIRECTION('',(-1.0,0.0,0.0));
#21571=DIRECTION('',(0.0,1.0,0.0));
#21572=DIRECTION('',(0.0,1.0,0.0));
#21573=DIRECTION('',(-1.0,0.0,0.0));
#21574=DIRECTION('',(0.0,1.0,0.0));
#21575=DIRECTION('',(0.0,1.0,0.0));
#21576=DIRECTION('',(-1.0,0.0,0.0));
#21577=DIRECTION('',(0.0,1.0,0.0));
#21578=DIRECTION('',(0.0,1.0,0.0));
#21579=DIRECTION('',(-1.0,0.0,0.0));
#21580=DIRECTION('',(0.0,1.0,0.0));
#21581=DIRECTION('',(0.0,1.0,0.0));
#21582=DIRECTION('',(-1.0,0.0,0.0));
#21583=DIRECTION('',(0.0,1.0,0.0));
#21584=DIRECTION('',(0.0,1.0,0.0));
#21585=DIRECTION('',(-1.0,0.0,0.0));
#21586=DIRECTION('',(0.0,1.0,0.0));
#21587=DIRECTION('',(-1.0,0.0,0.0));
#21588=DIRECTION('',(0.0,0.0,-1.0));
#21589=DIRECTION('',(0.796162194123081,0.0,-0.605083267533586));
#21590=DIRECTION('',(-1.0,0.0,0.0));
#21591=DIRECTION('',(-0.707106781186547,0.0,-0.707106781186547));
#21592=DIRECTION('',(-0.707106781186547,0.0,0.707106781186547));
#21593=DIRECTION('',(-1.0,0.0,0.0));
#21594=DIRECTION('',(-0.707106781186598,0.0,-0.707106781186498));
#21595=DIRECTION('',(-0.707106781186498,0.0,0.707106781186598));
#21596=DIRECTION('',(-1.0,0.0,0.0));
#21597=DIRECTION('',(-0.707106781186547,0.0,-0.707106781186547));
#21598=DIRECTION('',(-0.707106781186598,0.0,0.707106781186498));
#21599=DIRECTION('',(-1.0,0.0,0.0));
#21600=DIRECTION('',(-0.707106781186547,0.0,-0.707106781186547));
#21601=DIRECTION('',(-0.707106781186498,0.0,0.707106781186598));
#21602=DIRECTION('',(-1.0,0.0,0.0));
#21603=DIRECTION('',(-0.707106781186547,0.0,-0.707106781186547));
#21604=DIRECTION('',(-0.707106781186547,0.0,0.707106781186547));
#21605=DIRECTION('',(-1.0,0.0,0.0));
#21606=DIRECTION('',(-0.707106781186547,0.0,-0.707106781186547));
#21607=DIRECTION('',(-0.707106781186547,0.0,0.707106781186547));
#21608=DIRECTION('',(-1.0,0.0,0.0));
#21609=DIRECTION('',(-0.707106781186547,0.0,-0.707106781186547));
#21610=DIRECTION('',(-0.707106781186547,0.0,0.707106781186547));
#21611=DIRECTION('',(-1.0,0.0,0.0));
#21612=DIRECTION('',(-0.707106781186547,0.0,-0.707106781186547));
#21613=DIRECTION('',(-0.707106781186547,0.0,0.707106781186547));
#21614=DIRECTION('',(-1.0,0.0,0.0));
#21615=DIRECTION('',(-0.707106781186547,0.0,-0.707106781186547));
#21616=DIRECTION('',(-0.707106781186547,0.0,0.707106781186547));
#21617=DIRECTION('',(-1.0,0.0,0.0));
#21618=DIRECTION('',(-0.707106781186547,0.0,-0.707106781186547));
#21619=DIRECTION('',(-0.707106781186547,0.0,0.707106781186547));
#21620=DIRECTION('',(-1.0,0.0,0.0));
#21621=DIRECTION('',(-0.707106781186547,0.0,-0.707106781186547));
#21622=DIRECTION('',(-0.707106781186598,0.0,0.707106781186498));
#21623=DIRECTION('',(-1.0,0.0,0.0));
#21624=DIRECTION('',(-0.707106781186598,0.0,-0.707106781186498));
#21625=DIRECTION('',(-0.707106781186498,0.0,0.707106781186598));
#21626=DIRECTION('',(-1.0,0.0,0.0));
#21627=DIRECTION('',(-0.707106781186547,0.0,-0.707106781186547));
#21628=DIRECTION('',(-0.707106781186598,0.0,0.707106781186498));
#21629=DIRECTION('',(-1.0,0.0,0.0));
#21630=DIRECTION('',(0.796162194123081,0.0,0.605083267533586));
#21631=DIRECTION('',(0.0,0.0,1.0));
#21632=DIRECTION('',(-1.0,0.0,0.0));
#21633=DIRECTION('',(-1.0,0.0,0.0));
#21634=DIRECTION('',(0.0,0.0,1.0));
#21635=CARTESIAN_POINT('',(16.51,-0.9398,0.0));
#21636=DIRECTION('',(0.0,-1.0,0.0));
#21637=DIRECTION('',(0.0,0.0,-1.0));
#21638=DIRECTION('',(0.0,0.0,1.0));
#21639=DIRECTION('',(-1.0,0.0,0.0));
#21640=DIRECTION('',(1.0,0.0,0.0));
#21641=DIRECTION('',(0.0,0.0,1.0));
#21642=DIRECTION('',(-0.796162194123081,0.0,0.605083267533586));
#21643=DIRECTION('',(0.707106781186598,0.0,0.707106781186498));
#21644=DIRECTION('',(0.707106781186498,0.0,-0.707106781186598));
#21645=DIRECTION('',(0.707106781186498,0.0,0.707106781186598));
#21646=DIRECTION('',(0.707106781186547,0.0,-0.707106781186547));
#21647=DIRECTION('',(0.707106781186547,0.0,0.707106781186547));
#21648=DIRECTION('',(0.707106781186547,0.0,-0.707106781186547));
#21649=DIRECTION('',(0.707106781186547,0.0,0.707106781186547));
#21650=DIRECTION('',(0.707106781186547,0.0,-0.707106781186547));
#21651=DIRECTION('',(0.707106781186547,0.0,0.707106781186547));
#21652=DIRECTION('',(0.707106781186547,0.0,-0.707106781186547));
#21653=DIRECTION('',(0.707106781186547,0.0,0.707106781186547));
#21654=DIRECTION('',(0.707106781186547,0.0,-0.707106781186547));
#21655=DIRECTION('',(0.707106781186598,0.0,0.707106781186498));
#21656=DIRECTION('',(0.707106781186547,0.0,-0.707106781186547));
#21657=DIRECTION('',(0.707106781186598,0.0,0.707106781186498));
#21658=DIRECTION('',(0.707106781186547,0.0,-0.707106781186547));
#21659=DIRECTION('',(0.707106781186547,0.0,0.707106781186547));
#21660=DIRECTION('',(0.707106781186547,0.0,-0.707106781186547));
#21661=DIRECTION('',(0.707106781186547,0.0,0.707106781186547));
#21662=DIRECTION('',(0.707106781186498,0.0,-0.707106781186598));
#21663=DIRECTION('',(0.707106781186598,0.0,0.707106781186498));
#21664=DIRECTION('',(0.707106781186547,0.0,-0.707106781186547));
#21665=DIRECTION('',(0.707106781186498,0.0,0.707106781186598));
#21666=DIRECTION('',(0.707106781186598,0.0,-0.707106781186498));
#21667=DIRECTION('',(0.707106781186598,0.0,0.707106781186498));
#21668=DIRECTION('',(0.707106781186547,0.0,-0.707106781186547));
#21669=DIRECTION('',(-1.0,0.0,0.0));
#21670=DIRECTION('',(0.0,0.0,-1.0));
#21671=CARTESIAN_POINT('',(-16.51,-0.9398,0.0));
#21672=DIRECTION('',(0.0,-1.0,0.0));
#21673=DIRECTION('',(0.0,0.0,1.0));
#21674=DIRECTION('',(0.0,0.0,-1.0));
#21675=DIRECTION('',(-1.0,0.0,0.0));
#21676=DIRECTION('',(0.0,0.0,-1.0));
#21677=DIRECTION('',(-1.0,0.0,0.0));
#21678=DIRECTION('',(0.0,0.0,1.0));
#21679=CARTESIAN_POINT('',(-13.97,-0.9398,0.0));
#21680=DIRECTION('',(0.0,-1.0,0.0));
#21681=DIRECTION('',(0.0,0.0,-1.0));
#21682=DIRECTION('',(0.0,0.0,1.0));
#21683=DIRECTION('',(-1.0,0.0,0.0));
#21684=DIRECTION('',(0.0,0.0,-1.0));
#21685=DIRECTION('',(-1.0,0.0,0.0));
#21686=DIRECTION('',(0.0,0.0,1.0));
#21687=CARTESIAN_POINT('',(-11.43,-0.9398,0.0));
#21688=DIRECTION('',(0.0,-1.0,0.0));
#21689=DIRECTION('',(0.0,0.0,-1.0));
#21690=DIRECTION('',(0.0,0.0,1.0));
#21691=DIRECTION('',(-1.0,0.0,0.0));
#21692=DIRECTION('',(0.0,0.0,-1.0));
#21693=DIRECTION('',(-1.0,0.0,0.0));
#21694=DIRECTION('',(0.0,0.0,1.0));
#21695=CARTESIAN_POINT('',(-8.89,-0.9398,0.0));
#21696=DIRECTION('',(0.0,-1.0,0.0));
#21697=DIRECTION('',(0.0,0.0,-1.0));
#21698=DIRECTION('',(0.0,0.0,1.0));
#21699=DIRECTION('',(-1.0,0.0,0.0));
#21700=DIRECTION('',(0.0,0.0,-1.0));
#21701=DIRECTION('',(-1.0,0.0,0.0));
#21702=DIRECTION('',(0.0,0.0,1.0));
#21703=CARTESIAN_POINT('',(-6.35,-0.9398,0.0));
#21704=DIRECTION('',(0.0,-1.0,0.0));
#21705=DIRECTION('',(0.0,0.0,-1.0));
#21706=DIRECTION('',(0.0,0.0,1.0));
#21707=DIRECTION('',(-1.0,0.0,0.0));
#21708=DIRECTION('',(0.0,0.0,-1.0));
#21709=DIRECTION('',(-1.0,0.0,0.0));
#21710=DIRECTION('',(0.0,0.0,1.0));
#21711=CARTESIAN_POINT('',(-3.81,-0.9398,0.0));
#21712=DIRECTION('',(0.0,-1.0,0.0));
#21713=DIRECTION('',(0.0,0.0,-1.0));
#21714=DIRECTION('',(0.0,0.0,1.0));
#21715=DIRECTION('',(-1.0,0.0,0.0));
#21716=DIRECTION('',(0.0,0.0,-1.0));
#21717=DIRECTION('',(-1.0,0.0,0.0));
#21718=DIRECTION('',(0.0,0.0,1.0));
#21719=CARTESIAN_POINT('',(-1.27,-0.9398,0.0));
#21720=DIRECTION('',(0.0,-1.0,0.0));
#21721=DIRECTION('',(0.0,0.0,-1.0));
#21722=DIRECTION('',(0.0,0.0,1.0));
#21723=DIRECTION('',(-1.0,0.0,0.0));
#21724=DIRECTION('',(0.0,0.0,-1.0));
#21725=DIRECTION('',(-1.0,0.0,0.0));
#21726=DIRECTION('',(0.0,0.0,1.0));
#21727=CARTESIAN_POINT('',(1.27,-0.9398,0.0));
#21728=DIRECTION('',(0.0,-1.0,0.0));
#21729=DIRECTION('',(0.0,0.0,-1.0));
#21730=DIRECTION('',(0.0,0.0,1.0));
#21731=DIRECTION('',(-1.0,0.0,0.0));
#21732=DIRECTION('',(0.0,0.0,-1.0));
#21733=DIRECTION('',(-1.0,0.0,0.0));
#21734=DIRECTION('',(0.0,0.0,1.0));
#21735=CARTESIAN_POINT('',(3.81,-0.9398,0.0));
#21736=DIRECTION('',(0.0,-1.0,0.0));
#21737=DIRECTION('',(0.0,0.0,-1.0));
#21738=DIRECTION('',(0.0,0.0,1.0));
#21739=DIRECTION('',(-1.0,0.0,0.0));
#21740=DIRECTION('',(0.0,0.0,-1.0));
#21741=DIRECTION('',(-1.0,0.0,0.0));
#21742=DIRECTION('',(0.0,0.0,1.0));
#21743=CARTESIAN_POINT('',(6.35,-0.9398,0.0));
#21744=DIRECTION('',(0.0,-1.0,0.0));
#21745=DIRECTION('',(0.0,0.0,-1.0));
#21746=DIRECTION('',(0.0,0.0,1.0));
#21747=DIRECTION('',(-1.0,0.0,0.0));
#21748=DIRECTION('',(0.0,0.0,-1.0));
#21749=DIRECTION('',(-1.0,0.0,0.0));
#21750=DIRECTION('',(0.0,0.0,1.0));
#21751=CARTESIAN_POINT('',(8.89,-0.9398,0.0));
#21752=DIRECTION('',(0.0,-1.0,0.0));
#21753=DIRECTION('',(0.0,0.0,-1.0));
#21754=DIRECTION('',(0.0,0.0,1.0));
#21755=DIRECTION('',(-1.0,0.0,0.0));
#21756=DIRECTION('',(0.0,0.0,-1.0));
#21757=DIRECTION('',(-1.0,0.0,0.0));
#21758=DIRECTION('',(0.0,0.0,1.0));
#21759=CARTESIAN_POINT('',(11.43,-0.9398,0.0));
#21760=DIRECTION('',(0.0,-1.0,0.0));
#21761=DIRECTION('',(0.0,0.0,-1.0));
#21762=DIRECTION('',(0.0,0.0,1.0));
#21763=DIRECTION('',(-1.0,0.0,0.0));
#21764=DIRECTION('',(0.0,0.0,-1.0));
#21765=DIRECTION('',(-1.0,0.0,0.0));
#21766=DIRECTION('',(0.0,0.0,1.0));
#21767=CARTESIAN_POINT('',(13.97,-0.9398,0.0));
#21768=DIRECTION('',(0.0,-1.0,0.0));
#21769=DIRECTION('',(0.0,0.0,-1.0));
#21770=DIRECTION('',(0.0,0.0,1.0));
#21771=DIRECTION('',(-1.0,0.0,0.0));
#21772=DIRECTION('',(0.0,0.0,-1.0));
#21773=DIRECTION('',(-1.0,0.0,0.0));
#21774=DIRECTION('',(0.0,0.0,-1.0));
#21775=CARTESIAN_POINT('',(16.51,-0.9398,0.0));
#21776=DIRECTION('',(0.0,-1.0,0.0));
#21777=DIRECTION('',(0.0,0.0,1.0));
#21778=DIRECTION('',(0.0,0.0,-1.0));
#21779=DIRECTION('',(-1.0,0.0,0.0));
#21780=DIRECTION('',(0.0,0.0,-1.0));
#21781=DIRECTION('',(-1.0,0.0,0.0));
#21782=DIRECTION('',(0.0,0.0,-1.0));
#21783=CARTESIAN_POINT('',(13.97,-0.9398,0.0));
#21784=DIRECTION('',(0.0,-1.0,0.0));
#21785=DIRECTION('',(0.0,0.0,1.0));
#21786=DIRECTION('',(0.0,0.0,-1.0));
#21787=DIRECTION('',(-1.0,0.0,0.0));
#21788=DIRECTION('',(0.0,0.0,-1.0));
#21789=DIRECTION('',(-1.0,0.0,0.0));
#21790=DIRECTION('',(0.0,0.0,-1.0));
#21791=CARTESIAN_POINT('',(11.43,-0.9398,0.0));
#21792=DIRECTION('',(0.0,-1.0,0.0));
#21793=DIRECTION('',(0.0,0.0,1.0));
#21794=DIRECTION('',(0.0,0.0,-1.0));
#21795=DIRECTION('',(-1.0,0.0,0.0));
#21796=DIRECTION('',(0.0,0.0,-1.0));
#21797=DIRECTION('',(-1.0,0.0,0.0));
#21798=DIRECTION('',(0.0,0.0,-1.0));
#21799=CARTESIAN_POINT('',(8.89,-0.9398,0.0));
#21800=DIRECTION('',(0.0,-1.0,0.0));
#21801=DIRECTION('',(0.0,0.0,1.0));
#21802=DIRECTION('',(0.0,0.0,-1.0));
#21803=DIRECTION('',(-1.0,0.0,0.0));
#21804=DIRECTION('',(0.0,0.0,-1.0));
#21805=DIRECTION('',(-1.0,0.0,0.0));
#21806=DIRECTION('',(0.0,0.0,-1.0));
#21807=CARTESIAN_POINT('',(6.35,-0.9398,0.0));
#21808=DIRECTION('',(0.0,-1.0,0.0));
#21809=DIRECTION('',(0.0,0.0,1.0));
#21810=DIRECTION('',(0.0,0.0,-1.0));
#21811=DIRECTION('',(-1.0,0.0,0.0));
#21812=DIRECTION('',(0.0,0.0,-1.0));
#21813=DIRECTION('',(-1.0,0.0,0.0));
#21814=DIRECTION('',(0.0,0.0,-1.0));
#21815=CARTESIAN_POINT('',(3.81,-0.9398,0.0));
#21816=DIRECTION('',(0.0,-1.0,0.0));
#21817=DIRECTION('',(0.0,0.0,1.0));
#21818=DIRECTION('',(0.0,0.0,-1.0));
#21819=DIRECTION('',(-1.0,0.0,0.0));
#21820=DIRECTION('',(0.0,0.0,-1.0));
#21821=DIRECTION('',(-1.0,0.0,0.0));
#21822=DIRECTION('',(0.0,0.0,-1.0));
#21823=CARTESIAN_POINT('',(1.27,-0.9398,0.0));
#21824=DIRECTION('',(0.0,-1.0,0.0));
#21825=DIRECTION('',(0.0,0.0,1.0));
#21826=DIRECTION('',(0.0,0.0,-1.0));
#21827=DIRECTION('',(-1.0,0.0,0.0));
#21828=DIRECTION('',(0.0,0.0,-1.0));
#21829=DIRECTION('',(-1.0,0.0,0.0));
#21830=DIRECTION('',(0.0,0.0,-1.0));
#21831=CARTESIAN_POINT('',(-1.27,-0.9398,0.0));
#21832=DIRECTION('',(0.0,-1.0,0.0));
#21833=DIRECTION('',(0.0,0.0,1.0));
#21834=DIRECTION('',(0.0,0.0,-1.0));
#21835=DIRECTION('',(-1.0,0.0,0.0));
#21836=DIRECTION('',(0.0,0.0,-1.0));
#21837=DIRECTION('',(-1.0,0.0,0.0));
#21838=DIRECTION('',(0.0,0.0,-1.0));
#21839=CARTESIAN_POINT('',(-3.81,-0.9398,0.0));
#21840=DIRECTION('',(0.0,-1.0,0.0));
#21841=DIRECTION('',(0.0,0.0,1.0));
#21842=DIRECTION('',(0.0,0.0,-1.0));
#21843=DIRECTION('',(-1.0,0.0,0.0));
#21844=DIRECTION('',(0.0,0.0,-1.0));
#21845=DIRECTION('',(-1.0,0.0,0.0));
#21846=DIRECTION('',(0.0,0.0,-1.0));
#21847=CARTESIAN_POINT('',(-6.35,-0.9398,0.0));
#21848=DIRECTION('',(0.0,-1.0,0.0));
#21849=DIRECTION('',(0.0,0.0,1.0));
#21850=DIRECTION('',(0.0,0.0,-1.0));
#21851=DIRECTION('',(-1.0,0.0,0.0));
#21852=DIRECTION('',(0.0,0.0,-1.0));
#21853=DIRECTION('',(-1.0,0.0,0.0));
#21854=DIRECTION('',(0.0,0.0,-1.0));
#21855=CARTESIAN_POINT('',(-8.89,-0.9398,0.0));
#21856=DIRECTION('',(0.0,-1.0,0.0));
#21857=DIRECTION('',(0.0,0.0,1.0));
#21858=DIRECTION('',(0.0,0.0,-1.0));
#21859=DIRECTION('',(-1.0,0.0,0.0));
#21860=DIRECTION('',(0.0,0.0,-1.0));
#21861=DIRECTION('',(-1.0,0.0,0.0));
#21862=DIRECTION('',(0.0,0.0,-1.0));
#21863=CARTESIAN_POINT('',(-11.43,-0.9398,0.0));
#21864=DIRECTION('',(0.0,-1.0,0.0));
#21865=DIRECTION('',(0.0,0.0,1.0));
#21866=DIRECTION('',(0.0,0.0,-1.0));
#21867=DIRECTION('',(-1.0,0.0,0.0));
#21868=DIRECTION('',(0.0,0.0,-1.0));
#21869=DIRECTION('',(-1.0,0.0,0.0));
#21870=DIRECTION('',(0.0,0.0,-1.0));
#21871=CARTESIAN_POINT('',(-13.97,-0.9398,0.0));
#21872=DIRECTION('',(0.0,-1.0,0.0));
#21873=DIRECTION('',(0.0,0.0,1.0));
#21874=DIRECTION('',(0.0,0.0,-1.0));
#21875=DIRECTION('',(-1.0,0.0,0.0));
#21876=DIRECTION('',(0.0,0.0,-1.0));
#21877=DIRECTION('',(-1.0,0.0,0.0));
#21878=DIRECTION('',(0.0,0.0,1.0));
#21879=CARTESIAN_POINT('',(-16.51,-0.9398,0.0));
#21880=DIRECTION('',(0.0,-1.0,0.0));
#21881=DIRECTION('',(0.0,0.0,-1.0));
#21882=DIRECTION('',(0.0,0.0,1.0));
#21883=DIRECTION('',(-1.0,0.0,0.0));
#21884=DIRECTION('',(1.0,0.0,0.0));
#21885=DIRECTION('',(0.0,0.0,-1.0));
#21886=DIRECTION('',(1.0,0.0,0.0));
#21887=DIRECTION('',(0.0,0.0,-1.0));
#21888=DIRECTION('',(1.0,0.0,0.0));
#21889=DIRECTION('',(0.0,0.0,-1.0));
#21890=DIRECTION('',(1.0,0.0,0.0));
#21891=DIRECTION('',(0.0,0.0,-1.0));
#21892=DIRECTION('',(1.0,0.0,0.0));
#21893=DIRECTION('',(0.0,0.0,-1.0));
#21894=DIRECTION('',(1.0,0.0,0.0));
#21895=DIRECTION('',(0.0,0.0,-1.0));
#21896=DIRECTION('',(1.0,0.0,0.0));
#21897=DIRECTION('',(0.0,0.0,-1.0));
#21898=DIRECTION('',(1.0,0.0,0.0));
#21899=DIRECTION('',(0.0,0.0,-1.0));
#21900=DIRECTION('',(1.0,0.0,0.0));
#21901=DIRECTION('',(0.0,0.0,-1.0));
#21902=DIRECTION('',(1.0,0.0,0.0));
#21903=DIRECTION('',(0.0,0.0,-1.0));
#21904=DIRECTION('',(1.0,0.0,0.0));
#21905=DIRECTION('',(0.0,0.0,-1.0));
#21906=DIRECTION('',(1.0,0.0,0.0));
#21907=DIRECTION('',(0.0,0.0,-1.0));
#21908=DIRECTION('',(1.0,0.0,0.0));
#21909=DIRECTION('',(0.0,0.0,-1.0));
#21910=DIRECTION('',(1.0,0.0,0.0));
#21911=DIRECTION('',(0.0,0.0,-1.0));
#21912=DIRECTION('',(1.0,0.0,0.0));
#21913=DIRECTION('',(0.0,0.0,-1.0));
#21914=DIRECTION('',(1.0,0.0,0.0));
#21915=DIRECTION('',(0.0,0.0,-1.0));
#21916=DIRECTION('',(1.0,0.0,0.0));
#21917=DIRECTION('',(0.0,0.0,-1.0));
#21918=DIRECTION('',(1.0,0.0,0.0));
#21919=DIRECTION('',(0.0,0.0,-1.0));
#21920=DIRECTION('',(1.0,0.0,0.0));
#21921=DIRECTION('',(0.0,0.0,-1.0));
#21922=DIRECTION('',(1.0,0.0,0.0));
#21923=DIRECTION('',(0.0,0.0,-1.0));
#21924=DIRECTION('',(1.0,0.0,0.0));
#21925=DIRECTION('',(0.0,0.0,-1.0));
#21926=DIRECTION('',(1.0,0.0,0.0));
#21927=DIRECTION('',(0.0,0.0,-1.0));
#21928=DIRECTION('',(1.0,0.0,0.0));
#21929=DIRECTION('',(0.0,0.0,-1.0));
#21930=DIRECTION('',(1.0,0.0,0.0));
#21931=DIRECTION('',(0.0,0.0,-1.0));
#21932=DIRECTION('',(1.0,0.0,0.0));
#21933=DIRECTION('',(0.0,0.0,-1.0));
#21934=DIRECTION('',(1.0,0.0,0.0));
#21935=DIRECTION('',(0.0,0.0,-1.0));
#21936=DIRECTION('',(1.0,0.0,0.0));
#21937=DIRECTION('',(0.0,0.0,-1.0));
#21938=DIRECTION('',(1.0,0.0,0.0));
#21939=DIRECTION('',(0.0,0.0,-1.0));
#21940=DIRECTION('',(0.0,1.0,0.0));
#21941=DIRECTION('',(-1.0,0.0,0.0));
#21942=DIRECTION('',(0.0,1.0,0.0));
#21943=DIRECTION('',(-1.0,0.0,0.0));
#21944=DIRECTION('',(0.0,1.0,0.0));
#21945=DIRECTION('',(0.0,1.0,0.0));
#21946=DIRECTION('',(-1.0,0.0,0.0));
#21947=DIRECTION('',(0.0,1.0,0.0));
#21948=DIRECTION('',(-1.0,0.0,0.0));
#21949=DIRECTION('',(0.0,1.0,0.0));
#21950=DIRECTION('',(0.0,1.0,0.0));
#21951=DIRECTION('',(0.0,1.0,0.0));
#21952=DIRECTION('',(-1.0,0.0,0.0));
#21953=DIRECTION('',(0.0,1.0,0.0));
#21954=DIRECTION('',(-1.0,0.0,0.0));
#21955=DIRECTION('',(0.0,1.0,0.0));
#21956=DIRECTION('',(0.0,1.0,0.0));
#21957=DIRECTION('',(0.0,1.0,0.0));
#21958=DIRECTION('',(-1.0,0.0,0.0));
#21959=DIRECTION('',(0.0,1.0,0.0));
#21960=DIRECTION('',(-1.0,0.0,0.0));
#21961=DIRECTION('',(0.0,1.0,0.0));
#21962=DIRECTION('',(0.0,1.0,0.0));
#21963=DIRECTION('',(0.0,1.0,0.0));
#21964=DIRECTION('',(-1.0,0.0,0.0));
#21965=DIRECTION('',(0.0,1.0,0.0));
#21966=DIRECTION('',(-1.0,0.0,0.0));
#21967=DIRECTION('',(0.0,1.0,0.0));
#21968=DIRECTION('',(0.0,1.0,0.0));
#21969=DIRECTION('',(0.0,1.0,0.0));
#21970=DIRECTION('',(-1.0,0.0,0.0));
#21971=DIRECTION('',(0.0,1.0,0.0));
#21972=DIRECTION('',(-1.0,0.0,0.0));
#21973=DIRECTION('',(0.0,1.0,0.0));
#21974=DIRECTION('',(0.0,1.0,0.0));
#21975=DIRECTION('',(0.0,1.0,0.0));
#21976=DIRECTION('',(-1.0,0.0,0.0));
#21977=DIRECTION('',(0.0,1.0,0.0));
#21978=DIRECTION('',(-1.0,0.0,0.0));
#21979=DIRECTION('',(0.0,1.0,0.0));
#21980=DIRECTION('',(0.0,1.0,0.0));
#21981=DIRECTION('',(0.0,1.0,0.0));
#21982=DIRECTION('',(-1.0,0.0,0.0));
#21983=DIRECTION('',(0.0,1.0,0.0));
#21984=DIRECTION('',(-1.0,0.0,0.0));
#21985=DIRECTION('',(0.0,1.0,0.0));
#21986=DIRECTION('',(0.0,1.0,0.0));
#21987=DIRECTION('',(0.0,1.0,0.0));
#21988=DIRECTION('',(-1.0,0.0,0.0));
#21989=DIRECTION('',(0.0,1.0,0.0));
#21990=DIRECTION('',(-1.0,0.0,0.0));
#21991=DIRECTION('',(0.0,1.0,0.0));
#21992=DIRECTION('',(0.0,1.0,0.0));
#21993=DIRECTION('',(0.0,1.0,0.0));
#21994=DIRECTION('',(-1.0,0.0,0.0));
#21995=DIRECTION('',(0.0,1.0,0.0));
#21996=DIRECTION('',(-1.0,0.0,0.0));
#21997=DIRECTION('',(0.0,1.0,0.0));
#21998=DIRECTION('',(0.0,1.0,0.0));
#21999=DIRECTION('',(0.0,1.0,0.0));
#22000=DIRECTION('',(-1.0,0.0,0.0));
#22001=DIRECTION('',(0.0,1.0,0.0));
#22002=DIRECTION('',(-1.0,0.0,0.0));
#22003=DIRECTION('',(0.0,1.0,0.0));
#22004=DIRECTION('',(0.0,1.0,0.0));
#22005=DIRECTION('',(0.0,1.0,0.0));
#22006=DIRECTION('',(-1.0,0.0,0.0));
#22007=DIRECTION('',(0.0,1.0,0.0));
#22008=DIRECTION('',(-1.0,0.0,0.0));
#22009=DIRECTION('',(0.0,1.0,0.0));
#22010=DIRECTION('',(0.0,1.0,0.0));
#22011=DIRECTION('',(0.0,1.0,0.0));
#22012=DIRECTION('',(-1.0,0.0,0.0));
#22013=DIRECTION('',(0.0,1.0,0.0));
#22014=DIRECTION('',(-1.0,0.0,0.0));
#22015=DIRECTION('',(0.0,1.0,0.0));
#22016=DIRECTION('',(0.0,1.0,0.0));
#22017=DIRECTION('',(-1.0,0.0,0.0));
#22018=DIRECTION('',(0.0,1.0,0.0));
#22019=DIRECTION('',(-1.0,0.0,0.0));
#22020=DIRECTION('',(0.0,1.0,0.0));
#22021=DIRECTION('',(0.0,1.0,0.0));
#22022=DIRECTION('',(0.0,0.0,-1.0));
#22023=CARTESIAN_POINT('',(16.51,-1.143,0.0));
#22024=DIRECTION('',(0.0,-1.0,0.0));
#22025=DIRECTION('',(0.0,0.0,-1.0));
#22026=DIRECTION('',(0.0,0.0,1.0));
#22027=DIRECTION('',(-1.0,0.0,0.0));
#22028=DIRECTION('',(0.0,0.0,1.0));
#22029=CARTESIAN_POINT('',(16.51,-1.143,0.0));
#22030=DIRECTION('',(0.0,-1.0,0.0));
#22031=DIRECTION('',(0.0,0.0,1.0));
#22032=DIRECTION('',(0.0,0.0,-1.0));
#22033=DIRECTION('',(0.0,0.0,1.0));
#22034=DIRECTION('',(-1.0,0.0,0.0));
#22035=DIRECTION('',(0.0,0.0,1.0));
#22036=DIRECTION('',(-1.0,0.0,0.0));
#22037=DIRECTION('',(0.0,0.0,1.0));
#22038=CARTESIAN_POINT('',(13.97,-1.143,0.0));
#22039=DIRECTION('',(0.0,-1.0,0.0));
#22040=DIRECTION('',(0.0,0.0,1.0));
#22041=DIRECTION('',(0.0,0.0,-1.0));
#22042=DIRECTION('',(-1.0,0.0,0.0));
#22043=DIRECTION('',(0.0,0.0,1.0));
#22044=DIRECTION('',(0.0,0.0,-1.0));
#22045=CARTESIAN_POINT('',(13.97,-1.143,0.0));
#22046=DIRECTION('',(0.0,-1.0,0.0));
#22047=DIRECTION('',(0.0,0.0,-1.0));
#22048=DIRECTION('',(0.0,0.0,1.0));
#22049=DIRECTION('',(0.0,0.0,1.0));
#22050=DIRECTION('',(-1.0,0.0,0.0));
#22051=DIRECTION('',(0.0,0.0,1.0));
#22052=CARTESIAN_POINT('',(11.43,-1.143,0.0));
#22053=DIRECTION('',(0.0,-1.0,0.0));
#22054=DIRECTION('',(0.0,0.0,1.0));
#22055=DIRECTION('',(0.0,0.0,-1.0));
#22056=DIRECTION('',(-1.0,0.0,0.0));
#22057=DIRECTION('',(0.0,0.0,1.0));
#22058=DIRECTION('',(0.0,0.0,-1.0));
#22059=CARTESIAN_POINT('',(11.43,-1.143,0.0));
#22060=DIRECTION('',(0.0,-1.0,0.0));
#22061=DIRECTION('',(0.0,0.0,-1.0));
#22062=DIRECTION('',(0.0,0.0,1.0));
#22063=DIRECTION('',(0.0,0.0,1.0));
#22064=DIRECTION('',(-1.0,0.0,0.0));
#22065=DIRECTION('',(0.0,0.0,1.0));
#22066=CARTESIAN_POINT('',(8.89,-1.143,0.0));
#22067=DIRECTION('',(0.0,-1.0,0.0));
#22068=DIRECTION('',(0.0,0.0,1.0));
#22069=DIRECTION('',(0.0,0.0,-1.0));
#22070=DIRECTION('',(-1.0,0.0,0.0));
#22071=DIRECTION('',(0.0,0.0,1.0));
#22072=DIRECTION('',(0.0,0.0,-1.0));
#22073=CARTESIAN_POINT('',(8.89,-1.143,0.0));
#22074=DIRECTION('',(0.0,-1.0,0.0));
#22075=DIRECTION('',(0.0,0.0,-1.0));
#22076=DIRECTION('',(0.0,0.0,1.0));
#22077=DIRECTION('',(0.0,0.0,1.0));
#22078=DIRECTION('',(-1.0,0.0,0.0));
#22079=DIRECTION('',(0.0,0.0,1.0));
#22080=CARTESIAN_POINT('',(6.35,-1.143,0.0));
#22081=DIRECTION('',(0.0,-1.0,0.0));
#22082=DIRECTION('',(0.0,0.0,1.0));
#22083=DIRECTION('',(0.0,0.0,-1.0));
#22084=DIRECTION('',(-1.0,0.0,0.0));
#22085=DIRECTION('',(0.0,0.0,1.0));
#22086=DIRECTION('',(0.0,0.0,-1.0));
#22087=CARTESIAN_POINT('',(6.35,-1.143,0.0));
#22088=DIRECTION('',(0.0,-1.0,0.0));
#22089=DIRECTION('',(0.0,0.0,-1.0));
#22090=DIRECTION('',(0.0,0.0,1.0));
#22091=DIRECTION('',(0.0,0.0,1.0));
#22092=DIRECTION('',(-1.0,0.0,0.0));
#22093=DIRECTION('',(0.0,0.0,1.0));
#22094=CARTESIAN_POINT('',(3.81,-1.143,0.0));
#22095=DIRECTION('',(0.0,-1.0,0.0));
#22096=DIRECTION('',(0.0,0.0,1.0));
#22097=DIRECTION('',(0.0,0.0,-1.0));
#22098=DIRECTION('',(-1.0,0.0,0.0));
#22099=DIRECTION('',(0.0,0.0,1.0));
#22100=DIRECTION('',(0.0,0.0,-1.0));
#22101=CARTESIAN_POINT('',(3.81,-1.143,0.0));
#22102=DIRECTION('',(0.0,-1.0,0.0));
#22103=DIRECTION('',(0.0,0.0,-1.0));
#22104=DIRECTION('',(0.0,0.0,1.0));
#22105=DIRECTION('',(0.0,0.0,1.0));
#22106=DIRECTION('',(-1.0,0.0,0.0));
#22107=DIRECTION('',(0.0,0.0,1.0));
#22108=CARTESIAN_POINT('',(1.27,-1.143,0.0));
#22109=DIRECTION('',(0.0,-1.0,0.0));
#22110=DIRECTION('',(0.0,0.0,1.0));
#22111=DIRECTION('',(0.0,0.0,-1.0));
#22112=DIRECTION('',(-1.0,0.0,0.0));
#22113=DIRECTION('',(0.0,0.0,1.0));
#22114=DIRECTION('',(0.0,0.0,-1.0));
#22115=CARTESIAN_POINT('',(1.27,-1.143,0.0));
#22116=DIRECTION('',(0.0,-1.0,0.0));
#22117=DIRECTION('',(0.0,0.0,-1.0));
#22118=DIRECTION('',(0.0,0.0,1.0));
#22119=DIRECTION('',(0.0,0.0,1.0));
#22120=DIRECTION('',(-1.0,0.0,0.0));
#22121=DIRECTION('',(0.0,0.0,1.0));
#22122=CARTESIAN_POINT('',(-1.27,-1.143,0.0));
#22123=DIRECTION('',(0.0,-1.0,0.0));
#22124=DIRECTION('',(0.0,0.0,1.0));
#22125=DIRECTION('',(0.0,0.0,-1.0));
#22126=DIRECTION('',(-1.0,0.0,0.0));
#22127=DIRECTION('',(0.0,0.0,1.0));
#22128=DIRECTION('',(0.0,0.0,-1.0));
#22129=CARTESIAN_POINT('',(-1.27,-1.143,0.0));
#22130=DIRECTION('',(0.0,-1.0,0.0));
#22131=DIRECTION('',(0.0,0.0,-1.0));
#22132=DIRECTION('',(0.0,0.0,1.0));
#22133=DIRECTION('',(0.0,0.0,1.0));
#22134=DIRECTION('',(-1.0,0.0,0.0));
#22135=DIRECTION('',(0.0,0.0,1.0));
#22136=CARTESIAN_POINT('',(-3.81,-1.143,0.0));
#22137=DIRECTION('',(0.0,-1.0,0.0));
#22138=DIRECTION('',(0.0,0.0,1.0));
#22139=DIRECTION('',(0.0,0.0,-1.0));
#22140=DIRECTION('',(-1.0,0.0,0.0));
#22141=DIRECTION('',(0.0,0.0,1.0));
#22142=DIRECTION('',(0.0,0.0,-1.0));
#22143=CARTESIAN_POINT('',(-3.81,-1.143,0.0));
#22144=DIRECTION('',(0.0,-1.0,0.0));
#22145=DIRECTION('',(0.0,0.0,-1.0));
#22146=DIRECTION('',(0.0,0.0,1.0));
#22147=DIRECTION('',(0.0,0.0,1.0));
#22148=DIRECTION('',(-1.0,0.0,0.0));
#22149=DIRECTION('',(0.0,0.0,1.0));
#22150=CARTESIAN_POINT('',(-6.35,-1.143,0.0));
#22151=DIRECTION('',(0.0,-1.0,0.0));
#22152=DIRECTION('',(0.0,0.0,1.0));
#22153=DIRECTION('',(0.0,0.0,-1.0));
#22154=DIRECTION('',(-1.0,0.0,0.0));
#22155=DIRECTION('',(0.0,0.0,1.0));
#22156=DIRECTION('',(0.0,0.0,-1.0));
#22157=CARTESIAN_POINT('',(-6.35,-1.143,0.0));
#22158=DIRECTION('',(0.0,-1.0,0.0));
#22159=DIRECTION('',(0.0,0.0,-1.0));
#22160=DIRECTION('',(0.0,0.0,1.0));
#22161=DIRECTION('',(0.0,0.0,1.0));
#22162=DIRECTION('',(-1.0,0.0,0.0));
#22163=DIRECTION('',(0.0,0.0,1.0));
#22164=CARTESIAN_POINT('',(-8.89,-1.143,0.0));
#22165=DIRECTION('',(0.0,-1.0,0.0));
#22166=DIRECTION('',(0.0,0.0,1.0));
#22167=DIRECTION('',(0.0,0.0,-1.0));
#22168=DIRECTION('',(-1.0,0.0,0.0));
#22169=DIRECTION('',(0.0,0.0,1.0));
#22170=DIRECTION('',(0.0,0.0,-1.0));
#22171=CARTESIAN_POINT('',(-8.89,-1.143,0.0));
#22172=DIRECTION('',(0.0,-1.0,0.0));
#22173=DIRECTION('',(0.0,0.0,-1.0));
#22174=DIRECTION('',(0.0,0.0,1.0));
#22175=DIRECTION('',(0.0,0.0,1.0));
#22176=DIRECTION('',(-1.0,0.0,0.0));
#22177=DIRECTION('',(0.0,0.0,1.0));
#22178=CARTESIAN_POINT('',(-11.43,-1.143,0.0));
#22179=DIRECTION('',(0.0,-1.0,0.0));
#22180=DIRECTION('',(0.0,0.0,1.0));
#22181=DIRECTION('',(0.0,0.0,-1.0));
#22182=DIRECTION('',(-1.0,0.0,0.0));
#22183=DIRECTION('',(0.0,0.0,1.0));
#22184=DIRECTION('',(0.0,0.0,-1.0));
#22185=CARTESIAN_POINT('',(-11.43,-1.143,0.0));
#22186=DIRECTION('',(0.0,-1.0,0.0));
#22187=DIRECTION('',(0.0,0.0,-1.0));
#22188=DIRECTION('',(0.0,0.0,1.0));
#22189=DIRECTION('',(0.0,0.0,1.0));
#22190=DIRECTION('',(-1.0,0.0,0.0));
#22191=DIRECTION('',(0.0,0.0,1.0));
#22192=CARTESIAN_POINT('',(-13.97,-1.143,0.0));
#22193=DIRECTION('',(0.0,-1.0,0.0));
#22194=DIRECTION('',(0.0,0.0,1.0));
#22195=DIRECTION('',(0.0,0.0,-1.0));
#22196=DIRECTION('',(-1.0,0.0,0.0));
#22197=DIRECTION('',(0.0,0.0,1.0));
#22198=DIRECTION('',(0.0,0.0,-1.0));
#22199=CARTESIAN_POINT('',(-13.97,-1.143,0.0));
#22200=DIRECTION('',(0.0,-1.0,0.0));
#22201=DIRECTION('',(0.0,0.0,-1.0));
#22202=DIRECTION('',(0.0,0.0,1.0));
#22203=DIRECTION('',(-1.0,0.0,0.0));
#22204=DIRECTION('',(0.0,0.0,1.0));
#22205=CARTESIAN_POINT('',(-16.51,-1.143,0.0));
#22206=DIRECTION('',(0.0,-1.0,0.0));
#22207=DIRECTION('',(0.0,0.0,1.0));
#22208=DIRECTION('',(0.0,0.0,-1.0));
#22209=DIRECTION('',(-1.0,0.0,0.0));
#22210=DIRECTION('',(0.0,0.0,1.0));
#22211=DIRECTION('',(0.0,0.0,-1.0));
#22212=CARTESIAN_POINT('',(-16.51,-1.143,0.0));
#22213=DIRECTION('',(0.0,-1.0,0.0));
#22214=DIRECTION('',(0.0,0.0,-1.0));
#22215=DIRECTION('',(0.0,0.0,1.0));
#22216=DIRECTION('',(0.0,-1.0,0.0));
#22217=DIRECTION('',(0.0,-1.0,0.0));
#22218=DIRECTION('',(0.0,-1.0,0.0));
#22219=DIRECTION('',(0.0,-1.0,0.0));
#22220=DIRECTION('',(0.0,-1.0,0.0));
#22221=DIRECTION('',(0.0,-1.0,0.0));
#22222=DIRECTION('',(0.0,-1.0,0.0));
#22223=DIRECTION('',(0.0,-1.0,0.0));
#22224=DIRECTION('',(0.0,-1.0,0.0));
#22225=DIRECTION('',(0.0,-1.0,0.0));
#22226=DIRECTION('',(0.0,-1.0,0.0));
#22227=DIRECTION('',(0.0,-1.0,0.0));
#22228=DIRECTION('',(0.0,-1.0,0.0));
#22229=DIRECTION('',(0.0,-1.0,0.0));
#22230=DIRECTION('',(0.0,-1.0,0.0));
#22231=DIRECTION('',(0.0,-1.0,0.0));
#22232=DIRECTION('',(0.0,-1.0,0.0));
#22233=DIRECTION('',(0.0,-1.0,0.0));
#22234=DIRECTION('',(0.0,-1.0,0.0));
#22235=DIRECTION('',(0.0,-1.0,0.0));
#22236=DIRECTION('',(0.0,-1.0,0.0));
#22237=DIRECTION('',(0.0,-1.0,0.0));
#22238=DIRECTION('',(0.0,-1.0,0.0));
#22239=DIRECTION('',(0.0,-1.0,0.0));
#22240=DIRECTION('',(0.0,-1.0,0.0));
#22241=DIRECTION('',(0.0,-1.0,0.0));
#22242=DIRECTION('',(0.0,-1.0,0.0));
#22243=DIRECTION('',(0.0,-1.0,0.0));
#22244=DIRECTION('',(0.0,-1.0,0.0));
#22245=DIRECTION('',(0.0,-1.0,0.0));
#22246=DIRECTION('',(0.0,-1.0,0.0));
#22247=DIRECTION('',(0.0,-1.0,0.0));
#22248=DIRECTION('',(0.0,-1.0,0.0));
#22249=DIRECTION('',(0.0,-1.0,0.0));
#22250=DIRECTION('',(0.0,-1.0,0.0));
#22251=DIRECTION('',(0.0,-1.0,0.0));
#22252=DIRECTION('',(0.0,-1.0,0.0));
#22253=DIRECTION('',(0.0,-1.0,0.0));
#22254=DIRECTION('',(0.0,-1.0,0.0));
#22255=DIRECTION('',(0.0,-1.0,0.0));
#22256=DIRECTION('',(0.0,-1.0,0.0));
#22257=DIRECTION('',(0.0,-1.0,0.0));
#22258=DIRECTION('',(0.0,-1.0,0.0));
#22259=DIRECTION('',(0.0,-1.0,0.0));
#22260=DIRECTION('',(0.0,-1.0,0.0));
#22261=DIRECTION('',(0.0,-1.0,0.0));
#22262=DIRECTION('',(0.0,-1.0,0.0));
#22263=DIRECTION('',(0.0,-1.0,0.0));
#22264=DIRECTION('',(0.0,-1.0,0.0));
#22265=DIRECTION('',(0.0,-1.0,0.0));
#22266=DIRECTION('',(0.0,-1.0,0.0));
#22267=DIRECTION('',(0.0,-1.0,0.0));
#22268=DIRECTION('',(0.0,-1.0,0.0));
#22269=DIRECTION('',(0.0,-1.0,0.0));
#22270=DIRECTION('',(0.0,1.0,0.0));
#22271=DIRECTION('',(0.0,1.0,0.0));
#22272=DIRECTION('',(0.0,1.0,0.0));
#22273=DIRECTION('',(0.0,1.0,0.0));
#22274=DIRECTION('',(0.0,1.0,0.0));
#22275=DIRECTION('',(0.0,1.0,0.0));
#22276=DIRECTION('',(0.0,1.0,0.0));
#22277=DIRECTION('',(0.0,1.0,0.0));
#22278=DIRECTION('',(0.0,1.0,0.0));
#22279=DIRECTION('',(0.0,1.0,0.0));
#22280=DIRECTION('',(0.0,1.0,0.0));
#22281=DIRECTION('',(0.0,1.0,0.0));
#22282=DIRECTION('',(0.0,1.0,0.0));
#22283=DIRECTION('',(0.0,1.0,0.0));
#22284=DIRECTION('',(0.0,1.0,0.0));
#22285=DIRECTION('',(0.0,1.0,0.0));
#22286=DIRECTION('',(0.0,1.0,0.0));
#22287=DIRECTION('',(0.0,1.0,0.0));
#22288=DIRECTION('',(0.0,1.0,0.0));
#22289=DIRECTION('',(0.0,1.0,0.0));
#22290=DIRECTION('',(0.0,1.0,0.0));
#22291=DIRECTION('',(0.0,1.0,0.0));
#22292=DIRECTION('',(0.0,1.0,0.0));
#22293=DIRECTION('',(0.0,1.0,0.0));
#22294=DIRECTION('',(0.0,1.0,0.0));
#22295=DIRECTION('',(0.0,1.0,0.0));
#22296=DIRECTION('',(0.0,1.0,0.0));
#22297=DIRECTION('',(0.0,1.0,0.0));
#22298=DIRECTION('',(0.0,1.0,0.0));
#22299=DIRECTION('',(0.0,1.0,0.0));
#22300=DIRECTION('',(0.0,1.0,0.0));
#22301=DIRECTION('',(0.0,1.0,0.0));
#22302=DIRECTION('',(0.0,1.0,0.0));
#22303=DIRECTION('',(0.0,1.0,0.0));
#22304=DIRECTION('',(0.0,1.0,0.0));
#22305=DIRECTION('',(0.0,1.0,0.0));
#22306=DIRECTION('',(0.0,1.0,0.0));
#22307=DIRECTION('',(0.0,1.0,0.0));
#22308=DIRECTION('',(0.0,1.0,0.0));
#22309=DIRECTION('',(0.0,1.0,0.0));
#22310=DIRECTION('',(0.0,1.0,0.0));
#22311=DIRECTION('',(0.0,1.0,0.0));
#22312=DIRECTION('',(0.0,1.0,0.0));
#22313=DIRECTION('',(0.0,1.0,0.0));
#22314=DIRECTION('',(0.0,1.0,0.0));
#22315=DIRECTION('',(0.0,1.0,0.0));
#22316=DIRECTION('',(0.0,1.0,0.0));
#22317=DIRECTION('',(0.0,1.0,0.0));
#22318=DIRECTION('',(0.0,1.0,0.0));
#22319=DIRECTION('',(0.0,1.0,0.0));
#22320=DIRECTION('',(0.0,1.0,0.0));
#22321=DIRECTION('',(0.0,1.0,0.0));
#22322=DIRECTION('',(0.0,1.0,0.0));
#22323=DIRECTION('',(0.0,1.0,0.0));
#22324=DIRECTION('',(0.0,1.0,0.0));
#22325=DIRECTION('',(0.0,1.0,0.0));
#22326=DIRECTION('',(0.0,-1.0,0.0));
#22327=DIRECTION('',(0.0,-1.0,0.0));
#22328=DIRECTION('',(0.0,-1.0,0.0));
#22329=DIRECTION('',(0.0,-1.0,0.0));
#22330=DIRECTION('',(0.0,-1.0,0.0));
#22331=DIRECTION('',(0.0,-1.0,0.0));
#22332=DIRECTION('',(0.0,-1.0,0.0));
#22333=DIRECTION('',(0.0,-1.0,0.0));
#22334=DIRECTION('',(0.0,-1.0,0.0));
#22335=DIRECTION('',(0.0,-1.0,0.0));
#22336=DIRECTION('',(0.0,-1.0,0.0));
#22337=DIRECTION('',(0.0,-1.0,0.0));
#22338=DIRECTION('',(0.0,-1.0,0.0));
#22339=DIRECTION('',(0.0,-1.0,0.0));
#22340=DIRECTION('',(0.0,-1.0,0.0));
#22341=DIRECTION('',(0.0,-1.0,0.0));
#22342=DIRECTION('',(0.0,-1.0,0.0));
#22343=DIRECTION('',(0.0,0.0,1.0));
#22344=DIRECTION('',(0.0,-1.0,0.0));
#22345=DIRECTION('',(0.0,-1.0,0.0));
#22346=DIRECTION('',(0.0,0.0,-1.0));
#22347=DIRECTION('',(0.64018439966448,0.768221279597376,0.0));
#22348=DIRECTION('',(0.64018439966448,0.768221279597376,0.0));
#22349=DIRECTION('',(0.64018439966448,-0.768221279597376,0.0));
#22350=DIRECTION('',(0.64018439966448,-0.768221279597376,0.0));
#22351=DIRECTION('',(0.0,-1.0,0.0));
#22352=DIRECTION('',(0.0,-1.0,0.0));
#22353=DIRECTION('',(0.0,-1.0,0.0));
#22354=DIRECTION('',(0.0,-1.0,0.0));
#22355=DIRECTION('',(0.0,-1.0,0.0));
#22356=DIRECTION('',(0.0,-1.0,0.0));
#22357=DIRECTION('',(0.0,-1.0,0.0));
#22358=DIRECTION('',(0.0,-1.0,0.0));
#22359=DIRECTION('',(0.0,-1.0,0.0));
#22360=DIRECTION('',(0.0,-1.0,0.0));
#22361=DIRECTION('',(0.0,-1.0,0.0));
#22362=DIRECTION('',(0.0,-1.0,0.0));
#22363=DIRECTION('',(0.0,-1.0,0.0));
#22364=DIRECTION('',(0.0,-1.0,0.0));
#22365=DIRECTION('',(0.0,-1.0,0.0));
#22366=DIRECTION('',(0.0,-1.0,0.0));
#22367=DIRECTION('',(0.0,-1.0,0.0));
#22368=DIRECTION('',(0.0,-1.0,0.0));
#22369=DIRECTION('',(0.0,-1.0,0.0));
#22370=DIRECTION('',(0.0,-1.0,0.0));
#22371=DIRECTION('',(0.0,-1.0,0.0));
#22372=DIRECTION('',(0.0,-1.0,0.0));
#22373=DIRECTION('',(0.0,-1.0,0.0));
#22374=DIRECTION('',(0.0,-1.0,0.0));
#22375=DIRECTION('',(0.0,-1.0,0.0));
#22376=DIRECTION('',(0.0,-1.0,0.0));
#22377=DIRECTION('',(0.0,-1.0,0.0));
#22378=DIRECTION('',(0.0,-1.0,0.0));
#22379=DIRECTION('',(0.0,-1.0,0.0));
#22380=DIRECTION('',(0.0,-1.0,0.0));
#22381=DIRECTION('',(0.0,-1.0,0.0));
#22382=DIRECTION('',(0.0,-1.0,0.0));
#22383=DIRECTION('',(0.0,-1.0,0.0));
#22384=DIRECTION('',(0.0,-1.0,0.0));
#22385=DIRECTION('',(0.0,-1.0,0.0));
#22386=DIRECTION('',(0.0,-1.0,0.0));
#22387=DIRECTION('',(0.0,-1.0,0.0));
#22388=DIRECTION('',(0.0,-1.0,0.0));
#22389=DIRECTION('',(0.0,-1.0,0.0));
#22390=DIRECTION('',(0.0,-1.0,0.0));
#22391=DIRECTION('',(0.0,-1.0,0.0));
#22392=DIRECTION('',(0.0,-1.0,0.0));
#22393=DIRECTION('',(0.0,-1.0,0.0));
#22394=DIRECTION('',(0.0,1.0,0.0));
#22395=DIRECTION('',(0.0,-1.0,0.0));
#22396=DIRECTION('',(0.0,0.0,-1.0));
#22397=DIRECTION('',(0.0,-1.0,0.0));
#22398=DIRECTION('',(0.0,1.0,0.0));
#22399=DIRECTION('',(0.0,0.0,1.0));
#22400=DIRECTION('',(0.181236627999094,0.966595349328268,0.181236627999094));
#22401=DIRECTION('',(-0.181236627999094,-0.966595349328268,0.181236627999094));
#22402=DIRECTION('',(0.0,0.0,-1.0));
#22403=DIRECTION('',(-1.0,0.0,0.0));
#22404=DIRECTION('',(0.0,0.0,1.0));
#22405=DIRECTION('',(-1.0,0.0,0.0));
#22406=DIRECTION('',(0.181236627999094,-0.966595349328268,-0.181236627999094));
#22407=DIRECTION('',(-1.0,0.0,0.0));
#22408=DIRECTION('',(0.0,1.0,0.0));
#22409=DIRECTION('',(0.0,1.0,0.0));
#22410=DIRECTION('',(-1.0,0.0,0.0));
#22411=DIRECTION('',(0.0,-1.0,0.0));
#22412=DIRECTION('',(0.0,0.0,1.0));
#22413=DIRECTION('',(0.0,-1.0,0.0));
#22414=DIRECTION('',(0.0,0.0,-1.0));
#22415=DIRECTION('',(-0.181236627999094,0.966595349328268,-0.181236627999094));
#22416=DIRECTION('',(-1.0,0.0,0.0));
#22417=DIRECTION('',(-1.0,0.0,0.0));
#22418=DIRECTION('',(-0.181236627999094,0.966595349328268,0.181236627999094));
#22419=DIRECTION('',(-1.0,0.0,0.0));
#22420=DIRECTION('',(0.181236627999094,0.966595349328268,0.181236627999094));
#22421=DIRECTION('',(0.181236627999094,0.966595349328268,-0.181236627999094));
#22422=DIRECTION('',(0.0,0.0,-1.0));
#22423=DIRECTION('',(0.0,0.0,1.0));
#22424=DIRECTION('',(-1.0,0.0,0.0));
#22425=DIRECTION('',(-0.181236627999094,0.966595349328268,-0.181236627999094));
#22426=DIRECTION('',(0.0,1.0,0.0));
#22427=DIRECTION('',(0.0,-1.0,0.0));
#22428=DIRECTION('',(0.0,0.0,-1.0));
#22429=DIRECTION('',(0.0,-1.0,0.0));
#22430=DIRECTION('',(0.0,1.0,0.0));
#22431=DIRECTION('',(0.0,0.0,1.0));
#22432=DIRECTION('',(0.181236627999094,0.966595349328268,0.181236627999094));
#22433=DIRECTION('',(-0.181236627999094,-0.966595349328268,0.181236627999094));
#22434=DIRECTION('',(-1.00929365875E-14,0.0,-1.0));
#22435=DIRECTION('',(-1.0,0.0,0.0));
#22436=DIRECTION('',(0.0,0.0,1.0));
#22437=DIRECTION('',(-1.0,0.0,0.0));
#22438=DIRECTION('',(0.181236627999094,-0.966595349328268,-0.181236627999094));
#22439=DIRECTION('',(-1.0,0.0,0.0));
#22440=DIRECTION('',(0.0,1.0,0.0));
#22441=DIRECTION('',(0.0,1.0,0.0));
#22442=DIRECTION('',(-1.0,0.0,0.0));
#22443=DIRECTION('',(0.0,-1.0,0.0));
#22444=DIRECTION('',(0.0,0.0,1.0));
#22445=DIRECTION('',(0.0,-1.0,0.0));
#22446=DIRECTION('',(0.0,0.0,-1.0));
#22447=DIRECTION('',(-0.181236627999094,0.966595349328268,-0.181236627999094));
#22448=DIRECTION('',(-1.0,0.0,0.0));
#22449=DIRECTION('',(-1.0,0.0,0.0));
#22450=DIRECTION('',(-0.181236627999094,0.966595349328268,0.181236627999094));
#22451=DIRECTION('',(-1.0,0.0,0.0));
#22452=DIRECTION('',(0.181236627999094,0.966595349328268,0.181236627999094));
#22453=DIRECTION('',(-0.181236627999094,-0.966595349328268,0.181236627999094));
#22454=DIRECTION('',(0.0,0.0,-1.0));
#22455=DIRECTION('',(0.0,0.0,1.0));
#22456=DIRECTION('',(-1.0,0.0,0.0));
#22457=DIRECTION('',(-0.181236627999094,0.966595349328268,-0.181236627999094));
#22458=DIRECTION('',(0.0,1.0,0.0));
#22459=DIRECTION('',(0.0,-1.0,0.0));
#22460=DIRECTION('',(0.0,0.0,-1.0));
#22461=DIRECTION('',(0.0,-1.0,0.0));
#22462=DIRECTION('',(0.0,1.0,0.0));
#22463=DIRECTION('',(0.0,0.0,1.0));
#22464=DIRECTION('',(0.181236627999094,0.966595349328268,0.181236627999094));
#22465=DIRECTION('',(-0.181236627999094,-0.966595349328268,0.181236627999094));
#22466=DIRECTION('',(0.0,0.0,-1.0));
#22467=DIRECTION('',(-1.0,0.0,0.0));
#22468=DIRECTION('',(0.0,0.0,1.0));
#22469=DIRECTION('',(-1.0,0.0,0.0));
#22470=DIRECTION('',(0.181236627999094,-0.966595349328268,-0.181236627999094));
#22471=DIRECTION('',(-1.0,0.0,0.0));
#22472=DIRECTION('',(0.0,1.0,0.0));
#22473=DIRECTION('',(0.0,1.0,0.0));
#22474=DIRECTION('',(-1.0,0.0,0.0));
#22475=DIRECTION('',(0.0,-1.0,0.0));
#22476=DIRECTION('',(0.0,0.0,1.0));
#22477=DIRECTION('',(0.0,-1.0,0.0));
#22478=DIRECTION('',(0.0,0.0,-1.0));
#22479=DIRECTION('',(-0.181236627999094,0.966595349328268,-0.181236627999094));
#22480=DIRECTION('',(-1.0,0.0,0.0));
#22481=DIRECTION('',(-1.0,0.0,0.0));
#22482=DIRECTION('',(-0.181236627999094,0.966595349328268,0.181236627999094));
#22483=DIRECTION('',(-1.0,0.0,0.0));
#22484=DIRECTION('',(0.181236627999094,0.966595349328268,0.181236627999094));
#22485=DIRECTION('',(-0.181236627999094,-0.966595349328268,0.181236627999094));
#22486=DIRECTION('',(0.0,0.0,-1.0));
#22487=DIRECTION('',(0.0,0.0,1.0));
#22488=DIRECTION('',(-1.0,0.0,0.0));
#22489=DIRECTION('',(-0.181236627999094,0.966595349328268,-0.181236627999094));
#22490=DIRECTION('',(0.0,1.0,0.0));
#22491=DIRECTION('',(0.0,-1.0,0.0));
#22492=DIRECTION('',(0.0,0.0,-1.0));
#22493=DIRECTION('',(0.0,-1.0,0.0));
#22494=DIRECTION('',(0.0,1.0,0.0));
#22495=DIRECTION('',(0.0,0.0,1.0));
#22496=DIRECTION('',(0.181236627999094,0.966595349328268,0.181236627999094));
#22497=DIRECTION('',(-0.181236627999094,-0.966595349328268,0.181236627999094));
#22498=DIRECTION('',(0.0,0.0,-1.0));
#22499=DIRECTION('',(-1.0,0.0,0.0));
#22500=DIRECTION('',(0.0,0.0,1.0));
#22501=DIRECTION('',(-1.0,0.0,0.0));
#22502=DIRECTION('',(0.181236627999094,-0.966595349328268,-0.181236627999094));
#22503=DIRECTION('',(-1.0,0.0,0.0));
#22504=DIRECTION('',(0.0,1.0,0.0));
#22505=DIRECTION('',(0.0,1.0,0.0));
#22506=DIRECTION('',(-1.0,0.0,0.0));
#22507=DIRECTION('',(0.0,-1.0,0.0));
#22508=DIRECTION('',(0.0,0.0,1.0));
#22509=DIRECTION('',(0.0,-1.0,0.0));
#22510=DIRECTION('',(0.0,0.0,-1.0));
#22511=DIRECTION('',(-0.181236627999094,0.966595349328268,-0.181236627999094));
#22512=DIRECTION('',(-1.0,0.0,0.0));
#22513=DIRECTION('',(-1.0,0.0,0.0));
#22514=DIRECTION('',(-0.181236627999094,0.966595349328268,0.181236627999094));
#22515=DIRECTION('',(-1.0,0.0,0.0));
#22516=DIRECTION('',(0.181236627999094,0.966595349328268,0.181236627999094));
#22517=DIRECTION('',(-0.181236627999094,-0.966595349328268,0.181236627999094));
#22518=DIRECTION('',(0.0,0.0,-1.0));
#22519=DIRECTION('',(0.0,0.0,1.0));
#22520=DIRECTION('',(-1.0,0.0,0.0));
#22521=DIRECTION('',(-0.181236627999094,0.966595349328268,-0.181236627999094));
#22522=DIRECTION('',(0.0,1.0,0.0));
#22523=DIRECTION('',(0.0,-1.0,0.0));
#22524=DIRECTION('',(0.0,0.0,-1.0));
#22525=DIRECTION('',(0.0,-1.0,0.0));
#22526=DIRECTION('',(0.0,1.0,0.0));
#22527=DIRECTION('',(0.0,0.0,1.0));
#22528=DIRECTION('',(0.181236627999094,0.966595349328268,0.181236627999094));
#22529=DIRECTION('',(-0.181236627999094,-0.966595349328268,0.181236627999094));
#22530=DIRECTION('',(0.0,0.0,-1.0));
#22531=DIRECTION('',(-1.0,0.0,0.0));
#22532=DIRECTION('',(0.0,0.0,1.0));
#22533=DIRECTION('',(-1.0,0.0,0.0));
#22534=DIRECTION('',(0.181236627999094,-0.966595349328268,-0.181236627999094));
#22535=DIRECTION('',(-1.0,0.0,0.0));
#22536=DIRECTION('',(0.0,1.0,0.0));
#22537=DIRECTION('',(0.0,1.0,0.0));
#22538=DIRECTION('',(-1.0,0.0,0.0));
#22539=DIRECTION('',(0.0,-1.0,0.0));
#22540=DIRECTION('',(0.0,0.0,1.0));
#22541=DIRECTION('',(0.0,-1.0,0.0));
#22542=DIRECTION('',(0.0,0.0,-1.0));
#22543=DIRECTION('',(-0.181236627999094,0.966595349328268,-0.181236627999094));
#22544=DIRECTION('',(-1.0,0.0,0.0));
#22545=DIRECTION('',(-1.0,0.0,0.0));
#22546=DIRECTION('',(-0.181236627999094,0.966595349328268,0.181236627999094));
#22547=DIRECTION('',(-1.0,0.0,0.0));
#22548=DIRECTION('',(0.181236627999094,0.966595349328268,0.181236627999094));
#22549=DIRECTION('',(-0.181236627999094,-0.966595349328268,0.181236627999094));
#22550=DIRECTION('',(0.0,0.0,-1.0));
#22551=DIRECTION('',(0.0,0.0,1.0));
#22552=DIRECTION('',(-1.0,0.0,0.0));
#22553=DIRECTION('',(-0.181236627999094,0.966595349328268,-0.181236627999094));
#22554=DIRECTION('',(0.0,1.0,0.0));
#22555=DIRECTION('',(0.0,-1.0,0.0));
#22556=DIRECTION('',(0.0,0.0,-1.0));
#22557=DIRECTION('',(0.0,-1.0,0.0));
#22558=DIRECTION('',(0.0,1.0,0.0));
#22559=DIRECTION('',(0.0,0.0,1.0));
#22560=DIRECTION('',(0.181236627999094,0.966595349328268,0.181236627999094));
#22561=DIRECTION('',(-0.181236627999094,-0.966595349328268,0.181236627999094));
#22562=DIRECTION('',(0.0,0.0,-1.0));
#22563=DIRECTION('',(-1.0,0.0,0.0));
#22564=DIRECTION('',(0.0,0.0,1.0));
#22565=DIRECTION('',(-1.0,0.0,0.0));
#22566=DIRECTION('',(0.181236627999094,-0.966595349328268,-0.181236627999094));
#22567=DIRECTION('',(-1.0,0.0,0.0));
#22568=DIRECTION('',(0.0,1.0,0.0));
#22569=DIRECTION('',(0.0,1.0,0.0));
#22570=DIRECTION('',(-1.0,0.0,0.0));
#22571=DIRECTION('',(0.0,-1.0,0.0));
#22572=DIRECTION('',(0.0,0.0,1.0));
#22573=DIRECTION('',(0.0,-1.0,0.0));
#22574=DIRECTION('',(0.0,0.0,-1.0));
#22575=DIRECTION('',(-0.181236627999094,0.966595349328268,-0.181236627999094));
#22576=DIRECTION('',(-1.0,0.0,0.0));
#22577=DIRECTION('',(-1.0,0.0,0.0));
#22578=DIRECTION('',(-0.181236627999094,0.966595349328268,0.181236627999094));
#22579=DIRECTION('',(-1.0,0.0,0.0));
#22580=DIRECTION('',(0.181236627999094,0.966595349328268,0.181236627999094));
#22581=DIRECTION('',(-0.181236627999094,-0.966595349328268,0.181236627999094));
#22582=DIRECTION('',(0.0,0.0,-1.0));
#22583=DIRECTION('',(0.0,0.0,1.0));
#22584=DIRECTION('',(-1.0,0.0,0.0));
#22585=DIRECTION('',(-0.181236627999094,0.966595349328268,-0.181236627999094));
#22586=DIRECTION('',(0.0,1.0,0.0));
#22587=DIRECTION('',(0.0,-1.0,0.0));
#22588=DIRECTION('',(0.0,0.0,-1.0));
#22589=DIRECTION('',(0.0,-1.0,0.0));
#22590=DIRECTION('',(0.0,1.0,0.0));
#22591=DIRECTION('',(0.0,0.0,1.0));
#22592=DIRECTION('',(0.181236627999094,0.966595349328268,0.181236627999094));
#22593=DIRECTION('',(-0.181236627999094,-0.966595349328268,0.181236627999094));
#22594=DIRECTION('',(0.0,0.0,-1.0));
#22595=DIRECTION('',(-1.0,0.0,0.0));
#22596=DIRECTION('',(0.0,0.0,1.0));
#22597=DIRECTION('',(-1.0,0.0,0.0));
#22598=DIRECTION('',(0.181236627999094,-0.966595349328268,-0.181236627999094));
#22599=DIRECTION('',(-1.0,0.0,0.0));
#22600=DIRECTION('',(0.0,1.0,0.0));
#22601=DIRECTION('',(0.0,1.0,0.0));
#22602=DIRECTION('',(-1.0,0.0,0.0));
#22603=DIRECTION('',(0.0,-1.0,0.0));
#22604=DIRECTION('',(0.0,0.0,1.0));
#22605=DIRECTION('',(0.0,-1.0,0.0));
#22606=DIRECTION('',(0.0,0.0,-1.0));
#22607=DIRECTION('',(-0.181236627999094,0.966595349328268,-0.181236627999094));
#22608=DIRECTION('',(-1.0,0.0,0.0));
#22609=DIRECTION('',(-1.0,0.0,0.0));
#22610=DIRECTION('',(-0.181236627999094,0.966595349328268,0.181236627999094));
#22611=DIRECTION('',(-1.0,0.0,0.0));
#22612=DIRECTION('',(0.181236627999094,0.966595349328268,0.181236627999094));
#22613=DIRECTION('',(-0.181236627999094,-0.966595349328268,0.181236627999094));
#22614=DIRECTION('',(0.0,0.0,-1.0));
#22615=DIRECTION('',(0.0,0.0,1.0));
#22616=DIRECTION('',(-1.0,0.0,0.0));
#22617=DIRECTION('',(-0.181236627999094,0.966595349328268,-0.181236627999094));
#22618=DIRECTION('',(0.0,1.0,0.0));
#22619=DIRECTION('',(0.0,-1.0,0.0));
#22620=DIRECTION('',(0.0,0.0,-1.0));
#22621=DIRECTION('',(0.0,-1.0,0.0));
#22622=DIRECTION('',(0.0,1.0,0.0));
#22623=DIRECTION('',(0.0,0.0,1.0));
#22624=DIRECTION('',(0.181236627999094,0.966595349328268,0.181236627999094));
#22625=DIRECTION('',(-0.181236627999094,-0.966595349328268,0.181236627999094));
#22626=DIRECTION('',(0.0,0.0,-1.0));
#22627=DIRECTION('',(-1.0,0.0,0.0));
#22628=DIRECTION('',(0.0,0.0,1.0));
#22629=DIRECTION('',(-1.0,0.0,0.0));
#22630=DIRECTION('',(0.181236627999094,-0.966595349328268,-0.181236627999094));
#22631=DIRECTION('',(-1.0,0.0,0.0));
#22632=DIRECTION('',(0.0,1.0,0.0));
#22633=DIRECTION('',(0.0,1.0,0.0));
#22634=DIRECTION('',(-1.0,0.0,0.0));
#22635=DIRECTION('',(0.0,-1.0,0.0));
#22636=DIRECTION('',(0.0,0.0,1.0));
#22637=DIRECTION('',(0.0,-1.0,0.0));
#22638=DIRECTION('',(0.0,0.0,-1.0));
#22639=DIRECTION('',(-0.181236627999094,0.966595349328268,-0.181236627999094));
#22640=DIRECTION('',(-1.0,0.0,0.0));
#22641=DIRECTION('',(-1.0,0.0,0.0));
#22642=DIRECTION('',(-0.181236627999094,0.966595349328268,0.181236627999094));
#22643=DIRECTION('',(-1.0,0.0,0.0));
#22644=DIRECTION('',(0.181236627999094,0.966595349328268,0.181236627999094));
#22645=DIRECTION('',(-0.181236627999094,-0.966595349328268,0.181236627999094));
#22646=DIRECTION('',(0.0,0.0,-1.0));
#22647=DIRECTION('',(0.0,0.0,1.0));
#22648=DIRECTION('',(-1.0,0.0,0.0));
#22649=DIRECTION('',(-0.181236627999094,0.966595349328268,-0.181236627999094));
#22650=DIRECTION('',(0.0,1.0,0.0));
#22651=DIRECTION('',(0.0,-1.0,0.0));
#22652=DIRECTION('',(0.0,0.0,-1.0));
#22653=DIRECTION('',(0.0,-1.0,0.0));
#22654=DIRECTION('',(0.0,1.0,0.0));
#22655=DIRECTION('',(0.0,0.0,1.0));
#22656=DIRECTION('',(0.181236627999094,0.966595349328268,0.181236627999094));
#22657=DIRECTION('',(-0.181236627999094,-0.966595349328268,0.181236627999094));
#22658=DIRECTION('',(0.0,0.0,-1.0));
#22659=DIRECTION('',(-1.0,0.0,0.0));
#22660=DIRECTION('',(0.0,0.0,1.0));
#22661=DIRECTION('',(-1.0,0.0,0.0));
#22662=DIRECTION('',(0.181236627999094,-0.966595349328268,-0.181236627999094));
#22663=DIRECTION('',(-1.0,0.0,0.0));
#22664=DIRECTION('',(0.0,1.0,0.0));
#22665=DIRECTION('',(0.0,1.0,0.0));
#22666=DIRECTION('',(-1.0,0.0,0.0));
#22667=DIRECTION('',(0.0,-1.0,0.0));
#22668=DIRECTION('',(0.0,0.0,1.0));
#22669=DIRECTION('',(0.0,-1.0,0.0));
#22670=DIRECTION('',(0.0,0.0,-1.0));
#22671=DIRECTION('',(-0.181236627999094,0.966595349328268,-0.181236627999094));
#22672=DIRECTION('',(-1.0,0.0,0.0));
#22673=DIRECTION('',(-1.0,0.0,0.0));
#22674=DIRECTION('',(-0.181236627999094,0.966595349328268,0.181236627999094));
#22675=DIRECTION('',(-1.0,0.0,0.0));
#22676=DIRECTION('',(0.181236627999094,0.966595349328268,0.181236627999094));
#22677=DIRECTION('',(-0.181236627999094,-0.966595349328268,0.181236627999094));
#22678=DIRECTION('',(0.0,0.0,-1.0));
#22679=DIRECTION('',(0.0,0.0,1.0));
#22680=DIRECTION('',(-1.0,0.0,0.0));
#22681=DIRECTION('',(-0.181236627999094,0.966595349328268,-0.181236627999094));
#22682=DIRECTION('',(0.0,1.0,0.0));
#22683=DIRECTION('',(0.0,-1.0,0.0));
#22684=DIRECTION('',(0.0,0.0,-1.0));
#22685=DIRECTION('',(0.0,-1.0,0.0));
#22686=DIRECTION('',(0.0,1.0,0.0));
#22687=DIRECTION('',(0.0,0.0,1.0));
#22688=DIRECTION('',(0.181236627999094,0.966595349328268,0.181236627999094));
#22689=DIRECTION('',(-0.181236627999094,-0.966595349328268,0.181236627999094));
#22690=DIRECTION('',(0.0,0.0,-1.0));
#22691=DIRECTION('',(-1.0,0.0,0.0));
#22692=DIRECTION('',(0.0,0.0,1.0));
#22693=DIRECTION('',(-1.0,0.0,0.0));
#22694=DIRECTION('',(0.181236627999094,-0.966595349328268,-0.181236627999094));
#22695=DIRECTION('',(-1.0,0.0,0.0));
#22696=DIRECTION('',(0.0,1.0,0.0));
#22697=DIRECTION('',(0.0,1.0,0.0));
#22698=DIRECTION('',(-1.0,0.0,0.0));
#22699=DIRECTION('',(0.0,-1.0,0.0));
#22700=DIRECTION('',(0.0,0.0,1.0));
#22701=DIRECTION('',(0.0,-1.0,0.0));
#22702=DIRECTION('',(0.0,0.0,-1.0));
#22703=DIRECTION('',(-0.181236627999094,0.966595349328268,-0.181236627999094));
#22704=DIRECTION('',(-1.0,0.0,0.0));
#22705=DIRECTION('',(-1.0,0.0,0.0));
#22706=DIRECTION('',(-0.181236627999094,0.966595349328268,0.181236627999094));
#22707=DIRECTION('',(-1.0,0.0,0.0));
#22708=DIRECTION('',(0.181236627999094,0.966595349328268,0.181236627999094));
#22709=DIRECTION('',(-0.181236627999094,-0.966595349328268,0.181236627999094));
#22710=DIRECTION('',(0.0,0.0,-1.0));
#22711=DIRECTION('',(0.0,0.0,1.0));
#22712=DIRECTION('',(-1.0,0.0,0.0));
#22713=DIRECTION('',(-0.181236627999094,0.966595349328268,-0.181236627999094));
#22714=DIRECTION('',(0.0,1.0,0.0));
#22715=DIRECTION('',(0.0,-1.0,0.0));
#22716=DIRECTION('',(0.0,0.0,-1.0));
#22717=DIRECTION('',(0.0,-1.0,0.0));
#22718=DIRECTION('',(0.0,1.0,0.0));
#22719=DIRECTION('',(0.0,0.0,1.0));
#22720=DIRECTION('',(0.181236627999094,0.966595349328268,0.181236627999094));
#22721=DIRECTION('',(-0.181236627999094,-0.966595349328268,0.181236627999094));
#22722=DIRECTION('',(0.0,0.0,-1.0));
#22723=DIRECTION('',(-1.0,0.0,0.0));
#22724=DIRECTION('',(0.0,0.0,1.0));
#22725=DIRECTION('',(-1.0,0.0,0.0));
#22726=DIRECTION('',(0.181236627999094,-0.966595349328268,-0.181236627999094));
#22727=DIRECTION('',(-1.0,0.0,0.0));
#22728=DIRECTION('',(0.0,1.0,0.0));
#22729=DIRECTION('',(0.0,1.0,0.0));
#22730=DIRECTION('',(-1.0,0.0,0.0));
#22731=DIRECTION('',(0.0,-1.0,0.0));
#22732=DIRECTION('',(0.0,0.0,1.0));
#22733=DIRECTION('',(0.0,-1.0,0.0));
#22734=DIRECTION('',(0.0,0.0,-1.0));
#22735=DIRECTION('',(-0.181236627999094,0.966595349328268,-0.181236627999094));
#22736=DIRECTION('',(-1.0,0.0,0.0));
#22737=DIRECTION('',(-1.0,0.0,0.0));
#22738=DIRECTION('',(-0.181236627999094,0.966595349328268,0.181236627999094));
#22739=DIRECTION('',(-1.0,0.0,0.0));
#22740=DIRECTION('',(0.181236627999094,0.966595349328268,0.181236627999094));
#22741=DIRECTION('',(-0.181236627999094,-0.966595349328268,0.181236627999094));
#22742=DIRECTION('',(0.0,0.0,-1.0));
#22743=DIRECTION('',(0.0,0.0,1.0));
#22744=DIRECTION('',(-1.0,0.0,0.0));
#22745=DIRECTION('',(-0.181236627999094,0.966595349328268,-0.181236627999094));
#22746=DIRECTION('',(0.0,1.0,0.0));
#22747=DIRECTION('',(0.0,-1.0,0.0));
#22748=DIRECTION('',(0.0,0.0,-1.0));
#22749=DIRECTION('',(0.0,-1.0,0.0));
#22750=DIRECTION('',(0.0,1.0,0.0));
#22751=DIRECTION('',(0.0,0.0,1.0));
#22752=DIRECTION('',(0.181236627999094,0.966595349328268,0.181236627999094));
#22753=DIRECTION('',(-0.181236627999094,-0.966595349328268,0.181236627999094));
#22754=DIRECTION('',(0.0,0.0,-1.0));
#22755=DIRECTION('',(-1.0,0.0,0.0));
#22756=DIRECTION('',(0.0,0.0,1.0));
#22757=DIRECTION('',(-1.0,0.0,0.0));
#22758=DIRECTION('',(0.181236627999094,-0.966595349328268,-0.181236627999094));
#22759=DIRECTION('',(-1.0,0.0,0.0));
#22760=DIRECTION('',(0.0,1.0,0.0));
#22761=DIRECTION('',(0.0,1.0,0.0));
#22762=DIRECTION('',(-1.0,0.0,0.0));
#22763=DIRECTION('',(0.0,-1.0,0.0));
#22764=DIRECTION('',(0.0,0.0,1.0));
#22765=DIRECTION('',(0.0,-1.0,0.0));
#22766=DIRECTION('',(0.0,0.0,-1.0));
#22767=DIRECTION('',(-0.181236627999094,0.966595349328268,-0.181236627999094));
#22768=DIRECTION('',(-1.0,0.0,0.0));
#22769=DIRECTION('',(-1.0,0.0,0.0));
#22770=DIRECTION('',(-0.181236627999094,0.966595349328268,0.181236627999094));
#22771=DIRECTION('',(-1.0,0.0,0.0));
#22772=DIRECTION('',(0.181236627999094,0.966595349328268,0.181236627999094));
#22773=DIRECTION('',(-0.181236627999094,-0.966595349328268,0.181236627999094));
#22774=DIRECTION('',(0.0,0.0,-1.0));
#22775=DIRECTION('',(0.0,0.0,1.0));
#22776=DIRECTION('',(-1.0,0.0,0.0));
#22777=DIRECTION('',(-0.181236627999094,0.966595349328268,-0.181236627999094));
#22778=DIRECTION('',(0.0,1.0,0.0));
#22779=DIRECTION('',(0.0,-1.0,0.0));
#22780=DIRECTION('',(0.0,0.0,-1.0));
#22781=DIRECTION('',(0.0,-1.0,0.0));
#22782=DIRECTION('',(0.0,1.0,0.0));
#22783=DIRECTION('',(0.0,0.0,1.0));
#22784=DIRECTION('',(0.181236627999094,0.966595349328268,0.181236627999094));
#22785=DIRECTION('',(-0.181236627999094,-0.966595349328268,0.181236627999094));
#22786=DIRECTION('',(-1.00929365875E-14,0.0,-1.0));
#22787=DIRECTION('',(-1.0,0.0,0.0));
#22788=DIRECTION('',(0.0,0.0,1.0));
#22789=DIRECTION('',(-1.0,0.0,0.0));
#22790=DIRECTION('',(0.181236627999094,-0.966595349328268,-0.181236627999094));
#22791=DIRECTION('',(-1.0,0.0,0.0));
#22792=DIRECTION('',(0.0,1.0,0.0));
#22793=DIRECTION('',(0.0,1.0,0.0));
#22794=DIRECTION('',(-1.0,0.0,0.0));
#22795=DIRECTION('',(0.0,-1.0,0.0));
#22796=DIRECTION('',(0.0,0.0,1.0));
#22797=DIRECTION('',(0.0,-1.0,0.0));
#22798=DIRECTION('',(0.0,0.0,-1.0));
#22799=DIRECTION('',(-0.181236627999094,0.966595349328268,-0.181236627999094));
#22800=DIRECTION('',(-1.0,0.0,0.0));
#22801=DIRECTION('',(-1.0,0.0,0.0));
#22802=DIRECTION('',(-0.181236627999094,0.966595349328268,0.181236627999094));
#22803=DIRECTION('',(-1.0,0.0,0.0));
#22804=DIRECTION('',(0.181236627999094,0.966595349328268,0.181236627999094));
#22805=DIRECTION('',(-0.181236627999094,-0.966595349328268,0.181236627999094));
#22806=DIRECTION('',(0.0,0.0,-1.0));
#22807=DIRECTION('',(0.0,0.0,1.0));
#22808=DIRECTION('',(-1.0,0.0,0.0));
#22809=DIRECTION('',(-0.181236627999094,0.966595349328268,-0.181236627999094));
#22810=DIRECTION('',(0.0,1.0,0.0));
#22811=DIRECTION('',(0.0,-1.0,0.0));
#22812=DIRECTION('',(0.0,0.0,-1.0));
#22813=DIRECTION('',(0.0,-1.0,0.0));
#22814=DIRECTION('',(0.0,1.0,0.0));
#22815=DIRECTION('',(0.0,0.0,1.0));
#22816=DIRECTION('',(0.181236627999094,0.966595349328268,0.181236627999094));
#22817=DIRECTION('',(-0.181236627999094,-0.966595349328268,0.181236627999094));
#22818=DIRECTION('',(0.0,0.0,-1.0));
#22819=DIRECTION('',(-1.0,0.0,0.0));
#22820=DIRECTION('',(0.0,0.0,1.0));
#22821=DIRECTION('',(-1.0,0.0,0.0));
#22822=DIRECTION('',(0.181236627999094,-0.966595349328268,-0.181236627999094));
#22823=DIRECTION('',(-1.0,0.0,0.0));
#22824=DIRECTION('',(0.0,1.0,0.0));
#22825=DIRECTION('',(0.0,1.0,0.0));
#22826=DIRECTION('',(-1.0,0.0,0.0));
#22827=DIRECTION('',(0.0,-1.0,0.0));
#22828=DIRECTION('',(0.0,0.0,1.0));
#22829=DIRECTION('',(0.0,-1.0,0.0));
#22830=DIRECTION('',(0.0,0.0,-1.0));
#22831=DIRECTION('',(-0.181236627999094,0.966595349328268,-0.181236627999094));
#22832=DIRECTION('',(-1.0,0.0,0.0));
#22833=DIRECTION('',(-1.0,0.0,0.0));
#22834=DIRECTION('',(-0.181236627999094,0.966595349328268,0.181236627999094));
#22835=DIRECTION('',(-1.0,0.0,0.0));
#22836=DIRECTION('',(0.181236627999094,0.966595349328268,0.181236627999094));
#22837=DIRECTION('',(-0.181236627999094,-0.966595349328268,0.181236627999094));
#22838=DIRECTION('',(0.0,0.0,-1.0));
#22839=DIRECTION('',(0.0,0.0,1.0));
#22840=DIRECTION('',(-1.0,0.0,0.0));
#22841=DIRECTION('',(-0.181236627999094,0.966595349328268,-0.181236627999094));
#22842=PRESENTATION_LAYER_ASSIGNMENT('','',(#26,#49,#50,#51,#52,#53,#54,#55,#56,#57,#58,#59,#60,#61,#62,#67,#68,#69,#70,#71,#72,#73,#74,#75,#76,#77,#78,#79,#80,#81,#82,#83,#84,#85,#86,#87,#88,#89,#90,#91,#92,#93,#94,#95,#96,#97,#98,#99,#100,#101,#102,#103,#104,#105,#106,#107,#108,#109,#110,#111,#112,#113,#114,#115,#116,#117,#118,#119,#120,#121,#122,#123,#124,#125,#126,#127,#128,#129,#130,#131,#132,#133,#134,#135,#136,#137,#138,#139,#140,#141,#142,#143,#144,#145,#146,#147,#148,#149,#150,#151,#152,#153,#154,#155,#156,#157,#158,#159,#160,#161,#162,#163,#164,#165,#166,#167,#168,#169,#170,#171,#172,#173,#174,#175,#176,#177,#178,#179,#180,#181,#182,#183,#184,#185,#186,#187,#188,#189,#190,#191,#192,#193,#194,#195,#196,#197,#198,#199,#200,#201,#202,#203,#204,#205,#206,#207,#208,#209,#210,#211,#212,#213,#214,#215,#216,#217,#218,#219,#220,#221,#222,#223,#224,#225,#226,#227,#228,#229,#230,#231,#232,#233,#234,#235,#236,#237,#238,#239,#240,#241,#242,#243,#244,#245,#246,#247,#248,#249,#250,#251,#252,#253,#254,#255,#256,#257,#258,#259,#260,#261,#262,#263,#264,#265,#266,#267,#268,#269,#270,#271,#272,#273,#274,#275,#276,#277,#278,#279,#280,#281,#282,#283,#284,#285,#286,#287,#288,#289,#290,#291,#292,#293,#294,#295,#296,#297,#298,#299,#300,#301,#302,#303,#304,#305,#306,#307,#308,#309,#310,#311,#312,#313,#314,#315,#316,#317,#318,#319,#320,#321,#322,#323,#324,#325,#326,#327,#328,#329,#330,#331,#332,#333,#334,#335,#336,#337,#338,#339,#340,#341,#342,#343,#344,#345,#346,#347,#348,#349,#350,#351,#352,#353,#354,#355,#356,#357,#358,#359,#360,#361,#362,#363,#364,#365,#366,#367,#368,#369,#370,#371,#372,#373,#374,#375,#376,#377,#378,#379,#380,#381,#382,#383,#384,#385,#386,#387,#388,#389,#390,#391,#392,#393,#394,#395,#396,#397,#398,#399,#400,#401,#402,#403,#404,#405,#406,#407,#408,#409,#410,#411,#412,#413,#414,#415,#416,#417,#418,#419,#420,#421,#422,#423,#424,#425,#426,#427,#428,#429,#430,#431,#432,#433,#434,#435,#436,#437,#438,#439,#440,#441,#442,#443,#444,#445,#446,#447,#448,#449,#450,#451,#452,#453,#454,#455,#456,#457,#458,#459,#460,#461,#462,#463,#464,#465,#466,#467,#468,#469,#470,#471,#472,#473,#474,#475,#476,#477,#478,#479,#480,#481,#482,#483,#484,#485,#486,#487,#488,#489,#490,#491,#492,#493,#494,#495,#496,#497,#498,#499,#500,#501,#502,#503,#504,#505,#506,#507,#508,#509,#510,#511,#512,#513,#514,#515,#516,#517,#518,#519,#520,#521,#522,#523,#524,#525,#526,#527,#528,#529,#530,#531,#532,#533,#534,#535,#536,#537,#538,#539,#540,#541,#542,#543,#544,#545,#546,#547,#548,#549,#550,#551,#552,#553,#554,#555,#556,#557,#558,#559,#560,#561,#562,#563,#564,#565,#566,#567,#568,#569,#570,#571,#572,#573,#574,#575,#576,#577,#578,#579,#580,#581,#582,#583,#584,#585,#586,#587,#588,#589,#590,#591,#592,#593,#594,#595,#596,#597,#598,#599,#600,#601,#602,#603,#604,#605,#606,#607,#608,#609,#610,#611,#612,#613,#614,#615,#616,#617,#618,#619,#620,#621,#622,#623,#624,#625,#626,#627,#628,#629,#630,#631,#632,#633,#634,#635,#636,#637,#638,#639,#640,#641,#642,#643,#644,#645,#646,#647,#648,#649,#650,#651,#652,#653,#654,#655,#656,#657,#658,#659,#660,#661,#662,#663,#664,#665,#666,#667,#668,#669,#670,#671,#672,#673,#674,#675,#676,#677,#678,#679,#680,#681,#682,#683,#684,#685,#686,#687,#688,#689,#690,#691,#692,#693,#694,#695,#696,#697,#698,#699,#700,#701,#702,#703,#704,#705,#706,#707,#708,#709,#710,#711,#712,#713,#714,#715,#716,#717,#718,#719,#720,#721,#722,#723,#724,#725,#726,#727,#728,#729,#730,#731,#732,#733,#734,#735,#736,#737,#738,#739,#740,#741,#742,#743,#744,#745,#746,#747,#748,#749,#750,#751,#752,#753,#754,#755,#756,#757,#758,#759,#760,#761,#762,#763,#764,#765,#766,#767,#768,#769,#770,#771,#772,#773,#774,#775,#776,#777,#778,#779,#780,#781,#782,#783,#784,#785,#786,#787,#788,#789,#790,#791,#792,#793,#794,#795,#796,#797,#798,#799,#800,#801,#802,#803,#804,#805,#806,#807,#808,#809,#810,#811,#812,#813,#814,#815,#816,#817,#818,#819,#820,#821,#822,#823,#824,#825,#826,#827,#828,#829,#830,#831,#832,#833,#834,#2480,#2481,#2482,#2483,#2484,#2485,#2486,#2487,#2488,#2489,#2490,#2491,#2492,#2493,#2494,#2495,#2496,#2497,#2498,#2499,#2500,#2501,#2502,#2503,#2504,#2505,#2506,#2507,#10369,#10370,#10371,#10373,#10374,#10375,#10377,#10378,#10379,#10381,#10382,#10383,#10385,#10386,#10387,#10389,#10390,#10391,#10393,#10394,#10395,#10397,#10398,#10399,#10401,#10402,#10403,#10405,#10406,#10407,#10409,#10410,#10411,#10413,#10414,#10415,#10417,#10418,#10419,#10421,#10422,#10423,#10425,#10426,#10427,#10429,#10430,#10431,#10433,#10434,#10435,#10437,#10438,#10439,#10441,#10442,#10443,#10445,#10446,#10447,#10449,#10450,#10451,#10453,#10454,#10455,#10457,#10458,#10459,#10461,#10462,#10463,#10465,#10466,#10467,#10469,#10470,#10471,#10473,#10474,#10475,#10477,#10478,#10479,#10480,#10481,#10482,#10483,#10484,#10485,#10486,#10487,#10488,#10489,#10490,#10491,#10492,#10493,#10494,#10495,#10496,#10497,#10498,#10499,#10500,#10501,#10502,#10503,#10504,#10505,#10506,#10507,#10508,#10509,#10510,#10511,#10512,#10513,#10514,#10515,#10516,#10517,#10518,#10519,#10520,#10521,#10522,#10523,#10524,#10525,#10526,#10527,#10528,#10529,#10530,#10531,#10532,#10533,#10534,#10535,#10536,#10537,#10538,#10539,#10540,#10541,#10542,#10543,#10544,#10545,#10546,#10547,#10548,#10549,#10550,#10551,#10552,#10553,#10554,#10555,#10556,#10557,#10558,#10559,#10560,#10561,#10562,#10563,#10564,#10565,#10566,#10567,#10568,#10569,#10570,#10571,#10572,#10573,#10574,#10575,#10576,#10577,#10578,#10579,#10580,#10581,#10582,#10583,#10584,#10585,#10586,#10587,#10588,#10589,#10590,#10591,#10592,#10593,#10594,#10595,#10596,#10597,#10598,#10599,#10600,#10601,#10602,#10603,#10604,#10605,#10606,#10607,#10608,#10609,#10610,#10611,#10612,#10613,#10614,#10615,#10616,#10617,#10618,#10619,#10620,#10621,#10622,#10623,#10624,#10625,#10626,#10627,#10628,#10629,#10630,#10631,#10632,#10633,#10634,#10635,#10636,#10637,#10638,#10639,#10640,#10641,#10642,#10643,#10644,#10645,#10646,#10647,#10648,#10649,#10650,#10651,#10652,#10653,#10654,#10655,#10656,#10657,#10658,#10659,#10660,#10661,#10662,#10663,#10664,#10665,#10666,#10667,#10668,#10669,#10670,#10671,#10672,#10673,#10674,#10675,#10676,#10677,#10678,#10679,#10680,#10681,#10682,#10683,#10684,#10685,#10686,#10687,#10688,#10689,#10690,#10691,#10692,#10693,#10694,#10695,#10696,#10697,#10698,#10699,#10700,#10701,#10702,#10703,#10704,#10705,#10706,#10707,#10708,#10709,#10710,#10711,#10712,#10713,#10714,#10715,#10716,#10717,#10718,#10719,#10720,#10721,#10722,#10723,#10724,#10725,#10726,#10727,#10728,#10729,#10730,#10731,#10732,#10733,#10734,#10735,#10736,#10737,#10738,#10739,#10740,#10741,#10742,#10743,#10744,#10745,#10746,#10747,#10748,#10749,#10750,#10751,#10752,#10753,#10754,#10755,#10756,#10757,#10758,#10759,#10760,#10761,#10762,#10763,#10764,#10765,#10766,#10767,#10768,#10769,#10770,#10771,#10772,#10773,#10774,#10775,#10776,#10777,#10778,#10779,#10780,#10781,#10782,#10783,#10784,#10785,#10786,#10787,#10788,#10789,#10790,#10791,#10792,#10793,#10794,#10795,#10796,#10797,#10798,#10799,#10800,#10801,#10802,#10803,#10804,#10805,#10806,#10807,#10808,#10809,#10810,#10811,#10812,#10813,#10814,#10815,#10816,#10817,#10818,#10819,#10820,#10821,#10822,#10823,#10824,#10825,#10826,#10827,#10828,#10829,#10830,#10831,#10832,#10833,#10834,#10835,#10836,#10837,#10838,#10839,#10840,#10841,#10842,#10843,#10844,#10845,#10846,#10847,#10848,#10849,#10850,#10851,#10852,#10853,#10854,#10855,#10856,#10857,#10858,#10859,#10860,#10861,#10862,#10863,#10864,#10865,#10866,#10867,#10868,#10869,#10870,#10871,#10872,#10873,#10874,#10875,#10876,#10877,#10878,#10879,#10880,#10881,#10882,#10883,#10884,#10885,#10886,#10887,#10888,#10889,#10890,#10891,#10892,#10893,#10894,#10895,#10896,#10897,#10898,#10899,#10900,#10901,#10902,#10903,#10904,#10905,#10906,#10907,#10908,#10909,#10910,#10911,#10912,#10913,#10914,#10915,#10916,#10917,#10918,#10919,#10920,#10921,#10922,#10923,#10924,#10925,#10926,#10927,#10928,#10929,#10930,#10931,#10932,#10933,#10934,#10935,#10936,#10937,#10938,#10939,#10940,#10941,#10942,#10943,#10944,#10945,#10946,#10947,#10948,#10949,#10950,#10951,#10952,#10953,#10954,#10955,#10956,#10957,#10958,#10959,#10960,#10961,#10962,#10963,#10964,#10965,#10966,#10967,#10968,#10969,#10970,#10971,#10972,#10973,#10974,#10975,#10976,#10977,#10978,#10979,#10980,#10981,#10982,#10983,#10984,#10985,#10986,#10987,#10988,#10989,#10990,#10991,#10992,#10993,#10994,#10995,#10996,#10997,#10998,#10999,#11000,#11001,#11002,#11003,#11004,#11005,#11006,#11007,#11008,#11009,#11010,#11011,#11012,#11013,#11014,#11015,#11016,#11017,#11018,#11019,#11020,#11021,#11022,#11023,#11024,#11025,#11026,#11027,#11028,#11029,#11030,#11031,#11032,#11033,#11034,#11035,#11036,#11037,#11038,#11039,#11040,#11041,#11042,#11043,#11044,#11045,#11046,#11047,#11048,#11049,#11050,#11051,#11052,#11053,#11054,#11055,#11056,#11057,#11058,#11059,#11060,#11061,#11062,#11063,#11064,#11065,#11066,#11067,#11068,#11069,#11070,#11071,#11072,#11073,#11074,#11075,#11076,#11077,#11078,#11079,#11080,#11081,#11082,#11083,#11084,#11085,#11086,#11087,#11088,#11089,#11090,#11091,#11092,#11093,#11094,#11095,#11096,#11097,#11098,#11099,#11100,#11101,#11102,#11103,#11104,#11105,#11106,#11107,#11108,#11109,#11110,#11111,#11112,#11113,#11114,#11115,#11116,#11117,#11118,#11119,#11120,#11121,#11122,#11123,#11124,#11125,#11126,#11127,#11128,#11129,#11130,#11131,#11132,#11133,#11134,#11135,#11136,#11137,#11138,#11139,#11140,#11141,#11142,#11143,#11144,#11145,#11146,#11147,#11148,#11149,#11150,#11151,#11152,#11153,#11154,#11155,#11156,#11157,#11158,#11159,#11160,#11161,#11162,#11163,#11164,#11165,#11166,#11167,#11168,#11169,#11170,#11171,#11172,#11173,#11174,#11175,#11176,#11177,#11178,#11179,#11180,#11181,#11182,#11183,#11184,#11185,#11186,#11187,#11188,#11189,#11190,#11191,#11192,#11193,#11194,#11195,#11196,#11197,#11198,#11199,#11200,#11201,#11202,#11203,#11204,#11205,#11206,#11207,#11208,#11209,#11210,#11211,#11212,#11213,#11214,#11215,#11216,#11217,#11218,#11219,#11220,#11221,#11222,#11223,#11224,#11225,#11226,#11227,#11228,#11229,#11230,#11231,#11232,#11233,#11234,#11235,#11236,#11237,#11238,#11239,#11240,#11241,#11242,#11243,#11244,#11245,#11246,#11247,#11248,#11249,#11250,#11251,#11252,#11253,#11254,#11255,#11256,#11257,#11258,#11259,#11260,#11261,#11262,#11263,#11264,#11265,#11266,#11267,#11268,#11269,#11270,#11271,#11272,#11273,#11274,#11275,#11276,#11277,#11278,#11279,#11280,#11281,#11282,#11283,#11284,#11285,#11286,#11287,#11288,#11289,#11290,#11291,#11292,#11293,#11294,#11295,#11296,#11297,#11298,#11299,#11300,#11301,#11302,#11303,#11304,#11305,#11306,#11307,#11308,#11309,#11310,#11311,#11312,#11313,#11314,#11315,#11316,#11317,#11318,#11319,#11320,#11321,#11322,#11323,#11324,#11325,#11326,#11327,#11328,#11329,#11330,#11331,#11332,#11333,#11334,#11335,#11336,#11337,#11338,#11339,#11340,#11341,#11342,#11343,#11344,#11345,#11346,#11347,#11348,#11349,#11350,#11351,#11352,#11353,#11354,#11355,#11356,#11357,#11358,#11359,#11360,#11361,#11362,#11363,#11364,#11365,#11366,#11367,#11368,#11369,#11370,#11371,#11372,#11373,#11374,#11375,#11376,#11377,#11378,#11379,#11380,#11381,#11382,#11383,#11384,#11385,#11386,#11387,#11388,#11389,#11390,#11391,#11392,#11393,#11394,#11395,#11396,#11397,#11398,#11399,#11400,#11401,#11402,#11403,#11404,#11405,#11406,#11407,#11408,#11409,#11410,#11411,#11412,#11413,#11414,#11415,#11416,#11417,#11418,#11419,#11420,#11421,#11422,#11423,#11424,#11425,#11426,#11427,#11428,#11429,#11430,#11431,#11432,#11433,#11434,#11435,#11436,#11437,#11438,#11439,#11440,#11441,#11442,#11443,#11444,#11445,#11446,#11447,#11448,#11449,#11450,#11451,#11452,#11453,#11454,#11455,#11456,#11457,#11458,#11459,#11460,#11461,#11462,#11463,#11464,#11465,#11466,#11467,#11468,#11469,#11470,#11471,#11472,#11473,#11474,#11475,#11476,#11477,#11478,#11479,#11480,#11481,#11482,#11483,#11484,#11485,#11486,#11487,#11488,#11489,#11490,#11491,#11492,#11493,#11494,#11495,#11496,#11497,#11498,#11499,#11500,#11501,#11502,#11503,#11504,#11505,#11506,#11507,#11508,#11509,#11510,#11511,#11512,#11513,#11514,#11515,#11516,#11517,#11518,#11519,#11520,#11521,#11522,#11523,#11524,#11525,#11526,#11527,#11528,#11529,#11530,#11531,#11532,#11533,#11534,#11535,#11536,#11537,#11538,#11539,#11540,#11541,#11542,#11543,#11544,#11545,#11546,#11547,#11548,#11549,#11550,#11551,#11552,#11553,#11554,#11555,#11556,#11557,#11558,#11559,#11560,#11561,#11562,#11563,#11564,#11565,#11566,#11567,#11568,#11569,#11570,#11571,#11572,#11573,#11574,#11575,#11576,#11577,#11578,#11579,#11580,#11581,#11582,#11583,#11584,#11585,#11586,#11587,#11588,#11589,#11590,#11591,#11592,#11593,#11594,#11595,#11596,#11597,#11598,#11599,#11600,#11601,#11602,#11603,#11604,#11605,#11606,#11607,#11608,#11609,#11610,#11611,#11612,#11613,#11614,#11615,#11616,#11617,#11618,#11619,#11620,#11621,#11622,#11623,#11624,#11625,#11626,#11627,#11628,#11629,#11630,#11631,#11632,#11633,#11634,#11635,#11636,#11637,#11638,#11639,#11640,#11641,#11642,#11643,#11644,#11645,#11646,#11647,#11648,#11649,#11650,#11651,#11652,#11653,#11654,#11655,#11656,#11657,#11658,#11659,#11660,#11661,#11662,#11663,#11664,#11665,#11666,#11667,#11668,#11669,#11670,#11671,#11672,#11673,#11674,#11675,#11676,#11677,#11678,#11679,#11680,#11681,#11682,#11683,#11684,#11685,#11686,#11687,#11688,#11689,#11690,#11691,#11692,#11693,#11694,#11695,#11696,#11697,#11698,#11699,#11700,#11701,#11702,#11703,#11704,#11705,#11706,#11707,#11708,#11709,#11710,#11711,#11712,#11713,#11714,#11715,#11716,#11717,#11718,#11719,#11720,#11721,#11722,#11723,#11724,#11725,#11726,#11727,#11728,#11729,#11730,#11731,#11732,#11733,#11734,#11735,#11736,#11737,#11738,#11739,#11740,#11741,#11742,#11743,#11744,#11745,#11746,#11747,#11748,#11749,#11750,#11751,#11752,#11753,#11754,#11755,#11756,#11757,#11758,#11759,#11760,#11761,#11762,#11763,#11764,#11765,#11766,#11767,#11768,#11769,#11770,#11771,#11772,#11773,#11774,#11775,#11776,#11777,#11778,#11779,#11780,#11781,#11782,#11783,#11784,#11785,#11786,#11787,#11788,#11789,#11790,#11791,#11792,#11793,#11794,#11795,#11796,#11797,#11798,#11799,#11800,#11801,#11802,#11803,#11804,#11805,#11806,#11807,#11808,#11809,#11810,#11811,#11812,#11813,#11814,#11815,#11816,#11817,#11818,#11819,#11820,#11821,#11822,#11823,#11824,#11825,#11826,#11827,#11828,#11829,#11830,#11831,#11832,#11833,#11834,#11835,#11836,#11837,#11838,#11839,#11840,#11841,#11842,#11843,#11844,#11845,#11846,#11847,#11848,#11849,#11850,#11851,#11852,#11853,#11854,#11855,#11856,#11857,#11858,#11859,#11860,#11861,#11862,#11863,#11864,#11865,#11866,#11867,#11868,#11869,#11870,#11871,#11872,#11873,#11874,#11875,#11876,#11877,#11878,#11879,#11880,#11881,#11882,#11883,#11884,#11885,#11886,#11887,#11888,#11889,#11890,#11891,#11892,#11893,#11894,#11895,#11896,#11897,#11898,#11899,#11900,#11901,#11902,#11903,#11904,#11905,#11906,#11907,#11908,#11909,#11910,#11911,#11912,#11913,#11914,#11915,#11916,#11917,#11918,#11919,#11920,#11921,#11922,#11923,#11924,#11925,#11926,#11927,#11928,#11929,#11930,#11931,#11932,#11933,#11934,#11935,#11936,#11937,#11938,#11939,#11940,#11941,#11942,#11943,#11944,#11945,#11946,#11947,#11948,#11949,#11950,#11951,#11952,#11953,#11954,#11955,#11956,#11957,#11958,#11959,#11960,#11961,#11962,#11963,#11964,#11965,#11966,#11967,#11968,#11969,#11970,#11971,#11972,#11973,#11974,#11975,#11976,#11977,#11978,#11979,#11980,#11981,#11982,#11983,#11984,#11985,#11986,#11987,#11988,#11989,#11990,#11991,#11992,#11993,#11994,#11995,#11996,#11997,#11998,#11999,#12000,#12001,#12002,#12003,#12004,#12005,#12006,#12007,#12008,#12009,#12010,#12011,#12012,#12013,#12014,#12015,#12016,#12017,#12018,#12019,#12020,#12021,#12022,#12023,#12024,#12025,#12026,#12027,#12028,#12029,#12030,#12031,#12032,#12033,#12034,#12035,#12036,#12037,#12038,#12039,#12040,#12041,#12042,#12043,#12044,#12045,#12046,#12047,#12048,#12049,#12050,#12051,#12052,#12053,#12054,#12055,#12056,#12057,#12058,#12059,#12060,#12061,#12062,#12063,#12064,#12065,#12066,#12067,#12068,#12069,#12070,#12071,#12072,#12073,#12074,#12075,#12076,#12077,#12078,#12079,#12080,#12081,#12082,#12083,#12084,#12085,#12086,#12087,#12088,#12089,#12090,#12091,#12092,#12093,#12094,#12095,#12096,#12097,#12098,#12099,#12100,#12101,#12102,#12103,#12104,#12105,#12106,#12107,#12108,#12109,#12110,#12111,#12112,#12113,#12114,#12115,#12116,#12117,#12118,#12119,#12120,#12121,#12122,#12123,#12124,#12125,#12126,#12127,#12128,#12129,#12130,#12131,#12132,#12133,#12134,#12135,#12136,#12137,#12138,#12139,#12140,#12141,#12142,#12143,#12144,#12145,#12146,#12147,#12148,#12149,#12150,#12151,#12152,#12153,#12154,#12155,#12156,#12157,#12158,#12159,#12160,#12161,#12162,#12163,#12164,#12165,#12166,#12167,#12168,#12169,#12170,#12171,#12172,#12173,#12174,#12175,#12176,#12177,#12178,#12179,#12180,#12181,#12182,#12183,#12184,#12185,#12186,#12187,#12188,#12189,#12190,#12191,#12192,#12193,#12194,#12195,#12196,#12197,#12198,#12199,#12200,#12201,#12202,#12203,#12204,#12205,#12206,#12207,#12208,#12209,#12210,#12211,#12212,#12213,#12214,#12215,#12216,#12217,#12218,#12219,#12220,#12221,#12222,#12223,#12224,#12225,#12226,#12227,#12228,#12229,#12230,#12231,#12232,#12233,#12234,#12235,#12236,#12237,#12238,#12239,#12240,#12241,#12242,#12243,#12244,#12245,#12246,#12247,#12248,#12249,#12250,#12251,#12252,#12253,#12254,#12255,#12256,#12257,#12258,#12259,#12260,#12261,#12262,#12263,#12264,#12265,#12266,#12267,#12268,#12269,#12270,#12271,#12272,#12273,#12274,#12275,#12276,#12277,#12278,#12279,#12280,#12281,#12282,#12283,#12284,#12285,#12286,#12287,#12288,#12289,#12290,#12291,#12292,#12293,#12294,#12295,#12296,#12297,#12298,#12299,#12300,#12301,#12302,#12303,#12304,#12305,#12306,#12307,#12308,#12309,#12397,#12399,#12405,#12407,#12413,#12415,#12421,#12423,#12429,#12431,#12437,#12439,#12445,#12447,#12453,#12455,#12461,#12463,#12469,#12471,#12477,#12479,#12485,#12487,#12493,#12495,#12501,#12503,#12509,#12511,#12517,#12519,#12525,#12527,#12533,#12535,#12541,#12543,#12549,#12551,#12557,#12559,#12565,#12567,#12573,#12575,#12581,#12583,#12589,#12591,#12597,#12599,#12605,#12607,#12613,#12615,#12618,#12619,#12621,#12623,#12625,#12627,#12630,#12631,#12633,#12635,#12637,#12639,#12642,#12643,#12645,#12647,#12649,#12651,#12653,#12655,#12657,#12659,#12661,#12663,#12665,#12667,#12669,#12671,#12673,#12675,#12677,#12679,#12681,#12683,#12685,#12687,#12689,#12691,#12693,#12695,#12697,#12699,#12701,#12703,#12705,#12707,#12709,#12711,#12713,#12715,#12717,#12719,#12721,#12723,#12725,#12727,#12729,#12731,#12733,#12736,#12738,#12741,#12744,#12746,#12748,#12750,#12752,#12754,#12756,#12758,#12760,#12762,#12764,#12766,#12768,#12770,#12772,#12774,#12776,#12778,#12780,#12782,#12784,#12786,#12788,#12790,#12792,#12794,#12796,#12798,#12800,#12802,#12804,#12806,#12808,#12810,#12812,#12814,#12816,#12818,#12820,#12822,#12824,#12826,#12828,#12830,#12832,#12834,#12836,#12838,#12841,#12843,#12846,#12847,#12849,#12852,#12854,#12857,#12858,#12860,#12863,#12865,#12868,#12869,#12871,#12874,#12876,#12879,#12880,#12882,#12885,#12887,#12890,#12891,#12893,#12896,#12898,#12901,#12902,#12904,#12907,#12909,#12912,#12913,#12915,#12918,#12920,#12923,#12924,#12926,#12929,#12931,#12934,#12935,#12937,#12940,#12942,#12945,#12946,#12948,#12951,#12953,#12956,#12957,#12959,#12962,#12964,#12967,#12968,#12970,#12973,#12975,#12978,#12979,#12981,#12984,#12986,#12989,#12990,#12992,#12994,#12997,#13000,#13001,#13003,#13005,#13008,#13011,#13012,#13014,#13016,#13019,#13022,#13023,#13025,#13027,#13030,#13033,#13034,#13036,#13038,#13041,#13044,#13045,#13047,#13049,#13052,#13055,#13056,#13058,#13060,#13063,#13066,#13067,#13069,#13071,#13074,#13077,#13078,#13080,#13082,#13085,#13088,#13089,#13091,#13093,#13096,#13099,#13100,#13102,#13104,#13107,#13110,#13111,#13113,#13115,#13118,#13121,#13122,#13124,#13126,#13129,#13132,#13133,#13135,#13137,#13140,#13141,#13143,#13145,#13148,#13149,#13151,#13153,#13156,#13157,#13159,#13161,#13164,#13165,#13167,#13169,#13172,#13173,#13175,#13177,#13180,#13181,#13183,#13185,#13188,#13189,#13191,#13193,#13196,#13197,#13199,#13201,#13204,#13205,#13207,#13209,#13212,#13213,#13215,#13217,#13220,#13221,#13223,#13225,#13228,#13229,#13231,#13233,#13236,#13237,#13239,#13241,#13244,#13245,#13249,#13252,#13253,#13257,#13259,#13262,#13263,#13267,#13269,#13272,#13273,#13277,#13279,#13282,#13283,#13287,#13289,#13292,#13293,#13297,#13299,#13302,#13303,#13307,#13309,#13312,#13313,#13317,#13319,#13322,#13323,#13327,#13329,#13332,#13333,#13337,#13339,#13342,#13343,#13347,#13349,#13352,#13353,#13357,#13359,#13362,#13363,#13367,#13369,#13372,#13373,#13377,#13379,#13382,#13385,#13387,#13391,#13392,#13397,#13399,#13401,#13405,#13406,#13409,#13413,#13415,#13417,#13421,#13422,#13425,#13429,#13431,#13433,#13437,#13438,#13441,#13445,#13447,#13449,#13453,#13454,#13457,#13461,#13463,#13465,#13469,#13470,#13473,#13477,#13479,#13481,#13485,#13486,#13489,#13493,#13495,#13497,#13501,#13502,#13505,#13509,#13511,#13513,#13517,#13518,#13521,#13525,#13527,#13529,#13533,#13534,#13537,#13541,#13543,#13545,#13549,#13550,#13553,#13557,#13559,#13561,#13565,#13566,#13569,#13573,#13575,#13577,#13581,#13582,#13585,#13589,#13591,#13593,#13597,#13598,#13601,#13687,#13689,#13691,#13693,#13695,#13697,#13700,#13703,#13706,#13709,#13711,#13714,#13715,#13719,#13720,#13724,#13725,#13729,#13730,#13734,#13735,#13739,#13740,#13744,#13745,#13749,#13750,#13754,#13755,#13759,#13760,#13764,#13765,#13769,#13770,#13774,#13777,#13779,#13781,#13783,#13785,#13787,#13789,#13791,#13793,#13795,#13797,#13799,#13801,#13803,#13805,#13807,#13809,#13811,#13813,#13815,#13817,#13819,#13821,#13823,#13825,#13827,#13829,#13831,#13833,#13835,#13837,#13839,#13841,#13843,#13845,#13847,#13849,#13851,#13853,#13855,#13857,#13859,#13861,#13863,#13865,#13868,#13870,#13872,#13874,#13877,#13879,#13882,#13885,#13888,#13891,#13894,#13897,#13900,#13903,#13906,#13909,#13912,#13915,#13918,#13921,#13923,#13925,#13927,#13930,#13931,#13933,#13935,#13937,#13939,#13942,#13943,#13945,#13947,#13949,#13951,#13954,#13955,#13957,#13959,#13961,#13963,#13966,#13967,#13969,#13971,#13973,#13975,#13978,#13979,#13981,#13983,#13985,#13987,#13990,#13991,#13993,#13995,#13997,#13999,#14002,#14003,#14005,#14007,#14009,#14011,#14014,#14015,#14017,#14019,#14021,#14023,#14026,#14027,#14029,#14031,#14033,#14035,#14038,#14039,#14041,#14043,#14045,#14047,#14050,#14051,#14053,#14055,#14057,#14059,#14062,#14063,#14065,#14067,#14069,#14071,#14074,#14075,#14077,#14079,#14081,#14083,#14086,#14087,#14089,#14091,#14093,#14095,#14098,#14099,#14101,#14103,#14105,#14107,#14110,#14111,#14113,#14115,#14117,#14119,#14122,#14123,#14125,#14127,#14129,#14131,#14134,#14135,#14137,#14139,#14141,#14143,#14146,#14147,#14149,#14151,#14153,#14155,#14158,#14159,#14161,#14163,#14165,#14167,#14170,#14171,#14173,#14175,#14177,#14179,#14182,#14183,#14185,#14187,#14189,#14191,#14194,#14195,#14197,#14199,#14201,#14203,#14206,#14207,#14209,#14211,#14213,#14215,#14218,#14219,#14221,#14223,#14225,#14227,#14230,#14231,#14233,#14235,#14237,#14239,#14242,#14243,#14245,#14247,#14250,#14251,#14253,#14255,#14258,#14259,#14261,#14263,#14266,#14267,#14269,#14271,#14274,#14275,#14277,#14279,#14282,#14283,#14285,#14287,#14290,#14291,#14293,#14295,#14298,#14299,#14301,#14303,#14306,#14307,#14309,#14311,#14314,#14315,#14317,#14319,#14322,#14323,#14325,#14327,#14330,#14331,#14333,#14335,#14338,#14339,#14341,#14343,#14346,#14347,#14349,#14351,#14354,#14357,#14359,#14362,#14364,#14367,#14368,#14372,#14374,#14377,#14378,#14382,#14384,#14387,#14388,#14392,#14394,#14397,#14398,#14402,#14404,#14407,#14408,#14412,#14414,#14417,#14418,#14422,#14424,#14427,#14428,#14432,#14434,#14437,#14438,#14442,#14444,#14447,#14448,#14452,#14454,#14457,#14458,#14462,#14464,#14467,#14468,#14472,#14474,#14477,#14478,#14482,#14485,#14486,#14490,#14492,#14494,#14497,#14498,#14500,#14503,#14506,#14508,#14510,#14512,#14515,#14516,#14519,#14521,#14524,#14526,#14528,#14530,#14533,#14534,#14537,#14539,#14542,#14544,#14546,#14548,#14551,#14552,#14555,#14557,#14560,#14562,#14564,#14566,#14569,#14570,#14573,#14575,#14578,#14580,#14582,#14584,#14587,#14588,#14591,#14593,#14596,#14598,#14600,#14602,#14605,#14606,#14609,#14611,#14614,#14616,#14618,#14620,#14623,#14624,#14627,#14629,#14632,#14634,#14636,#14638,#14641,#14642,#14645,#14647,#14650,#14652,#14654,#14656,#14659,#14660,#14663,#14665,#14668,#14670,#14672,#14674,#14677,#14678,#14681,#14683,#14686,#14688,#14690,#14692,#14695,#14696,#14699,#14701,#14704,#14706,#14708,#14710,#14713,#14714,#14717,#14719,#14722,#14724,#14726,#14729,#14730,#14733,#14735,#14862,#14865,#14867,#14870,#14920,#14922,#14925,#14927,#14930,#14932,#14935,#14937,#14940,#14944,#14947,#14950,#14956,#14958,#14961,#14964,#14968,#14970,#14973,#14975,#14978,#14980,#14983,#14985,#14988,#14992,#14995,#14998,#15004,#15006,#15009,#15012,#15016,#15018,#15021,#15023,#15026,#15028,#15031,#15033,#15036,#15040,#15043,#15046,#15052,#15054,#15057,#15060,#15064,#15066,#15069,#15071,#15074,#15076,#15079,#15081,#15084,#15088,#15091,#15094,#15100,#15102,#15105,#15108,#15112,#15114,#15117,#15119,#15122,#15124,#15127,#15129,#15132,#15136,#15139,#15142,#15148,#15150,#15153,#15156,#15160,#15162,#15165,#15167,#15170,#15172,#15175,#15177,#15180,#15184,#15187,#15190,#15196,#15198,#15201,#15204,#15208,#15210,#15213,#15215,#15218,#15220,#15223,#15225,#15228,#15232,#15235,#15238,#15244,#15246,#15249,#15252,#15256,#15258,#15261,#15263,#15266,#15268,#15271,#15273,#15276,#15280,#15283,#15286,#15292,#15294,#15297,#15300,#15304,#15306,#15309,#15311,#15314,#15316,#15319,#15321,#15324,#15328,#15331,#15334,#15340,#15342,#15345,#15348,#15352,#15354,#15357,#15359,#15362,#15364,#15367,#15369,#15372,#15376,#15379,#15382,#15388,#15390,#15393,#15396,#15400,#15402,#15405,#15407,#15410,#15412,#15415,#15417,#15420,#15424,#15427,#15430,#15436,#15438,#15441,#15444,#15448,#15450,#15453,#15455,#15458,#15460,#15463,#15465,#15468,#15472,#15475,#15478,#15484,#15486,#15489,#15492,#15496,#15498,#15501,#15503,#15506,#15508,#15511,#15513,#15516,#15520,#15523,#15526,#15532,#15534,#15537,#15540,#15544,#15546,#15549,#15551,#15554,#15556,#15559,#15561,#15564,#15568,#15571,#15574,#15580,#15582,#15585,#15588));
ENDSEC;
END-ISO-10303-21;
